faq_id,faq_type,intent,category,question,question_variants,answer,security_notice,source_url,confidence_score,validation_status
Q001,FAQ publiée,paiement_online,Moov Money Online,Qu’est-ce que Moov Money Online ?,Qu’est-ce que Moov Money Online ? | qu’est-ce que moov money online  ?,Un service permettant de payer sur un site marchand partenaire avec son compte Moov Money.,,https://moovmoney.ga/moov-money-online-client/,0.65,À valider
Q002,FAQ publiée,paiement_online,Moov Money Online,Comment ouvrir un compte Moov Money ?,Comment ouvrir un compte Moov Money ? | comment ouvrir un compte moov money  ?,"Le site renvoie vers une agence ou un revendeur agréé, ainsi que vers le parcours de création en ligne.",,https://moovmoney.ga/moov-money-online-client/,0.65,À valider
Q003,FAQ publiée,paiement_online,Moov Money Online,Le compte doit-il être actif ?,Le compte doit-il être actif ? | Le compte doit-il etre actif ? | le compte doit-il être actif  ?,"Oui, le compte utilisé pour le paiement doit être actif.","Never request or disclose a PIN, password, OTP, or biometric data. The user must verify transaction details and confirm only through the secure Moov Money flow.",https://moovmoney.ga/moov-money-online-client/,0.65,À valider
Q004,FAQ publiée,paiement_online,Moov Money Online,Comment valider un achat en ligne ?,Comment valider un achat en ligne ? | comment valider un achat en ligne  ?,"Choisir Moov Money, renseigner son numéro, recevoir la demande de confirmation et saisir son code PIN.","Never request or disclose a PIN, password, OTP, or biometric data. The user must verify transaction details and confirm only through the secure Moov Money flow.",https://moovmoney.ga/moov-money-online-client/,0.65,À valider
Q005,FAQ publiée,paiement_online,Moov Money Online,Peut-on payer sur un site international ?,Peut-on payer sur un site international ? | peut-on payer sur un site international  ?,Oui lorsque le site ou le marchand est un partenaire agréé du service.,,https://moovmoney.ga/moov-money-online-client/,0.65,À valider
Q006,FAQ publiée,paiement_online,Moov Money Online,Pourquoi un paiement est-il refusé ?,Pourquoi un paiement est-il refusé ? | Pourquoi un paiement est-il refuse ? | pourquoi un paiement est-il refusé  ?,Le site mentionne notamment un solde insuffisant et recommande de contacter le centre d’appel.,"Never request or disclose a PIN, password, OTP, or biometric data. The user must verify transaction details and confirm only through the secure Moov Money flow.",https://moovmoney.ga/moov-money-online-client/,0.65,À valider
Q007,FAQ publiée,paiement_online,Moov Money Online,Qui gère la livraison ?,Qui gère la livraison ? | Qui gere la livraison ? | qui gère la livraison  ?,La livraison dépend du marchand et de ses propres conditions.,,https://moovmoney.ga/moov-money-online-client/,0.65,À valider
Q008,FAQ publiée,paiement_payxpress,PayXpress,Qu’est-ce que PayXpress ?,Qu’est-ce que PayXpress ? | qu’est-ce que payxpress  ?,Un service de paiement électronique où le marchand initie la demande et le client confirme.,"Never request or disclose a PIN, password, OTP, or biometric data. The user must verify transaction details and confirm only through the secure Moov Money flow.",https://moovmoney.ga/payxpress-client/,0.65,À valider
Q009,FAQ publiée,paiement_payxpress,PayXpress,Doit-on composer *555# pour payer ?,Doit-on composer *555# pour payer ? | doit-on composer *555# pour payer  ?,"Non, le parcours PayXpress est conçu sans saisie d’un code USSD par le client.",,https://moovmoney.ga/payxpress-client/,0.65,À valider
Q010,FAQ publiée,paiement_payxpress,PayXpress,Comment sécuriser le paiement ?,Comment sécuriser le paiement ? | Comment securiser le paiement ? | comment sécuriser le paiement  ?,Le client confirme la transaction sur son téléphone avec son code PIN Moov Money.,"Never request or disclose a PIN, password, OTP, or biometric data. The user must verify transaction details and confirm only through the secure Moov Money flow.",https://moovmoney.ga/payxpress-client/,0.65,À valider
Q011,QA dérivée,faq_compte,Compte,Comment changer mon mot de passe temporaire ?,Comment changer mon mot de passe temporaire ? | comment changer mon mot de passe temporaire  ?,Composez *555# et utilisez la fonction de changement de mot de passe.,"Never request or disclose a PIN, password, OTP, or biometric data. The user must verify transaction details and confirm only through the secure Moov Money flow.",https://moovmoney.ga/devenir-client/,0.65,À valider
Q012,QA dérivée,faq_compte,Compte,Puis-je ouvrir mon compte en ligne ?,Puis-je ouvrir mon compte en ligne ? | puis-je ouvrir mon compte en ligne  ?,"Oui, le site prévoit un parcours en ligne pour une SIM Moov identifiée au nom de l’utilisateur.",,https://moovmoney.ga/devenir-client/,0.65,À valider
Q013,QA dérivée,faq_compte,Compte,Quels documents sont nécessaires pour devenir client ?,Quels documents sont nécessaires pour devenir client ? | Quels documents sont necessaires pour devenir client ? | quels documents sont nécessaires pour devenir client  ?,Une pièce d’identité et une SIM identifiée sont demandées selon le parcours.,,https://moovmoney.ga/devenir-client/,0.65,À valider
Q014,QA dérivée,faq_transfert,Transfert,Comment envoyer de l’argent au Gabon ?,Comment envoyer de l’argent au Gabon ? | comment envoyer de l’argent au gabon  ?,"Utilisez le menu Transfert via *555# ou l’application, puis renseignez le bénéficiaire, le montant et le PIN.","Never request or disclose a PIN, password, OTP, or biometric data. The user must verify transaction details and confirm only through the secure Moov Money flow.",https://moovmoney.ga/services/transfert-national/,0.65,À valider
Q015,QA dérivée,faq_transfert,Transfert,Quel est le montant maximal d’un transfert ?,Quel est le montant maximal d’un transfert ? | quel est le montant maximal d’un transfert  ?,La grille publique indique 1 000 000 FCFA par opération.,"Never request or disclose a PIN, password, OTP, or biometric data. The user must verify transaction details and confirm only through the secure Moov Money flow.",https://moovmoney.ga/services/transfert-national/,0.65,À valider
Q016,QA dérivée,depot_argent,Dépôt,Le dépôt d’argent est-il payant ?,Le dépôt d’argent est-il payant ? | Le depot d’argent est-il payant ? | le dépôt d’argent est-il payant  ?,"Non, la grille tarifaire publique l’annonce gratuit.",,https://moovmoney.ga/services/depot/,0.65,À valider
Q017,QA dérivée,retrait_argent,Retrait,Combien coûte un retrait ?,Combien coûte un retrait ? | Combien coute un retrait ? | combien coûte un retrait  ?,"3% jusqu’à 160 000 FCFA, puis 5 000 FCFA par tranche publiée jusqu’à 500 000 FCFA.","Never request or disclose a PIN, password, OTP, or biometric data. The user must verify transaction details and confirm only through the secure Moov Money flow.",https://moovmoney.ga/grille-tarifaire-client/,0.65,À valider
Q018,QA dérivée,retrait_argent,Retrait,Quel est le retrait maximal par opération ?,Quel est le retrait maximal par opération ? | Quel est le retrait maximal par operation ? | quel est le retrait maximal par opération  ?,500 000 FCFA selon la grille publique.,"Never request or disclose a PIN, password, OTP, or biometric data. The user must verify transaction details and confirm only through the secure Moov Money flow.",https://moovmoney.ga/grille-tarifaire-client/,0.65,À valider
Q019,QA dérivée,faq_credit,Crédit,Puis-je recharger un autre numéro ?,Puis-je recharger un autre numéro ? | Puis-je recharger un autre numero ? | puis-je recharger un autre numéro  ?,"Oui, le parcours permet de choisir son propre numéro ou celui d’un tiers.",,https://moovmoney.ga/services/recharges/,0.65,À valider
Q020,QA dérivée,faq_forfaits,Forfaits,Quel code permet d’acheter un forfait ?,Quel code permet d’acheter un forfait ? | quel code permet d’acheter un forfait  ?,"Le site indique *555*4#, l’application MyMoov et l’e-catalogue.",,https://moovmoney.ga/services/achat-de-forfait/,0.65,À valider
Q021,QA dérivée,faq_forfaits,Forfaits,Quel est le pass data le moins cher ?,Quel est le pass data le moins cher ? | quel est le pass data le moins cher  ?,"200 MB à 100 FCFA, valable une heure.",,https://moovmoney.ga/services/achat-de-forfait/,0.65,À valider
Q022,QA dérivée,faq_forfaits,Forfaits,Quel est le plus grand pass data publié ?,Quel est le plus grand pass data publié ? | Quel est le plus grand pass data publie ? | quel est le plus grand pass data publié  ?,"30 GB à 10 000 FCFA, valable 30 jours.",,https://moovmoney.ga/services/achat-de-forfait/,0.65,À valider
Q023,QA dérivée,acheter_forfait_voix,Forfaits,Quel est le pass voix à 500 FCFA ?,Quel est le pass voix à 500 FCFA ? | Quel est le pass voix a 500 FCFA ? | quel est le pass voix à 500 fcfa  ?,"90 minutes, valables un jour.",,https://moovmoney.ga/services/achat-de-forfait/,0.65,À valider
Q024,QA dérivée,payer_seeg_edan,SEEG,Puis-je payer la SEEG avec Moov Money ?,Puis-je payer la SEEG avec Moov Money ? | puis-je payer la seeg avec moov money  ?,"Oui, via *555*6# ou l’application.",,https://moovmoney.ga/services/paiement-seeg-et-edan/,0.65,À valider
Q025,QA dérivée,payer_seeg_edan,SEEG,Combien coûte le paiement d’une facture SEEG ?,Combien coûte le paiement d’une facture SEEG ? | Combien coute le paiement d’une facture SEEG ? | combien coûte le paiement d’une facture seeg  ?,La grille publique affiche 500 FCFA.,"Never request or disclose a PIN, password, OTP, or biometric data. The user must verify transaction details and confirm only through the secure Moov Money flow.",https://moovmoney.ga/services/paiement-seeg-et-edan/,0.65,À valider
Q026,QA dérivée,payer_gabon_telecom,Gabon Telecom,Quelles factures Gabon Telecom sont prises en charge ?,Quelles factures Gabon Telecom sont prises en charge ? | quelles factures gabon telecom sont prises en charge  ?,"Le site cite ADSL, DUO et Fibre.",,https://moovmoney.ga/services/facture-gabon-telecom/,0.65,À valider
Q027,QA dérivée,payer_canal,TV,Le réabonnement Canal+ est-il payant ?,Le réabonnement Canal+ est-il payant ? | Le reabonnement Canal+ est-il payant ? | le réabonnement canal+ est-il payant  ?,La grille publique indique que le service est gratuit.,,https://moovmoney.ga/services/canal-et-satcon/,0.65,À valider
Q028,QA dérivée,payer_canal,TV,Puis-je payer SATCON ?,Puis-je payer SATCON ? | puis-je payer satcon  ?,"Oui, via le menu Paiement ou l’application.","Never request or disclose a PIN, password, OTP, or biometric data. The user must verify transaction details and confirm only through the secure Moov Money flow.",https://moovmoney.ga/services/canal-et-satcon/,0.65,À valider
Q029,QA dérivée,payer_campus_france,Campus France,Quel montant dois-je payer pour Campus France ?,Quel montant dois-je payer pour Campus France ? | quel montant dois-je payer pour campus france  ?,La page du service annonce 80 000 FCFA de frais de dossier.,,https://moovmoney.ga/services/campus-france/,0.65,À valider
Q030,QA dérivée,payer_campus_france,Campus France,Quels sont les frais de service Campus France ?,Quels sont les frais de service Campus France ? | quels sont les frais de service campus france  ?,Le site est incohérent: 450 FCFA sur la page du service et 350 FCFA dans la grille tarifaire. Une confirmation Moov Money est nécessaire.,,https://moovmoney.ga/services/campus-france/,0.65,À valider
Q031,QA dérivée,payer_campus_france,Campus France,Quand le paiement est-il validé ?,Quand le paiement est-il validé ? | Quand le paiement est-il valide ? | quand le paiement est-il validé  ?,La page annonce une validation par Campus France dans un délai pouvant aller jusqu’à 72 heures.,"Never request or disclose a PIN, password, OTP, or biometric data. The user must verify transaction details and confirm only through the secure Moov Money flow.",https://moovmoney.ga/services/campus-france/,0.65,À valider
Q032,QA dérivée,faq_gimacpay,GIMACPAY,Dans quels pays puis-je transférer via GIMACPAY ?,Dans quels pays puis-je transférer via GIMACPAY ? | Dans quels pays puis-je transferer via GIMACPAY ? | dans quels pays puis-je transférer via gimacpay  ?,"Gabon, Cameroun, Congo, Tchad, République centrafricaine et Guinée équatoriale.",,https://moovmoney.ga/services/transfert-international/,0.65,À valider
Q033,QA dérivée,faq_gimacpay,GIMACPAY,Comment faire un transfert CEMAC ?,Comment faire un transfert CEMAC ? | comment faire un transfert cemac  ?,"Choisissez GIMACPAY, Transfert, Transfert CEMAC, puis le pays, l’opérateur, le numéro et le montant.","Never request or disclose a PIN, password, OTP, or biometric data. The user must verify transaction details and confirm only through the secure Moov Money flow.",https://moovmoney.ga/services/transfert-international/,0.65,À valider
Q034,QA dérivée,faq_remittence,Rémittence,Puis-je recevoir de l’argent depuis l’étranger ?,Puis-je recevoir de l’argent depuis l’étranger ? | Puis-je recevoir de l’argent depuis l’etranger ? | puis-je recevoir de l’argent depuis l’étranger  ?,"Oui, depuis les partenaires de rémittence listés par GIMACPAY.",,https://moovmoney.ga/services/remittence-entrante/,0.65,À valider
Q035,QA dérivée,faq_remittence,Rémittence,La réception de rémittence est-elle payante ?,La réception de rémittence est-elle payante ? | La reception de remittence est-elle payante ? | la réception de rémittence est-elle payante  ?,Le site l’annonce gratuite pour le receveur.,,https://moovmoney.ga/services/remittence-entrante/,0.65,À valider
Q036,QA dérivée,banking_uba,Banking,Puis-je relier mon compte UBA à Moov Money ?,Puis-je relier mon compte UBA à Moov Money ? | Puis-je relier mon compte UBA a Moov Money ? | puis-je relier mon compte uba à moov money  ?,"Oui, si le compte UBA et le wallet appartiennent au même particulier et utilisent le numéro enregistré.",,https://moovmoney.ga/moov-money-uba/,0.65,À valider
Q037,QA dérivée,banking_uba,Banking,Comment activer Moov Money Banking avec UBA ?,Comment activer Moov Money Banking avec UBA ? | comment activer moov money banking avec uba  ?,"En agence UBA avec formulaire et pièce d’identité, ou par auto-enrôlement via l’application UBA.","Never request or disclose a PIN, password, OTP, or biometric data. The user must verify transaction details and confirm only through the secure Moov Money flow.",https://moovmoney.ga/moov-money-uba/,0.65,À valider
Q038,QA dérivée,banking_uba,Banking,Combien coûte un transfert de Moov Money vers UBA ?,Combien coûte un transfert de Moov Money vers UBA ? | Combien coute un transfert de Moov Money vers UBA ? | combien coûte un transfert de moov money vers uba  ?,"3% de 1 000 à 160 000 FCFA, puis 5 000 FCFA jusqu’à 500 000 FCFA.","Never request or disclose a PIN, password, OTP, or biometric data. The user must verify transaction details and confirm only through the secure Moov Money flow.",https://moovmoney.ga/moov-money-uba/,0.65,À valider
Q039,QA dérivée,banking_uba,Banking,Combien coûte un transfert UBA vers Moov Money ?,Combien coûte un transfert UBA vers Moov Money ? | Combien coute un transfert UBA vers Moov Money ? | combien coûte un transfert uba vers moov money  ?,La grille publique indique 500 FCFA.,"Never request or disclose a PIN, password, OTP, or biometric data. The user must verify transaction details and confirm only through the secure Moov Money flow.",https://moovmoney.ga/moov-money-uba/,0.65,À valider
Q040,QA dérivée,carte_visa,Visa,Faut-il un compte bancaire classique pour la carte Visa Moov Money ?,Faut-il un compte bancaire classique pour la carte Visa Moov Money ? | faut-il un compte bancaire classique pour la carte visa moov money  ?,"Non, la carte est prépayée et liée au compte Moov Money.","Never request or disclose a PIN, password, OTP, or biometric data. The user must verify transaction details and confirm only through the secure Moov Money flow.",https://moovmoney.ga/carte-visa-uba-moov-money/,0.65,À valider
Q041,QA dérivée,carte_visa,Visa,Quel code donne accès à la carte Visa ?,Quel code donne accès à la carte Visa ? | Quel code donne acces a la carte Visa ? | quel code donne accès à la carte visa  ?,Le site indique *555*8*1#.,"Never request or disclose a PIN, password, OTP, or biometric data. The user must verify transaction details and confirm only through the secure Moov Money flow.",https://moovmoney.ga/carte-visa-uba-moov-money/,0.65,À valider
Q042,QA dérivée,retrait_argent,Visa,Combien coûte un retrait sur un GAB UBA ?,Combien coûte un retrait sur un GAB UBA ? | Combien coute un retrait sur un GAB UBA ? | combien coûte un retrait sur un gab uba  ?,Le retrait sur GAB UBA est annoncé gratuit.,"Never request or disclose a PIN, password, OTP, or biometric data. The user must verify transaction details and confirm only through the secure Moov Money flow.",https://moovmoney.ga/carte-visa-uba-moov-money/,0.65,À valider
Q043,QA dérivée,banking_uba,Visa,Combien coûte un achat internet international ?,Combien coûte un achat internet international ? | Combien coute un achat internet international ? | combien coûte un achat internet international  ?,"4,5% du montant selon la grille de la carte.","Never request or disclose a PIN, password, OTP, or biometric data. The user must verify transaction details and confirm only through the secure Moov Money flow.",https://moovmoney.ga/carte-visa-uba-moov-money/,0.65,À valider
Q044,QA dérivée,faq_bgfi,BGFI,Puis-je retirer sans carte chez BGFIBank ?,Puis-je retirer sans carte chez BGFIBank ? | puis-je retirer sans carte chez bgfibank  ?,"Oui, via le service Moov Money Banking dans le réseau de GAB BGFI.","Never request or disclose a PIN, password, OTP, or biometric data. The user must verify transaction details and confirm only through the secure Moov Money flow.",https://moovmoney.ga/moov-money-banking/,0.65,À valider
Q045,QA dérivée,retrait_argent,BGFI,Combien coûte le retrait BGFI ?,Combien coûte le retrait BGFI ? | Combien coute le retrait BGFI ? | combien coûte le retrait bgfi  ?,3% de 5 000 à 165 000 FCFA puis 5 000 FCFA au-delà.,"Never request or disclose a PIN, password, OTP, or biometric data. The user must verify transaction details and confirm only through the secure Moov Money flow.",https://moovmoney.ga/moov-money-banking/,0.65,À valider
Q046,QA dérivée,devenir_marchand,Marchand,Comment devenir marchand standard ?,Comment devenir marchand standard ? | comment devenir marchand standard  ?,"Se rapprocher de la Division vente au CENACOM, constituer le dossier et obtenir une SIM liée à un code marchand.",,https://moovmoney.ga/devenir-marchand/,0.65,À valider
Q047,QA dérivée,devenir_marchand,Marchand,Comment payer un marchand standard ?,Comment payer un marchand standard ? | comment payer un marchand standard  ?,"Choisir Paiement puis Marchand, saisir le code marchand, le montant et le PIN.","Never request or disclose a PIN, password, OTP, or biometric data. The user must verify transaction details and confirm only through the secure Moov Money flow.",https://moovmoney.ga/devenir-marchand/,0.65,À valider
Q048,QA dérivée,depot_argent,Revendeur,Quels documents faut-il pour devenir revendeur ?,Quels documents faut-il pour devenir revendeur ? | quels documents faut-il pour devenir revendeur  ?,"Une pièce d’identité, la fiche circuit de l’activité, un contrat signé et un dépôt initial.",,https://moovmoney.ga/devenir-revendeur/,0.65,À valider
Q049,QA dérivée,devenir_revendeur_plus,Revendeur,Qu’est-ce qu’un Revendeur Plus ?,Qu’est-ce qu’un Revendeur Plus ? | qu’est-ce qu’un revendeur plus  ?,"Un revendeur bénéficiant d’une facilité d’approvisionnement en UV garantie, annoncée jusqu’à 500 000 FCFA.",,https://moovmoney.ga/devenir-revendeur/,0.65,À valider
Q050,QA dérivée,devenir_revendeur_plus,Revendeur,Quel code utilise le Revendeur Plus ?,Quel code utilise le Revendeur Plus ? | quel code utilise le revendeur plus  ?,Le site indique *650# pour demander un approvisionnement automatique.,,https://moovmoney.ga/devenir-revendeur/,0.65,À valider
Q051,QA dérivée,devenir_revendeur,Revendeur,Comment approvisionner un compte revendeur chez BGFIBank ?,Comment approvisionner un compte revendeur chez BGFIBank ? | comment approvisionner un compte revendeur chez bgfibank  ?,"Présentez-vous en agence, renseignez le bordereau et votre numéro Moov Money dans le motif; l’agence vérifie puis crédite le compte.",,https://moovmoney.ga/devenir-revendeur/,0.65,À valider
Q052,QA dérivée,faq_support,Support,Quel est le numéro de contact Moov Money SA ?,Quel est le numéro de contact Moov Money SA ? | Quel est le numero de contact Moov Money SA ? | quel est le numéro de contact moov money sa  ?,+241 11 79 22 00 est affiché dans le pied de page du site.,,https://moovmoney.ga/contact/,0.65,À valider
Q053,QA dérivée,faq_support,Support,Quel est l’e-mail général Moov Money ?,Quel est l’e-mail général Moov Money ? | Quel est l’e-mail general Moov Money ? | quel est l’e-mail général moov money  ?,contact@moovmoney.ga est affiché dans le pied de page; une autre adresse apparaît sur la page Contact.,,https://moovmoney.ga/contact/,0.65,À valider
FAQ0054,Derived from official page,activer_compte,Compte,Comment fonctionne Création/activation du compte ?,Comment utiliser Création/activation du compte ? | Comment fonctionne Création/activation du compte ? | Je veux utiliser Création/activation du compte,"Ouvrir ou activer un compte lié à une SIM Moov identifiée. Canaux : En ligne, agence, distributeur agréé. Accès : *555# pour modifier le mot de passe temporaire. Conditions : Pièce d’identité; SIM au nom du client.",,https://moovmoney.ga/devenir-client/,0.82,Derived Q&A — validate
FAQ0055,Derived from official page,transfert_national,Transfert,Comment fonctionne Transfert national ?,Comment utiliser Transfert national ? | Comment fonctionne Transfert national ? | Je veux utiliser Transfert national,Envoyer de l’argent à un autre numéro au Gabon. Canaux : USSD; application. Accès : *555#. Conditions : Solde suffisant; numéro destinataire.,"Never request or disclose a PIN, password, OTP, or biometric data. The user must verify transaction details and confirm only through the secure Moov Money flow.",https://moovmoney.ga/services/transfert-national/,0.82,Derived Q&A — validate
FAQ0056,Derived from official page,depot_argent,Dépôt,Comment fonctionne Dépôt d’espèces ?,Comment utiliser Dépôt d’espèces ? | Comment fonctionne Dépôt d’espèces ? | Je veux utiliser Dépôt d’espèces,Convertir des espèces en unités de valeur sur le compte. Canaux : Agent; agence; kiosque. Accès : Opération initiée par l’agent. Conditions : Compte actif.,,https://moovmoney.ga/services/depot/,0.82,Derived Q&A — validate
FAQ0057,Derived from official page,retrait_argent,Retrait,Comment fonctionne Retrait d’espèces ?,Comment utiliser Retrait d’espèces ? | Comment fonctionne Retrait d’espèces ? | Je veux utiliser Retrait d’espèces,Retirer des espèces chez un agent/revendeur. Canaux : USSD; application. Accès : *555#. Conditions : Compte actif; code agent; solde suffisant.,"Never request or disclose a PIN, password, OTP, or biometric data. The user must verify transaction details and confirm only through the secure Moov Money flow.",https://moovmoney.ga/services/retrait/,0.82,Derived Q&A — validate
FAQ0058,Derived from official page,telecom,Télécom,Comment fonctionne Achat de crédit ?,Comment utiliser Achat de crédit ? | Comment fonctionne Achat de crédit ? | Je veux utiliser Achat de crédit,Acheter du crédit pour son numéro ou un tiers. Canaux : USSD; application. Accès : *555#. Conditions : Compte actif.,,https://moovmoney.ga/services/recharges/,0.82,Derived Q&A — validate
FAQ0059,Derived from official page,acheter_forfait_data,Télécom,Comment fonctionne Achat de forfait data ?,Comment utiliser Achat de forfait data ? | Comment fonctionne Achat de forfait data ? | Je veux utiliser Achat de forfait data,Acheter un pass internet pour mobile ou SpeedBox. Canaux : USSD; application; e-catalogue. Accès : *555*4#. Conditions : Compte actif.,,https://moovmoney.ga/services/achat-de-forfait/,0.82,Derived Q&A — validate
FAQ0060,Derived from official page,acheter_forfait_voix,Télécom,Comment fonctionne Achat de forfait voix ?,Comment utiliser Achat de forfait voix ? | Comment fonctionne Achat de forfait voix ? | Je veux utiliser Achat de forfait voix,Acheter un pass voix pour soi ou un tiers. Canaux : USSD; application; e-catalogue. Accès : *555*4#. Conditions : Compte actif.,,https://moovmoney.ga/services/achat-de-forfait/,0.82,Derived Q&A — validate
FAQ0061,Derived from official page,payer_seeg_edan,Factures,Comment fonctionne Paiement SEEG/EDAN ?,Comment utiliser Paiement SEEG/EDAN ? | Comment fonctionne Paiement SEEG/EDAN ? | Je veux utiliser Paiement SEEG/EDAN,Payer une facture ou acheter des unités MobileDan. Canaux : USSD; application. Accès : *555*6#. Conditions : Référence/compteur; compte actif.,"Never request or disclose a PIN, password, OTP, or biometric data. The user must verify transaction details and confirm only through the secure Moov Money flow.",https://moovmoney.ga/services/paiement-seeg-et-edan/,0.82,Derived Q&A — validate
FAQ0062,Derived from official page,payer_gabon_telecom,Factures,Comment fonctionne Paiement Gabon Telecom ?,Comment utiliser Paiement Gabon Telecom ? | Comment fonctionne Paiement Gabon Telecom ? | Je veux utiliser Paiement Gabon Telecom,"Payer ADSL, DUO ou Fibre. Canaux : USSD; application. Accès : *555#. Conditions : Numéro fixe ou référence client.","Never request or disclose a PIN, password, OTP, or biometric data. The user must verify transaction details and confirm only through the secure Moov Money flow.",https://moovmoney.ga/services/facture-gabon-telecom/,0.82,Derived Q&A — validate
FAQ0063,Derived from official page,payer_canal,TV,Comment fonctionne Réabonnement Canal+ ?,Comment utiliser Réabonnement Canal+ ? | Comment fonctionne Réabonnement Canal+ ? | Je veux utiliser Réabonnement Canal+,Renouveler un abonnement Canal+. Canaux : USSD; application. Accès : *555*5#. Conditions : Numéro de carte/abonné.,,https://moovmoney.ga/services/canal-et-satcon/,0.82,Derived Q&A — validate
FAQ0064,Derived from official page,payer_canal,TV,Comment fonctionne Réabonnement SATCON ?,Comment utiliser Réabonnement SATCON ? | Comment fonctionne Réabonnement SATCON ? | Je veux utiliser Réabonnement SATCON,Renouveler un abonnement SATCON. Canaux : USSD; application. Accès : *555*5#. Conditions : Numéro de carte/abonné.,,https://moovmoney.ga/services/canal-et-satcon/,0.82,Derived Q&A — validate
FAQ0065,Derived from official page,payer_campus_france,Éducation,Comment fonctionne Paiement Campus France ?,Comment utiliser Paiement Campus France ? | Comment fonctionne Paiement Campus France ? | Je veux utiliser Paiement Campus France,Payer les frais de dossier Campus France. Canaux : USSD; application. Accès : *555# > Paiement > Campus France. Conditions : Numéro de dossier.,"Never request or disclose a PIN, password, OTP, or biometric data. The user must verify transaction details and confirm only through the secure Moov Money flow.",https://moovmoney.ga/services/campus-france/,0.82,Derived Q&A — validate
FAQ0066,Derived from official page,paiement_online,E-commerce,Comment fonctionne Moov Money Online ?,Comment utiliser Moov Money Online ? | Comment fonctionne Moov Money Online ? | Je veux utiliser Moov Money Online,Payer chez un marchand web partenaire. Canaux : Site marchand; validation mobile. Accès : Aucun code USSD requis au checkout. Conditions : Compte actif; numéro Moov Money.,"Never request or disclose a PIN, password, OTP, or biometric data. The user must verify transaction details and confirm only through the secure Moov Money flow.",https://moovmoney.ga/moov-money-online-client/,0.82,Derived Q&A — validate
FAQ0067,Derived from official page,paiement_payxpress,Paiement,Comment fonctionne PayXpress ?,Comment utiliser PayXpress ? | Comment fonctionne PayXpress ? | Je veux utiliser PayXpress,Payer chez un marchand sans composer de code USSD. Canaux : Interface marchand; mobile du client. Accès : Aucun code USSD requis. Conditions : Compte actif; solde suffisant.,"Never request or disclose a PIN, password, OTP, or biometric data. The user must verify transaction details and confirm only through the secure Moov Money flow.",https://moovmoney.ga/payxpress-client/,0.82,Derived Q&A — validate
FAQ0068,Derived from official page,devenir_marchand,Marchand,Comment fonctionne Paiement marchand standard ?,Comment utiliser Paiement marchand standard ? | Comment fonctionne Paiement marchand standard ? | Je veux utiliser Paiement marchand standard,Payer un marchand à partir de son code marchand. Canaux : USSD; application. Accès : *555#. Conditions : Code marchand; montant.,"Never request or disclose a PIN, password, OTP, or biometric data. The user must verify transaction details and confirm only through the secure Moov Money flow.",https://moovmoney.ga/marchand/standards-et-partenaires/,0.82,Derived Q&A — validate
FAQ0069,Derived from official page,transfert_cemac,Interopérabilité,Comment fonctionne Transfert CEMAC GIMACPAY ?,Comment utiliser Transfert CEMAC GIMACPAY ? | Comment fonctionne Transfert CEMAC GIMACPAY ? | Je veux utiliser Transfert CEMAC GIMACPAY,"Envoyer de l’argent vers un opérateur membre dans la CEMAC. Canaux : USSD; application. Accès : *555# > GIMACPAY. Conditions : Pays, opérateur, numéro destinataire.","Never request or disclose a PIN, password, OTP, or biometric data. The user must verify transaction details and confirm only through the secure Moov Money flow.",https://moovmoney.ga/services/transfert-international/,0.82,Derived Q&A — validate
FAQ0070,Derived from official page,interoperabilite,Interopérabilité,Comment fonctionne Rémittence entrante ?,Comment utiliser Rémittence entrante ? | Comment fonctionne Rémittence entrante ? | Je veux utiliser Rémittence entrante,Recevoir automatiquement un transfert international partenaire. Canaux : Réception automatique. Accès : Aucun. Conditions : Compte Moov Money valide.,"Never request or disclose a PIN, password, OTP, or biometric data. The user must verify transaction details and confirm only through the secure Moov Money flow.",https://moovmoney.ga/services/remittence-entrante/,0.82,Derived Q&A — validate
FAQ0071,Derived from official page,devenir_marchand,Interopérabilité,Comment fonctionne Paiement marchand GIMACPAY ?,Comment utiliser Paiement marchand GIMACPAY ? | Comment fonctionne Paiement marchand GIMACPAY ? | Je veux utiliser Paiement marchand GIMACPAY,Payer un marchand membre du réseau GIMACPAY. Canaux : Selon partenaire. Accès : GIMACPAY. Conditions : Compte actif.,"Never request or disclose a PIN, password, OTP, or biometric data. The user must verify transaction details and confirm only through the secure Moov Money flow.",https://moovmoney.ga/services/interoperabilite-gimacpay/,0.82,Derived Q&A — validate
FAQ0072,Derived from official page,retrait_argent,Interopérabilité,Comment fonctionne Retrait GAB GIMACPAY ?,Comment utiliser Retrait GAB GIMACPAY ? | Comment fonctionne Retrait GAB GIMACPAY ? | Je veux utiliser Retrait GAB GIMACPAY,Retirer auprès d’un GAB membre du réseau. Canaux : GAB partenaire. Accès : GIMACPAY. Conditions : Compte actif.,"Never request or disclose a PIN, password, OTP, or biometric data. The user must verify transaction details and confirm only through the secure Moov Money flow.",https://moovmoney.ga/services/interoperabilite-gimacpay/,0.82,Derived Q&A — validate
FAQ0073,Derived from official page,banking_uba,Banking,Comment fonctionne Transfert Moov Money vers UBA ?,Comment utiliser Transfert Moov Money vers UBA ? | Comment fonctionne Transfert Moov Money vers UBA ? | Je veux utiliser Transfert Moov Money vers UBA,Transférer du wallet vers compte ou carte UBA. Canaux : USSD/application selon parcours. Accès : Moov Money Banking. Conditions : Comptes rattachés et même titulaire.,"Never request or disclose a PIN, password, OTP, or biometric data. The user must verify transaction details and confirm only through the secure Moov Money flow.",https://moovmoney.ga/moov-money-uba/,0.82,Derived Q&A — validate
FAQ0074,Derived from official page,banking_uba,Banking,Comment fonctionne Transfert UBA vers Moov Money ?,Comment utiliser Transfert UBA vers Moov Money ? | Comment fonctionne Transfert UBA vers Moov Money ? | Je veux utiliser Transfert UBA vers Moov Money,Transférer depuis UBA vers le wallet. Canaux : UBA Mobile/App ou service rattaché. Accès : Moov Money Banking. Conditions : Comptes rattachés.,"Never request or disclose a PIN, password, OTP, or biometric data. The user must verify transaction details and confirm only through the secure Moov Money flow.",https://moovmoney.ga/moov-money-uba/,0.82,Derived Q&A — validate
FAQ0075,Derived from official page,banking_uba,Banking,Comment fonctionne Consultation UBA ?,Comment utiliser Consultation UBA ? | Comment fonctionne Consultation UBA ? | Je veux utiliser Consultation UBA,Consulter solde et dernières opérations UBA. Canaux : Téléphone/mobile. Accès : Moov Money Banking. Conditions : Enrôlement préalable.,,https://moovmoney.ga/moov-money-uba/,0.82,Derived Q&A — validate
FAQ0076,Derived from official page,carte_visa,Banking,Comment fonctionne Carte Visa Moov Money ?,Comment utiliser Carte Visa Moov Money ? | Comment fonctionne Carte Visa Moov Money ? | Je veux utiliser Carte Visa Moov Money,"Payer, retirer et acheter en ligne avec une carte prépayée liée. Canaux : Application; USSD; réseau Visa. Accès : *555*8*1#. Conditions : Compte Moov Money et carte liée.","Never request or disclose a PIN, password, OTP, or biometric data. The user must verify transaction details and confirm only through the secure Moov Money flow.",https://moovmoney.ga/carte-visa-uba-moov-money/,0.82,Derived Q&A — validate
FAQ0077,Derived from official page,retrait_argent,Banking,Comment fonctionne Retrait sans carte BGFIBank ?,Comment utiliser Retrait sans carte BGFIBank ? | Comment fonctionne Retrait sans carte BGFIBank ? | Je veux utiliser Retrait sans carte BGFIBank,Retirer des espèces sur un GAB BGFI sans carte. Canaux : USSD; application; GAB. Accès : *555# > Ma Banque > BGFI. Conditions : Compte actif; montant.,"Never request or disclose a PIN, password, OTP, or biometric data. The user must verify transaction details and confirm only through the secure Moov Money flow.",https://moovmoney.ga/moov-money-banking/,0.82,Derived Q&A — validate
FAQ0078,Derived from official page,devenir_marchand,Marchand,Comment fonctionne Devenir marchand standard ?,Comment utiliser Devenir marchand standard ? | Comment fonctionne Devenir marchand standard ? | Je veux utiliser Devenir marchand standard,Obtenir une SIM et un code marchand. Canaux : Équipe Division vente au CENACOM. Conditions : Dossier et formalités.,,https://moovmoney.ga/devenir-marchand/,0.82,Derived Q&A — validate
FAQ0079,Derived from official page,paiement_online,Marchand,Comment fonctionne Intégrer Moov Money Online ?,Comment utiliser Intégrer Moov Money Online ? | Comment fonctionne Intégrer Moov Money Online ? | Je veux utiliser Intégrer Moov Money Online,"Ajouter le paiement Moov Money à un site e-commerce. Canaux : Contrat + intégration technique. Conditions : SIM marchande, contrat, fiche circuit, identité.","Never request or disclose a PIN, password, OTP, or biometric data. The user must verify transaction details and confirm only through the secure Moov Money flow.",https://moovmoney.ga/marchand/moov-money-online-marchand/,0.82,Derived Q&A — validate
FAQ0080,Derived from official page,paiement_payxpress,Marchand,Comment fonctionne Intégrer PayXpress ?,Comment utiliser Intégrer PayXpress ? | Comment fonctionne Intégrer PayXpress ? | Je veux utiliser Intégrer PayXpress,"Déployer l’encaissement PayXpress. Canaux : Contrat + dispositif marchand. Conditions : SIM marchande, contrat, fiche circuit, identité.",,https://moovmoney.ga/marchand/payxpress-marchand/,0.82,Derived Q&A — validate
FAQ0081,Derived from official page,devenir_revendeur,Revendeur,Comment fonctionne Devenir revendeur ?,Comment utiliser Devenir revendeur ? | Comment fonctionne Devenir revendeur ? | Je veux utiliser Devenir revendeur,"Ouvrir un compte revendeur et recevoir une grille de commissions. Canaux : Agence Gabon Telecom. Conditions : Pièce d’identité, fiche circuit, contrat, dépôt.",,https://moovmoney.ga/devenir-revendeur/,0.82,Derived Q&A — validate
FAQ0082,Derived from official page,devenir_revendeur_plus,Revendeur,Comment fonctionne Revendeur Plus ?,Comment utiliser Revendeur Plus ? | Comment fonctionne Revendeur Plus ? | Je veux utiliser Revendeur Plus,Obtenir une facilité d’approvisionnement en UV. Canaux : USSD; équipe revendeurs. Accès : *650#. Conditions : Être revendeur; solvabilité; volume d’activité.,,https://moovmoney.ga/services/devenir-revendeur-plus/,0.82,Derived Q&A — validate
FAQ0083,Derived from official page,devenir_revendeur,Revendeur,Comment fonctionne Approvisionnement BGFIBank ?,Comment utiliser Approvisionnement BGFIBank ? | Comment fonctionne Approvisionnement BGFIBank ? | Je veux utiliser Approvisionnement BGFIBank,Créditer le compte revendeur/agrégateur en UV. Canaux : Agence BGFIBank. Accès : Bordereau bancaire. Conditions : Profil revendeur actif.,,https://moovmoney.ga/services/approvisionnement-via-les-agences-bgfi/,0.82,Derived Q&A — validate
FAQ0084,Derived from official page,depot_argent,Moov Money,Quels sont les frais de Dépôt / achat de crédit pour un montant compris entre 100 et 1000 FCFA ?,Quels sont les frais de Dépôt / achat de crédit pour un montant de 100 à 1000 FCFA ? | Combien coûte Dépôt / achat de crédit ? | frais depot / achat de credit,"Pour Dépôt / achat de crédit entre 100 et 1000 FCFA, les frais indiqués sont de 0 FCFA (Gratuit).",,https://moovmoney.ga/grille-tarifaire-client/,0.82,Derived Q&A — validate
FAQ0085,Derived from official page,retrait_argent,Moov Money,Quels sont les frais de Retrait d’espèces pour un montant compris entre 100 et 1000 FCFA ?,Quels sont les frais de Retrait d’espèces pour un montant de 100 à 1000 FCFA ? | Combien coûte Retrait d’espèces ? | frais retrait d’especes,"Pour Retrait d’espèces entre 100 et 1000 FCFA, les frais indiqués sont de 3 % (Pourcentage).","Never request or disclose a PIN, password, OTP, or biometric data. The user must verify transaction details and confirm only through the secure Moov Money flow.",https://moovmoney.ga/grille-tarifaire-client/,0.82,Derived Q&A — validate
FAQ0086,Derived from official page,devenir_marchand,Moov Money,Quels sont les frais de Paiement marchand pour un montant compris entre 100 et 1000 FCFA ?,Quels sont les frais de Paiement marchand pour un montant de 100 à 1000 FCFA ? | Combien coûte Paiement marchand ? | frais paiement marchand,"Pour Paiement marchand entre 100 et 1000 FCFA, les frais indiqués sont de 10 FCFA (Forfait).","Never request or disclose a PIN, password, OTP, or biometric data. The user must verify transaction details and confirm only through the secure Moov Money flow.",https://moovmoney.ga/grille-tarifaire-client/,0.82,Derived Q&A — validate
FAQ0087,Derived from official page,moov_money,Moov Money,Quels sont les frais de Transfert vers Moov Money pour un montant compris entre 100 et 1000 FCFA ?,Quels sont les frais de Transfert vers Moov Money pour un montant de 100 à 1000 FCFA ? | Combien coûte Transfert vers Moov Money ? | frais transfert vers moov money,"Pour Transfert vers Moov Money entre 100 et 1000 FCFA, les frais indiqués sont de 10 FCFA (Forfait).","Never request or disclose a PIN, password, OTP, or biometric data. The user must verify transaction details and confirm only through the secure Moov Money flow.",https://moovmoney.ga/grille-tarifaire-client/,0.82,Derived Q&A — validate
FAQ0088,Derived from official page,depot_argent,Moov Money,Quels sont les frais de Dépôt / achat de crédit pour un montant compris entre 1001 et 5000 FCFA ?,Quels sont les frais de Dépôt / achat de crédit pour un montant de 1001 à 5000 FCFA ? | Combien coûte Dépôt / achat de crédit ? | frais depot / achat de credit,"Pour Dépôt / achat de crédit entre 1001 et 5000 FCFA, les frais indiqués sont de 0 FCFA (Gratuit).",,https://moovmoney.ga/grille-tarifaire-client/,0.82,Derived Q&A — validate
FAQ0089,Derived from official page,retrait_argent,Moov Money,Quels sont les frais de Retrait d’espèces pour un montant compris entre 1001 et 5000 FCFA ?,Quels sont les frais de Retrait d’espèces pour un montant de 1001 à 5000 FCFA ? | Combien coûte Retrait d’espèces ? | frais retrait d’especes,"Pour Retrait d’espèces entre 1001 et 5000 FCFA, les frais indiqués sont de 3 % (Pourcentage).","Never request or disclose a PIN, password, OTP, or biometric data. The user must verify transaction details and confirm only through the secure Moov Money flow.",https://moovmoney.ga/grille-tarifaire-client/,0.82,Derived Q&A — validate
FAQ0090,Derived from official page,devenir_marchand,Moov Money,Quels sont les frais de Paiement marchand pour un montant compris entre 1001 et 5000 FCFA ?,Quels sont les frais de Paiement marchand pour un montant de 1001 à 5000 FCFA ? | Combien coûte Paiement marchand ? | frais paiement marchand,"Pour Paiement marchand entre 1001 et 5000 FCFA, les frais indiqués sont de 50 FCFA (Forfait).","Never request or disclose a PIN, password, OTP, or biometric data. The user must verify transaction details and confirm only through the secure Moov Money flow.",https://moovmoney.ga/grille-tarifaire-client/,0.82,Derived Q&A — validate
FAQ0091,Derived from official page,moov_money,Moov Money,Quels sont les frais de Transfert vers Moov Money pour un montant compris entre 1001 et 5000 FCFA ?,Quels sont les frais de Transfert vers Moov Money pour un montant de 1001 à 5000 FCFA ? | Combien coûte Transfert vers Moov Money ? | frais transfert vers moov money,"Pour Transfert vers Moov Money entre 1001 et 5000 FCFA, les frais indiqués sont de 50 FCFA (Forfait).","Never request or disclose a PIN, password, OTP, or biometric data. The user must verify transaction details and confirm only through the secure Moov Money flow.",https://moovmoney.ga/grille-tarifaire-client/,0.82,Derived Q&A — validate
FAQ0092,Derived from official page,depot_argent,Moov Money,Quels sont les frais de Dépôt / achat de crédit pour un montant compris entre 5001 et 10000 FCFA ?,Quels sont les frais de Dépôt / achat de crédit pour un montant de 5001 à 10000 FCFA ? | Combien coûte Dépôt / achat de crédit ? | frais depot / achat de credit,"Pour Dépôt / achat de crédit entre 5001 et 10000 FCFA, les frais indiqués sont de 0 FCFA (Gratuit).",,https://moovmoney.ga/grille-tarifaire-client/,0.82,Derived Q&A — validate
FAQ0093,Derived from official page,retrait_argent,Moov Money,Quels sont les frais de Retrait d’espèces pour un montant compris entre 5001 et 10000 FCFA ?,Quels sont les frais de Retrait d’espèces pour un montant de 5001 à 10000 FCFA ? | Combien coûte Retrait d’espèces ? | frais retrait d’especes,"Pour Retrait d’espèces entre 5001 et 10000 FCFA, les frais indiqués sont de 3 % (Pourcentage).","Never request or disclose a PIN, password, OTP, or biometric data. The user must verify transaction details and confirm only through the secure Moov Money flow.",https://moovmoney.ga/grille-tarifaire-client/,0.82,Derived Q&A — validate
FAQ0094,Derived from official page,devenir_marchand,Moov Money,Quels sont les frais de Paiement marchand pour un montant compris entre 5001 et 10000 FCFA ?,Quels sont les frais de Paiement marchand pour un montant de 5001 à 10000 FCFA ? | Combien coûte Paiement marchand ? | frais paiement marchand,"Pour Paiement marchand entre 5001 et 10000 FCFA, les frais indiqués sont de 100 FCFA (Forfait).","Never request or disclose a PIN, password, OTP, or biometric data. The user must verify transaction details and confirm only through the secure Moov Money flow.",https://moovmoney.ga/grille-tarifaire-client/,0.82,Derived Q&A — validate
FAQ0095,Derived from official page,moov_money,Moov Money,Quels sont les frais de Transfert vers Moov Money pour un montant compris entre 5001 et 10000 FCFA ?,Quels sont les frais de Transfert vers Moov Money pour un montant de 5001 à 10000 FCFA ? | Combien coûte Transfert vers Moov Money ? | frais transfert vers moov money,"Pour Transfert vers Moov Money entre 5001 et 10000 FCFA, les frais indiqués sont de 100 FCFA (Forfait).","Never request or disclose a PIN, password, OTP, or biometric data. The user must verify transaction details and confirm only through the secure Moov Money flow.",https://moovmoney.ga/grille-tarifaire-client/,0.82,Derived Q&A — validate
FAQ0096,Derived from official page,depot_argent,Moov Money,Quels sont les frais de Dépôt / achat de crédit pour un montant compris entre 10001 et 20000 FCFA ?,Quels sont les frais de Dépôt / achat de crédit pour un montant de 10001 à 20000 FCFA ? | Combien coûte Dépôt / achat de crédit ? | frais depot / achat de credit,"Pour Dépôt / achat de crédit entre 10001 et 20000 FCFA, les frais indiqués sont de 0 FCFA (Gratuit).",,https://moovmoney.ga/grille-tarifaire-client/,0.82,Derived Q&A — validate
FAQ0097,Derived from official page,retrait_argent,Moov Money,Quels sont les frais de Retrait d’espèces pour un montant compris entre 10001 et 20000 FCFA ?,Quels sont les frais de Retrait d’espèces pour un montant de 10001 à 20000 FCFA ? | Combien coûte Retrait d’espèces ? | frais retrait d’especes,"Pour Retrait d’espèces entre 10001 et 20000 FCFA, les frais indiqués sont de 3 % (Pourcentage).","Never request or disclose a PIN, password, OTP, or biometric data. The user must verify transaction details and confirm only through the secure Moov Money flow.",https://moovmoney.ga/grille-tarifaire-client/,0.82,Derived Q&A — validate
FAQ0098,Derived from official page,devenir_marchand,Moov Money,Quels sont les frais de Paiement marchand pour un montant compris entre 10001 et 20000 FCFA ?,Quels sont les frais de Paiement marchand pour un montant de 10001 à 20000 FCFA ? | Combien coûte Paiement marchand ? | frais paiement marchand,"Pour Paiement marchand entre 10001 et 20000 FCFA, les frais indiqués sont de 150 FCFA (Forfait).","Never request or disclose a PIN, password, OTP, or biometric data. The user must verify transaction details and confirm only through the secure Moov Money flow.",https://moovmoney.ga/grille-tarifaire-client/,0.82,Derived Q&A — validate
FAQ0099,Derived from official page,moov_money,Moov Money,Quels sont les frais de Transfert vers Moov Money pour un montant compris entre 10001 et 20000 FCFA ?,Quels sont les frais de Transfert vers Moov Money pour un montant de 10001 à 20000 FCFA ? | Combien coûte Transfert vers Moov Money ? | frais transfert vers moov money,"Pour Transfert vers Moov Money entre 10001 et 20000 FCFA, les frais indiqués sont de 150 FCFA (Forfait).","Never request or disclose a PIN, password, OTP, or biometric data. The user must verify transaction details and confirm only through the secure Moov Money flow.",https://moovmoney.ga/grille-tarifaire-client/,0.82,Derived Q&A — validate
FAQ0100,Derived from official page,depot_argent,Moov Money,Quels sont les frais de Dépôt / achat de crédit pour un montant compris entre 20001 et 30000 FCFA ?,Quels sont les frais de Dépôt / achat de crédit pour un montant de 20001 à 30000 FCFA ? | Combien coûte Dépôt / achat de crédit ? | frais depot / achat de credit,"Pour Dépôt / achat de crédit entre 20001 et 30000 FCFA, les frais indiqués sont de 0 FCFA (Gratuit).",,https://moovmoney.ga/grille-tarifaire-client/,0.82,Derived Q&A — validate
FAQ0101,Derived from official page,retrait_argent,Moov Money,Quels sont les frais de Retrait d’espèces pour un montant compris entre 20001 et 30000 FCFA ?,Quels sont les frais de Retrait d’espèces pour un montant de 20001 à 30000 FCFA ? | Combien coûte Retrait d’espèces ? | frais retrait d’especes,"Pour Retrait d’espèces entre 20001 et 30000 FCFA, les frais indiqués sont de 3 % (Pourcentage).","Never request or disclose a PIN, password, OTP, or biometric data. The user must verify transaction details and confirm only through the secure Moov Money flow.",https://moovmoney.ga/grille-tarifaire-client/,0.82,Derived Q&A — validate
FAQ0102,Derived from official page,devenir_marchand,Moov Money,Quels sont les frais de Paiement marchand pour un montant compris entre 20001 et 30000 FCFA ?,Quels sont les frais de Paiement marchand pour un montant de 20001 à 30000 FCFA ? | Combien coûte Paiement marchand ? | frais paiement marchand,"Pour Paiement marchand entre 20001 et 30000 FCFA, les frais indiqués sont de 200 FCFA (Forfait).","Never request or disclose a PIN, password, OTP, or biometric data. The user must verify transaction details and confirm only through the secure Moov Money flow.",https://moovmoney.ga/grille-tarifaire-client/,0.82,Derived Q&A — validate
FAQ0103,Derived from official page,moov_money,Moov Money,Quels sont les frais de Transfert vers Moov Money pour un montant compris entre 20001 et 30000 FCFA ?,Quels sont les frais de Transfert vers Moov Money pour un montant de 20001 à 30000 FCFA ? | Combien coûte Transfert vers Moov Money ? | frais transfert vers moov money,"Pour Transfert vers Moov Money entre 20001 et 30000 FCFA, les frais indiqués sont de 200 FCFA (Forfait).","Never request or disclose a PIN, password, OTP, or biometric data. The user must verify transaction details and confirm only through the secure Moov Money flow.",https://moovmoney.ga/grille-tarifaire-client/,0.82,Derived Q&A — validate
FAQ0104,Derived from official page,depot_argent,Moov Money,Quels sont les frais de Dépôt / achat de crédit pour un montant compris entre 30001 et 40000 FCFA ?,Quels sont les frais de Dépôt / achat de crédit pour un montant de 30001 à 40000 FCFA ? | Combien coûte Dépôt / achat de crédit ? | frais depot / achat de credit,"Pour Dépôt / achat de crédit entre 30001 et 40000 FCFA, les frais indiqués sont de 0 FCFA (Gratuit).",,https://moovmoney.ga/grille-tarifaire-client/,0.82,Derived Q&A — validate
FAQ0105,Derived from official page,retrait_argent,Moov Money,Quels sont les frais de Retrait d’espèces pour un montant compris entre 30001 et 40000 FCFA ?,Quels sont les frais de Retrait d’espèces pour un montant de 30001 à 40000 FCFA ? | Combien coûte Retrait d’espèces ? | frais retrait d’especes,"Pour Retrait d’espèces entre 30001 et 40000 FCFA, les frais indiqués sont de 3 % (Pourcentage).","Never request or disclose a PIN, password, OTP, or biometric data. The user must verify transaction details and confirm only through the secure Moov Money flow.",https://moovmoney.ga/grille-tarifaire-client/,0.82,Derived Q&A — validate
FAQ0106,Derived from official page,devenir_marchand,Moov Money,Quels sont les frais de Paiement marchand pour un montant compris entre 30001 et 40000 FCFA ?,Quels sont les frais de Paiement marchand pour un montant de 30001 à 40000 FCFA ? | Combien coûte Paiement marchand ? | frais paiement marchand,"Pour Paiement marchand entre 30001 et 40000 FCFA, les frais indiqués sont de 250 FCFA (Forfait).","Never request or disclose a PIN, password, OTP, or biometric data. The user must verify transaction details and confirm only through the secure Moov Money flow.",https://moovmoney.ga/grille-tarifaire-client/,0.82,Derived Q&A — validate
FAQ0107,Derived from official page,moov_money,Moov Money,Quels sont les frais de Transfert vers Moov Money pour un montant compris entre 30001 et 40000 FCFA ?,Quels sont les frais de Transfert vers Moov Money pour un montant de 30001 à 40000 FCFA ? | Combien coûte Transfert vers Moov Money ? | frais transfert vers moov money,"Pour Transfert vers Moov Money entre 30001 et 40000 FCFA, les frais indiqués sont de 250 FCFA (Forfait).","Never request or disclose a PIN, password, OTP, or biometric data. The user must verify transaction details and confirm only through the secure Moov Money flow.",https://moovmoney.ga/grille-tarifaire-client/,0.82,Derived Q&A — validate
FAQ0108,Derived from official page,depot_argent,Moov Money,Quels sont les frais de Dépôt / achat de crédit pour un montant compris entre 40001 et 50000 FCFA ?,Quels sont les frais de Dépôt / achat de crédit pour un montant de 40001 à 50000 FCFA ? | Combien coûte Dépôt / achat de crédit ? | frais depot / achat de credit,"Pour Dépôt / achat de crédit entre 40001 et 50000 FCFA, les frais indiqués sont de 0 FCFA (Gratuit).",,https://moovmoney.ga/grille-tarifaire-client/,0.82,Derived Q&A — validate
FAQ0109,Derived from official page,retrait_argent,Moov Money,Quels sont les frais de Retrait d’espèces pour un montant compris entre 40001 et 50000 FCFA ?,Quels sont les frais de Retrait d’espèces pour un montant de 40001 à 50000 FCFA ? | Combien coûte Retrait d’espèces ? | frais retrait d’especes,"Pour Retrait d’espèces entre 40001 et 50000 FCFA, les frais indiqués sont de 3 % (Pourcentage).","Never request or disclose a PIN, password, OTP, or biometric data. The user must verify transaction details and confirm only through the secure Moov Money flow.",https://moovmoney.ga/grille-tarifaire-client/,0.82,Derived Q&A — validate
FAQ0110,Derived from official page,devenir_marchand,Moov Money,Quels sont les frais de Paiement marchand pour un montant compris entre 40001 et 50000 FCFA ?,Quels sont les frais de Paiement marchand pour un montant de 40001 à 50000 FCFA ? | Combien coûte Paiement marchand ? | frais paiement marchand,"Pour Paiement marchand entre 40001 et 50000 FCFA, les frais indiqués sont de 300 FCFA (Forfait).","Never request or disclose a PIN, password, OTP, or biometric data. The user must verify transaction details and confirm only through the secure Moov Money flow.",https://moovmoney.ga/grille-tarifaire-client/,0.82,Derived Q&A — validate
FAQ0111,Derived from official page,moov_money,Moov Money,Quels sont les frais de Transfert vers Moov Money pour un montant compris entre 40001 et 50000 FCFA ?,Quels sont les frais de Transfert vers Moov Money pour un montant de 40001 à 50000 FCFA ? | Combien coûte Transfert vers Moov Money ? | frais transfert vers moov money,"Pour Transfert vers Moov Money entre 40001 et 50000 FCFA, les frais indiqués sont de 300 FCFA (Forfait).","Never request or disclose a PIN, password, OTP, or biometric data. The user must verify transaction details and confirm only through the secure Moov Money flow.",https://moovmoney.ga/grille-tarifaire-client/,0.82,Derived Q&A — validate
FAQ0112,Derived from official page,depot_argent,Moov Money,Quels sont les frais de Dépôt / achat de crédit pour un montant compris entre 50001 et 60000 FCFA ?,Quels sont les frais de Dépôt / achat de crédit pour un montant de 50001 à 60000 FCFA ? | Combien coûte Dépôt / achat de crédit ? | frais depot / achat de credit,"Pour Dépôt / achat de crédit entre 50001 et 60000 FCFA, les frais indiqués sont de 0 FCFA (Gratuit).",,https://moovmoney.ga/grille-tarifaire-client/,0.82,Derived Q&A — validate
FAQ0113,Derived from official page,retrait_argent,Moov Money,Quels sont les frais de Retrait d’espèces pour un montant compris entre 50001 et 60000 FCFA ?,Quels sont les frais de Retrait d’espèces pour un montant de 50001 à 60000 FCFA ? | Combien coûte Retrait d’espèces ? | frais retrait d’especes,"Pour Retrait d’espèces entre 50001 et 60000 FCFA, les frais indiqués sont de 3 % (Pourcentage).","Never request or disclose a PIN, password, OTP, or biometric data. The user must verify transaction details and confirm only through the secure Moov Money flow.",https://moovmoney.ga/grille-tarifaire-client/,0.82,Derived Q&A — validate
FAQ0114,Derived from official page,devenir_marchand,Moov Money,Quels sont les frais de Paiement marchand pour un montant compris entre 50001 et 60000 FCFA ?,Quels sont les frais de Paiement marchand pour un montant de 50001 à 60000 FCFA ? | Combien coûte Paiement marchand ? | frais paiement marchand,"Pour Paiement marchand entre 50001 et 60000 FCFA, les frais indiqués sont de 350 FCFA (Forfait).","Never request or disclose a PIN, password, OTP, or biometric data. The user must verify transaction details and confirm only through the secure Moov Money flow.",https://moovmoney.ga/grille-tarifaire-client/,0.82,Derived Q&A — validate
FAQ0115,Derived from official page,moov_money,Moov Money,Quels sont les frais de Transfert vers Moov Money pour un montant compris entre 50001 et 60000 FCFA ?,Quels sont les frais de Transfert vers Moov Money pour un montant de 50001 à 60000 FCFA ? | Combien coûte Transfert vers Moov Money ? | frais transfert vers moov money,"Pour Transfert vers Moov Money entre 50001 et 60000 FCFA, les frais indiqués sont de 350 FCFA (Forfait).","Never request or disclose a PIN, password, OTP, or biometric data. The user must verify transaction details and confirm only through the secure Moov Money flow.",https://moovmoney.ga/grille-tarifaire-client/,0.82,Derived Q&A — validate
FAQ0116,Derived from official page,depot_argent,Moov Money,Quels sont les frais de Dépôt / achat de crédit pour un montant compris entre 60001 et 70000 FCFA ?,Quels sont les frais de Dépôt / achat de crédit pour un montant de 60001 à 70000 FCFA ? | Combien coûte Dépôt / achat de crédit ? | frais depot / achat de credit,"Pour Dépôt / achat de crédit entre 60001 et 70000 FCFA, les frais indiqués sont de 0 FCFA (Gratuit).",,https://moovmoney.ga/grille-tarifaire-client/,0.82,Derived Q&A — validate
FAQ0117,Derived from official page,retrait_argent,Moov Money,Quels sont les frais de Retrait d’espèces pour un montant compris entre 60001 et 70000 FCFA ?,Quels sont les frais de Retrait d’espèces pour un montant de 60001 à 70000 FCFA ? | Combien coûte Retrait d’espèces ? | frais retrait d’especes,"Pour Retrait d’espèces entre 60001 et 70000 FCFA, les frais indiqués sont de 3 % (Pourcentage).","Never request or disclose a PIN, password, OTP, or biometric data. The user must verify transaction details and confirm only through the secure Moov Money flow.",https://moovmoney.ga/grille-tarifaire-client/,0.82,Derived Q&A — validate
FAQ0118,Derived from official page,devenir_marchand,Moov Money,Quels sont les frais de Paiement marchand pour un montant compris entre 60001 et 70000 FCFA ?,Quels sont les frais de Paiement marchand pour un montant de 60001 à 70000 FCFA ? | Combien coûte Paiement marchand ? | frais paiement marchand,"Pour Paiement marchand entre 60001 et 70000 FCFA, les frais indiqués sont de 400 FCFA (Forfait).","Never request or disclose a PIN, password, OTP, or biometric data. The user must verify transaction details and confirm only through the secure Moov Money flow.",https://moovmoney.ga/grille-tarifaire-client/,0.82,Derived Q&A — validate
FAQ0119,Derived from official page,moov_money,Moov Money,Quels sont les frais de Transfert vers Moov Money pour un montant compris entre 60001 et 70000 FCFA ?,Quels sont les frais de Transfert vers Moov Money pour un montant de 60001 à 70000 FCFA ? | Combien coûte Transfert vers Moov Money ? | frais transfert vers moov money,"Pour Transfert vers Moov Money entre 60001 et 70000 FCFA, les frais indiqués sont de 400 FCFA (Forfait).","Never request or disclose a PIN, password, OTP, or biometric data. The user must verify transaction details and confirm only through the secure Moov Money flow.",https://moovmoney.ga/grille-tarifaire-client/,0.82,Derived Q&A — validate
FAQ0120,Derived from official page,depot_argent,Moov Money,Quels sont les frais de Dépôt / achat de crédit pour un montant compris entre 70001 et 80000 FCFA ?,Quels sont les frais de Dépôt / achat de crédit pour un montant de 70001 à 80000 FCFA ? | Combien coûte Dépôt / achat de crédit ? | frais depot / achat de credit,"Pour Dépôt / achat de crédit entre 70001 et 80000 FCFA, les frais indiqués sont de 0 FCFA (Gratuit).",,https://moovmoney.ga/grille-tarifaire-client/,0.82,Derived Q&A — validate
FAQ0121,Derived from official page,retrait_argent,Moov Money,Quels sont les frais de Retrait d’espèces pour un montant compris entre 70001 et 80000 FCFA ?,Quels sont les frais de Retrait d’espèces pour un montant de 70001 à 80000 FCFA ? | Combien coûte Retrait d’espèces ? | frais retrait d’especes,"Pour Retrait d’espèces entre 70001 et 80000 FCFA, les frais indiqués sont de 3 % (Pourcentage).","Never request or disclose a PIN, password, OTP, or biometric data. The user must verify transaction details and confirm only through the secure Moov Money flow.",https://moovmoney.ga/grille-tarifaire-client/,0.82,Derived Q&A — validate
FAQ0122,Derived from official page,devenir_marchand,Moov Money,Quels sont les frais de Paiement marchand pour un montant compris entre 70001 et 80000 FCFA ?,Quels sont les frais de Paiement marchand pour un montant de 70001 à 80000 FCFA ? | Combien coûte Paiement marchand ? | frais paiement marchand,"Pour Paiement marchand entre 70001 et 80000 FCFA, les frais indiqués sont de 450 FCFA (Forfait).","Never request or disclose a PIN, password, OTP, or biometric data. The user must verify transaction details and confirm only through the secure Moov Money flow.",https://moovmoney.ga/grille-tarifaire-client/,0.82,Derived Q&A — validate
FAQ0123,Derived from official page,moov_money,Moov Money,Quels sont les frais de Transfert vers Moov Money pour un montant compris entre 70001 et 80000 FCFA ?,Quels sont les frais de Transfert vers Moov Money pour un montant de 70001 à 80000 FCFA ? | Combien coûte Transfert vers Moov Money ? | frais transfert vers moov money,"Pour Transfert vers Moov Money entre 70001 et 80000 FCFA, les frais indiqués sont de 450 FCFA (Forfait).","Never request or disclose a PIN, password, OTP, or biometric data. The user must verify transaction details and confirm only through the secure Moov Money flow.",https://moovmoney.ga/grille-tarifaire-client/,0.82,Derived Q&A — validate
FAQ0124,Derived from official page,depot_argent,Moov Money,Quels sont les frais de Dépôt / achat de crédit pour un montant compris entre 80001 et 90000 FCFA ?,Quels sont les frais de Dépôt / achat de crédit pour un montant de 80001 à 90000 FCFA ? | Combien coûte Dépôt / achat de crédit ? | frais depot / achat de credit,"Pour Dépôt / achat de crédit entre 80001 et 90000 FCFA, les frais indiqués sont de 0 FCFA (Gratuit).",,https://moovmoney.ga/grille-tarifaire-client/,0.82,Derived Q&A — validate
FAQ0125,Derived from official page,retrait_argent,Moov Money,Quels sont les frais de Retrait d’espèces pour un montant compris entre 80001 et 90000 FCFA ?,Quels sont les frais de Retrait d’espèces pour un montant de 80001 à 90000 FCFA ? | Combien coûte Retrait d’espèces ? | frais retrait d’especes,"Pour Retrait d’espèces entre 80001 et 90000 FCFA, les frais indiqués sont de 3 % (Pourcentage).","Never request or disclose a PIN, password, OTP, or biometric data. The user must verify transaction details and confirm only through the secure Moov Money flow.",https://moovmoney.ga/grille-tarifaire-client/,0.82,Derived Q&A — validate
FAQ0126,Derived from official page,devenir_marchand,Moov Money,Quels sont les frais de Paiement marchand pour un montant compris entre 80001 et 90000 FCFA ?,Quels sont les frais de Paiement marchand pour un montant de 80001 à 90000 FCFA ? | Combien coûte Paiement marchand ? | frais paiement marchand,"Pour Paiement marchand entre 80001 et 90000 FCFA, les frais indiqués sont de 500 FCFA (Forfait).","Never request or disclose a PIN, password, OTP, or biometric data. The user must verify transaction details and confirm only through the secure Moov Money flow.",https://moovmoney.ga/grille-tarifaire-client/,0.82,Derived Q&A — validate
FAQ0127,Derived from official page,moov_money,Moov Money,Quels sont les frais de Transfert vers Moov Money pour un montant compris entre 80001 et 90000 FCFA ?,Quels sont les frais de Transfert vers Moov Money pour un montant de 80001 à 90000 FCFA ? | Combien coûte Transfert vers Moov Money ? | frais transfert vers moov money,"Pour Transfert vers Moov Money entre 80001 et 90000 FCFA, les frais indiqués sont de 500 FCFA (Forfait).","Never request or disclose a PIN, password, OTP, or biometric data. The user must verify transaction details and confirm only through the secure Moov Money flow.",https://moovmoney.ga/grille-tarifaire-client/,0.82,Derived Q&A — validate
FAQ0128,Derived from official page,depot_argent,Moov Money,Quels sont les frais de Dépôt / achat de crédit pour un montant compris entre 90001 et 100000 FCFA ?,Quels sont les frais de Dépôt / achat de crédit pour un montant de 90001 à 100000 FCFA ? | Combien coûte Dépôt / achat de crédit ? | frais depot / achat de credit,"Pour Dépôt / achat de crédit entre 90001 et 100000 FCFA, les frais indiqués sont de 0 FCFA (Gratuit).",,https://moovmoney.ga/grille-tarifaire-client/,0.82,Derived Q&A — validate
FAQ0129,Derived from official page,retrait_argent,Moov Money,Quels sont les frais de Retrait d’espèces pour un montant compris entre 90001 et 100000 FCFA ?,Quels sont les frais de Retrait d’espèces pour un montant de 90001 à 100000 FCFA ? | Combien coûte Retrait d’espèces ? | frais retrait d’especes,"Pour Retrait d’espèces entre 90001 et 100000 FCFA, les frais indiqués sont de 3 % (Pourcentage).","Never request or disclose a PIN, password, OTP, or biometric data. The user must verify transaction details and confirm only through the secure Moov Money flow.",https://moovmoney.ga/grille-tarifaire-client/,0.82,Derived Q&A — validate
FAQ0130,Derived from official page,devenir_marchand,Moov Money,Quels sont les frais de Paiement marchand pour un montant compris entre 90001 et 100000 FCFA ?,Quels sont les frais de Paiement marchand pour un montant de 90001 à 100000 FCFA ? | Combien coûte Paiement marchand ? | frais paiement marchand,"Pour Paiement marchand entre 90001 et 100000 FCFA, les frais indiqués sont de 550 FCFA (Forfait).","Never request or disclose a PIN, password, OTP, or biometric data. The user must verify transaction details and confirm only through the secure Moov Money flow.",https://moovmoney.ga/grille-tarifaire-client/,0.82,Derived Q&A — validate
FAQ0131,Derived from official page,moov_money,Moov Money,Quels sont les frais de Transfert vers Moov Money pour un montant compris entre 90001 et 100000 FCFA ?,Quels sont les frais de Transfert vers Moov Money pour un montant de 90001 à 100000 FCFA ? | Combien coûte Transfert vers Moov Money ? | frais transfert vers moov money,"Pour Transfert vers Moov Money entre 90001 et 100000 FCFA, les frais indiqués sont de 550 FCFA (Forfait).","Never request or disclose a PIN, password, OTP, or biometric data. The user must verify transaction details and confirm only through the secure Moov Money flow.",https://moovmoney.ga/grille-tarifaire-client/,0.82,Derived Q&A — validate
FAQ0132,Derived from official page,depot_argent,Moov Money,Quels sont les frais de Dépôt / achat de crédit pour un montant compris entre 100001 et 150000 FCFA ?,Quels sont les frais de Dépôt / achat de crédit pour un montant de 100001 à 150000 FCFA ? | Combien coûte Dépôt / achat de crédit ? | frais depot / achat de credit,"Pour Dépôt / achat de crédit entre 100001 et 150000 FCFA, les frais indiqués sont de 0 FCFA (Gratuit).",,https://moovmoney.ga/grille-tarifaire-client/,0.82,Derived Q&A — validate
FAQ0133,Derived from official page,retrait_argent,Moov Money,Quels sont les frais de Retrait d’espèces pour un montant compris entre 100001 et 150000 FCFA ?,Quels sont les frais de Retrait d’espèces pour un montant de 100001 à 150000 FCFA ? | Combien coûte Retrait d’espèces ? | frais retrait d’especes,"Pour Retrait d’espèces entre 100001 et 150000 FCFA, les frais indiqués sont de 3 % (Pourcentage).","Never request or disclose a PIN, password, OTP, or biometric data. The user must verify transaction details and confirm only through the secure Moov Money flow.",https://moovmoney.ga/grille-tarifaire-client/,0.82,Derived Q&A — validate
FAQ0134,Derived from official page,devenir_marchand,Moov Money,Quels sont les frais de Paiement marchand pour un montant compris entre 100001 et 150000 FCFA ?,Quels sont les frais de Paiement marchand pour un montant de 100001 à 150000 FCFA ? | Combien coûte Paiement marchand ? | frais paiement marchand,"Pour Paiement marchand entre 100001 et 150000 FCFA, les frais indiqués sont de 600 FCFA (Forfait).","Never request or disclose a PIN, password, OTP, or biometric data. The user must verify transaction details and confirm only through the secure Moov Money flow.",https://moovmoney.ga/grille-tarifaire-client/,0.82,Derived Q&A — validate
FAQ0135,Derived from official page,moov_money,Moov Money,Quels sont les frais de Transfert vers Moov Money pour un montant compris entre 100001 et 150000 FCFA ?,Quels sont les frais de Transfert vers Moov Money pour un montant de 100001 à 150000 FCFA ? | Combien coûte Transfert vers Moov Money ? | frais transfert vers moov money,"Pour Transfert vers Moov Money entre 100001 et 150000 FCFA, les frais indiqués sont de 600 FCFA (Forfait).","Never request or disclose a PIN, password, OTP, or biometric data. The user must verify transaction details and confirm only through the secure Moov Money flow.",https://moovmoney.ga/grille-tarifaire-client/,0.82,Derived Q&A — validate
FAQ0136,Derived from official page,depot_argent,Moov Money,Quels sont les frais de Dépôt / achat de crédit pour un montant compris entre 150001 et 160000 FCFA ?,Quels sont les frais de Dépôt / achat de crédit pour un montant de 150001 à 160000 FCFA ? | Combien coûte Dépôt / achat de crédit ? | frais depot / achat de credit,"Pour Dépôt / achat de crédit entre 150001 et 160000 FCFA, les frais indiqués sont de 0 FCFA (Gratuit).",,https://moovmoney.ga/grille-tarifaire-client/,0.82,Derived Q&A — validate
FAQ0137,Derived from official page,retrait_argent,Moov Money,Quels sont les frais de Retrait d’espèces pour un montant compris entre 150001 et 160000 FCFA ?,Quels sont les frais de Retrait d’espèces pour un montant de 150001 à 160000 FCFA ? | Combien coûte Retrait d’espèces ? | frais retrait d’especes,"Pour Retrait d’espèces entre 150001 et 160000 FCFA, les frais indiqués sont de 3 % (Pourcentage).","Never request or disclose a PIN, password, OTP, or biometric data. The user must verify transaction details and confirm only through the secure Moov Money flow.",https://moovmoney.ga/grille-tarifaire-client/,0.82,Derived Q&A — validate
FAQ0138,Derived from official page,devenir_marchand,Moov Money,Quels sont les frais de Paiement marchand pour un montant compris entre 150001 et 160000 FCFA ?,Quels sont les frais de Paiement marchand pour un montant de 150001 à 160000 FCFA ? | Combien coûte Paiement marchand ? | frais paiement marchand,"Pour Paiement marchand entre 150001 et 160000 FCFA, les frais indiqués sont de 650 FCFA (Forfait).","Never request or disclose a PIN, password, OTP, or biometric data. The user must verify transaction details and confirm only through the secure Moov Money flow.",https://moovmoney.ga/grille-tarifaire-client/,0.82,Derived Q&A — validate
FAQ0139,Derived from official page,moov_money,Moov Money,Quels sont les frais de Transfert vers Moov Money pour un montant compris entre 150001 et 160000 FCFA ?,Quels sont les frais de Transfert vers Moov Money pour un montant de 150001 à 160000 FCFA ? | Combien coûte Transfert vers Moov Money ? | frais transfert vers moov money,"Pour Transfert vers Moov Money entre 150001 et 160000 FCFA, les frais indiqués sont de 650 FCFA (Forfait).","Never request or disclose a PIN, password, OTP, or biometric data. The user must verify transaction details and confirm only through the secure Moov Money flow.",https://moovmoney.ga/grille-tarifaire-client/,0.82,Derived Q&A — validate
FAQ0140,Derived from official page,depot_argent,Moov Money,Quels sont les frais de Dépôt / achat de crédit pour un montant compris entre 160001 et 250000 FCFA ?,Quels sont les frais de Dépôt / achat de crédit pour un montant de 160001 à 250000 FCFA ? | Combien coûte Dépôt / achat de crédit ? | frais depot / achat de credit,"Pour Dépôt / achat de crédit entre 160001 et 250000 FCFA, les frais indiqués sont de 0 FCFA (Gratuit).",,https://moovmoney.ga/grille-tarifaire-client/,0.82,Derived Q&A — validate
FAQ0141,Derived from official page,retrait_argent,Moov Money,Quels sont les frais de Retrait d’espèces pour un montant compris entre 160001 et 250000 FCFA ?,Quels sont les frais de Retrait d’espèces pour un montant de 160001 à 250000 FCFA ? | Combien coûte Retrait d’espèces ? | frais retrait d’especes,"Pour Retrait d’espèces entre 160001 et 250000 FCFA, les frais indiqués sont de 5000 FCFA (Forfait).","Never request or disclose a PIN, password, OTP, or biometric data. The user must verify transaction details and confirm only through the secure Moov Money flow.",https://moovmoney.ga/grille-tarifaire-client/,0.82,Derived Q&A — validate
FAQ0142,Derived from official page,devenir_marchand,Moov Money,Quels sont les frais de Paiement marchand pour un montant compris entre 160001 et 250000 FCFA ?,Quels sont les frais de Paiement marchand pour un montant de 160001 à 250000 FCFA ? | Combien coûte Paiement marchand ? | frais paiement marchand,"Pour Paiement marchand entre 160001 et 250000 FCFA, les frais indiqués sont de 700 FCFA (Forfait).","Never request or disclose a PIN, password, OTP, or biometric data. The user must verify transaction details and confirm only through the secure Moov Money flow.",https://moovmoney.ga/grille-tarifaire-client/,0.82,Derived Q&A — validate
FAQ0143,Derived from official page,moov_money,Moov Money,Quels sont les frais de Transfert vers Moov Money pour un montant compris entre 160001 et 250000 FCFA ?,Quels sont les frais de Transfert vers Moov Money pour un montant de 160001 à 250000 FCFA ? | Combien coûte Transfert vers Moov Money ? | frais transfert vers moov money,"Pour Transfert vers Moov Money entre 160001 et 250000 FCFA, les frais indiqués sont de 700 FCFA (Forfait).","Never request or disclose a PIN, password, OTP, or biometric data. The user must verify transaction details and confirm only through the secure Moov Money flow.",https://moovmoney.ga/grille-tarifaire-client/,0.82,Derived Q&A — validate
FAQ0144,Derived from official page,depot_argent,Moov Money,Quels sont les frais de Dépôt / achat de crédit pour un montant compris entre 250001 et 300000 FCFA ?,Quels sont les frais de Dépôt / achat de crédit pour un montant de 250001 à 300000 FCFA ? | Combien coûte Dépôt / achat de crédit ? | frais depot / achat de credit,"Pour Dépôt / achat de crédit entre 250001 et 300000 FCFA, les frais indiqués sont de 0 FCFA (Gratuit).",,https://moovmoney.ga/grille-tarifaire-client/,0.82,Derived Q&A — validate
FAQ0145,Derived from official page,retrait_argent,Moov Money,Quels sont les frais de Retrait d’espèces pour un montant compris entre 250001 et 300000 FCFA ?,Quels sont les frais de Retrait d’espèces pour un montant de 250001 à 300000 FCFA ? | Combien coûte Retrait d’espèces ? | frais retrait d’especes,"Pour Retrait d’espèces entre 250001 et 300000 FCFA, les frais indiqués sont de 5000 FCFA (Forfait).","Never request or disclose a PIN, password, OTP, or biometric data. The user must verify transaction details and confirm only through the secure Moov Money flow.",https://moovmoney.ga/grille-tarifaire-client/,0.82,Derived Q&A — validate
FAQ0146,Derived from official page,devenir_marchand,Moov Money,Quels sont les frais de Paiement marchand pour un montant compris entre 250001 et 300000 FCFA ?,Quels sont les frais de Paiement marchand pour un montant de 250001 à 300000 FCFA ? | Combien coûte Paiement marchand ? | frais paiement marchand,"Pour Paiement marchand entre 250001 et 300000 FCFA, les frais indiqués sont de 750 FCFA (Forfait).","Never request or disclose a PIN, password, OTP, or biometric data. The user must verify transaction details and confirm only through the secure Moov Money flow.",https://moovmoney.ga/grille-tarifaire-client/,0.82,Derived Q&A — validate
FAQ0147,Derived from official page,moov_money,Moov Money,Quels sont les frais de Transfert vers Moov Money pour un montant compris entre 250001 et 300000 FCFA ?,Quels sont les frais de Transfert vers Moov Money pour un montant de 250001 à 300000 FCFA ? | Combien coûte Transfert vers Moov Money ? | frais transfert vers moov money,"Pour Transfert vers Moov Money entre 250001 et 300000 FCFA, les frais indiqués sont de 750 FCFA (Forfait).","Never request or disclose a PIN, password, OTP, or biometric data. The user must verify transaction details and confirm only through the secure Moov Money flow.",https://moovmoney.ga/grille-tarifaire-client/,0.82,Derived Q&A — validate
FAQ0148,Derived from official page,depot_argent,Moov Money,Quels sont les frais de Dépôt / achat de crédit pour un montant compris entre 300001 et 350000 FCFA ?,Quels sont les frais de Dépôt / achat de crédit pour un montant de 300001 à 350000 FCFA ? | Combien coûte Dépôt / achat de crédit ? | frais depot / achat de credit,"Pour Dépôt / achat de crédit entre 300001 et 350000 FCFA, les frais indiqués sont de 0 FCFA (Gratuit).",,https://moovmoney.ga/grille-tarifaire-client/,0.82,Derived Q&A — validate
FAQ0149,Derived from official page,retrait_argent,Moov Money,Quels sont les frais de Retrait d’espèces pour un montant compris entre 300001 et 350000 FCFA ?,Quels sont les frais de Retrait d’espèces pour un montant de 300001 à 350000 FCFA ? | Combien coûte Retrait d’espèces ? | frais retrait d’especes,"Pour Retrait d’espèces entre 300001 et 350000 FCFA, les frais indiqués sont de 5000 FCFA (Forfait).","Never request or disclose a PIN, password, OTP, or biometric data. The user must verify transaction details and confirm only through the secure Moov Money flow.",https://moovmoney.ga/grille-tarifaire-client/,0.82,Derived Q&A — validate
FAQ0150,Derived from official page,devenir_marchand,Moov Money,Quels sont les frais de Paiement marchand pour un montant compris entre 300001 et 350000 FCFA ?,Quels sont les frais de Paiement marchand pour un montant de 300001 à 350000 FCFA ? | Combien coûte Paiement marchand ? | frais paiement marchand,"Pour Paiement marchand entre 300001 et 350000 FCFA, les frais indiqués sont de 800 FCFA (Forfait).","Never request or disclose a PIN, password, OTP, or biometric data. The user must verify transaction details and confirm only through the secure Moov Money flow.",https://moovmoney.ga/grille-tarifaire-client/,0.82,Derived Q&A — validate
FAQ0151,Derived from official page,moov_money,Moov Money,Quels sont les frais de Transfert vers Moov Money pour un montant compris entre 300001 et 350000 FCFA ?,Quels sont les frais de Transfert vers Moov Money pour un montant de 300001 à 350000 FCFA ? | Combien coûte Transfert vers Moov Money ? | frais transfert vers moov money,"Pour Transfert vers Moov Money entre 300001 et 350000 FCFA, les frais indiqués sont de 800 FCFA (Forfait).","Never request or disclose a PIN, password, OTP, or biometric data. The user must verify transaction details and confirm only through the secure Moov Money flow.",https://moovmoney.ga/grille-tarifaire-client/,0.82,Derived Q&A — validate
FAQ0152,Derived from official page,depot_argent,Moov Money,Quels sont les frais de Dépôt / achat de crédit pour un montant compris entre 350001 et 400000 FCFA ?,Quels sont les frais de Dépôt / achat de crédit pour un montant de 350001 à 400000 FCFA ? | Combien coûte Dépôt / achat de crédit ? | frais depot / achat de credit,"Pour Dépôt / achat de crédit entre 350001 et 400000 FCFA, les frais indiqués sont de 0 FCFA (Gratuit).",,https://moovmoney.ga/grille-tarifaire-client/,0.82,Derived Q&A — validate
FAQ0153,Derived from official page,retrait_argent,Moov Money,Quels sont les frais de Retrait d’espèces pour un montant compris entre 350001 et 400000 FCFA ?,Quels sont les frais de Retrait d’espèces pour un montant de 350001 à 400000 FCFA ? | Combien coûte Retrait d’espèces ? | frais retrait d’especes,"Pour Retrait d’espèces entre 350001 et 400000 FCFA, les frais indiqués sont de 5000 FCFA (Forfait).","Never request or disclose a PIN, password, OTP, or biometric data. The user must verify transaction details and confirm only through the secure Moov Money flow.",https://moovmoney.ga/grille-tarifaire-client/,0.82,Derived Q&A — validate
FAQ0154,Derived from official page,devenir_marchand,Moov Money,Quels sont les frais de Paiement marchand pour un montant compris entre 350001 et 400000 FCFA ?,Quels sont les frais de Paiement marchand pour un montant de 350001 à 400000 FCFA ? | Combien coûte Paiement marchand ? | frais paiement marchand,"Pour Paiement marchand entre 350001 et 400000 FCFA, les frais indiqués sont de 850 FCFA (Forfait).","Never request or disclose a PIN, password, OTP, or biometric data. The user must verify transaction details and confirm only through the secure Moov Money flow.",https://moovmoney.ga/grille-tarifaire-client/,0.82,Derived Q&A — validate
FAQ0155,Derived from official page,moov_money,Moov Money,Quels sont les frais de Transfert vers Moov Money pour un montant compris entre 350001 et 400000 FCFA ?,Quels sont les frais de Transfert vers Moov Money pour un montant de 350001 à 400000 FCFA ? | Combien coûte Transfert vers Moov Money ? | frais transfert vers moov money,"Pour Transfert vers Moov Money entre 350001 et 400000 FCFA, les frais indiqués sont de 850 FCFA (Forfait).","Never request or disclose a PIN, password, OTP, or biometric data. The user must verify transaction details and confirm only through the secure Moov Money flow.",https://moovmoney.ga/grille-tarifaire-client/,0.82,Derived Q&A — validate
FAQ0156,Derived from official page,depot_argent,Moov Money,Quels sont les frais de Dépôt / achat de crédit pour un montant compris entre 400001 et 450000 FCFA ?,Quels sont les frais de Dépôt / achat de crédit pour un montant de 400001 à 450000 FCFA ? | Combien coûte Dépôt / achat de crédit ? | frais depot / achat de credit,"Pour Dépôt / achat de crédit entre 400001 et 450000 FCFA, les frais indiqués sont de 0 FCFA (Gratuit).",,https://moovmoney.ga/grille-tarifaire-client/,0.82,Derived Q&A — validate
FAQ0157,Derived from official page,retrait_argent,Moov Money,Quels sont les frais de Retrait d’espèces pour un montant compris entre 400001 et 450000 FCFA ?,Quels sont les frais de Retrait d’espèces pour un montant de 400001 à 450000 FCFA ? | Combien coûte Retrait d’espèces ? | frais retrait d’especes,"Pour Retrait d’espèces entre 400001 et 450000 FCFA, les frais indiqués sont de 5000 FCFA (Forfait).","Never request or disclose a PIN, password, OTP, or biometric data. The user must verify transaction details and confirm only through the secure Moov Money flow.",https://moovmoney.ga/grille-tarifaire-client/,0.82,Derived Q&A — validate
FAQ0158,Derived from official page,devenir_marchand,Moov Money,Quels sont les frais de Paiement marchand pour un montant compris entre 400001 et 450000 FCFA ?,Quels sont les frais de Paiement marchand pour un montant de 400001 à 450000 FCFA ? | Combien coûte Paiement marchand ? | frais paiement marchand,"Pour Paiement marchand entre 400001 et 450000 FCFA, les frais indiqués sont de 900 FCFA (Forfait).","Never request or disclose a PIN, password, OTP, or biometric data. The user must verify transaction details and confirm only through the secure Moov Money flow.",https://moovmoney.ga/grille-tarifaire-client/,0.82,Derived Q&A — validate
FAQ0159,Derived from official page,moov_money,Moov Money,Quels sont les frais de Transfert vers Moov Money pour un montant compris entre 400001 et 450000 FCFA ?,Quels sont les frais de Transfert vers Moov Money pour un montant de 400001 à 450000 FCFA ? | Combien coûte Transfert vers Moov Money ? | frais transfert vers moov money,"Pour Transfert vers Moov Money entre 400001 et 450000 FCFA, les frais indiqués sont de 900 FCFA (Forfait).","Never request or disclose a PIN, password, OTP, or biometric data. The user must verify transaction details and confirm only through the secure Moov Money flow.",https://moovmoney.ga/grille-tarifaire-client/,0.82,Derived Q&A — validate
FAQ0160,Derived from official page,depot_argent,Moov Money,Quels sont les frais de Dépôt / achat de crédit pour un montant compris entre 450001 et 500000 FCFA ?,Quels sont les frais de Dépôt / achat de crédit pour un montant de 450001 à 500000 FCFA ? | Combien coûte Dépôt / achat de crédit ? | frais depot / achat de credit,"Pour Dépôt / achat de crédit entre 450001 et 500000 FCFA, les frais indiqués sont de 0 FCFA (Gratuit).",,https://moovmoney.ga/grille-tarifaire-client/,0.82,Derived Q&A — validate
FAQ0161,Derived from official page,retrait_argent,Moov Money,Quels sont les frais de Retrait d’espèces pour un montant compris entre 450001 et 500000 FCFA ?,Quels sont les frais de Retrait d’espèces pour un montant de 450001 à 500000 FCFA ? | Combien coûte Retrait d’espèces ? | frais retrait d’especes,"Pour Retrait d’espèces entre 450001 et 500000 FCFA, les frais indiqués sont de 5000 FCFA (Forfait).","Never request or disclose a PIN, password, OTP, or biometric data. The user must verify transaction details and confirm only through the secure Moov Money flow.",https://moovmoney.ga/grille-tarifaire-client/,0.82,Derived Q&A — validate
FAQ0162,Derived from official page,devenir_marchand,Moov Money,Quels sont les frais de Paiement marchand pour un montant compris entre 450001 et 500000 FCFA ?,Quels sont les frais de Paiement marchand pour un montant de 450001 à 500000 FCFA ? | Combien coûte Paiement marchand ? | frais paiement marchand,"Pour Paiement marchand entre 450001 et 500000 FCFA, les frais indiqués sont de 1000 FCFA (Forfait).","Never request or disclose a PIN, password, OTP, or biometric data. The user must verify transaction details and confirm only through the secure Moov Money flow.",https://moovmoney.ga/grille-tarifaire-client/,0.82,Derived Q&A — validate
FAQ0163,Derived from official page,moov_money,Moov Money,Quels sont les frais de Transfert vers Moov Money pour un montant compris entre 450001 et 500000 FCFA ?,Quels sont les frais de Transfert vers Moov Money pour un montant de 450001 à 500000 FCFA ? | Combien coûte Transfert vers Moov Money ? | frais transfert vers moov money,"Pour Transfert vers Moov Money entre 450001 et 500000 FCFA, les frais indiqués sont de 1000 FCFA (Forfait).","Never request or disclose a PIN, password, OTP, or biometric data. The user must verify transaction details and confirm only through the secure Moov Money flow.",https://moovmoney.ga/grille-tarifaire-client/,0.82,Derived Q&A — validate
FAQ0164,Derived from official page,moov_money,Moov Money,Quels sont les frais de Consultation de solde ?,Quels sont les frais de Consultation de solde ? | Combien coûte Consultation de solde ? | frais consultation de solde,Frais: 0 FCFA (Gratuit).,,https://moovmoney.ga/grille-tarifaire-client/,0.82,Derived Q&A — validate
FAQ0165,Derived from official page,moov_money,Moov Money,Quels sont les frais de Changement de mot de passe ?,Quels sont les frais de Changement de mot de passe ? | Combien coûte Changement de mot de passe ? | frais changement de mot de passe,Frais: 0 FCFA (Gratuit).,"Never request or disclose a PIN, password, OTP, or biometric data. The user must verify transaction details and confirm only through the secure Moov Money flow.",https://moovmoney.ga/grille-tarifaire-client/,0.82,Derived Q&A — validate
FAQ0166,Derived from official page,moov_money,Moov Money,Quels sont les frais de Changement de surnom ?,Quels sont les frais de Changement de surnom ? | Combien coûte Changement de surnom ? | frais changement de surnom,Frais: 10 FCFA (Forfait).,,https://moovmoney.ga/grille-tarifaire-client/,0.82,Derived Q&A — validate
FAQ0167,Derived from official page,moov_money,Moov Money,Quels sont les frais de Rapport de transactions ?,Quels sont les frais de Rapport de transactions ? | Combien coûte Rapport de transactions ? | frais rapport de transactions,Frais: 10 FCFA (Forfait).,"Never request or disclose a PIN, password, OTP, or biometric data. The user must verify transaction details and confirm only through the secure Moov Money flow.",https://moovmoney.ga/grille-tarifaire-client/,0.82,Derived Q&A — validate
FAQ0168,Derived from official page,moov_money,Moov Money,Quels sont les frais de Informations ?,Quels sont les frais de Informations ? | Combien coûte Informations ? | frais informations,Frais: 0 FCFA (Gratuit).,,https://moovmoney.ga/grille-tarifaire-client/,0.82,Derived Q&A — validate
FAQ0169,Derived from official page,moov_money,Moov Money,Quels sont les frais de Création de compte ?,Quels sont les frais de Création de compte ? | Combien coûte Création de compte ? | frais creation de compte,Frais: 0 FCFA (Gratuit).,,https://moovmoney.ga/grille-tarifaire-client/,0.82,Derived Q&A — validate
FAQ0170,Derived from official page,moov_money,Moov Money,Quels sont les frais de Annulation P2P ?,Quels sont les frais de Annulation P2P ? | Combien coûte Annulation P2P ? | frais annulation p2p,Frais: 200 FCFA (Forfait).,,https://moovmoney.ga/grille-tarifaire-client/,0.82,Derived Q&A — validate
FAQ0171,Derived from official page,banking_uba,UBA Banking,Quels sont les frais de Moov Money vers banque pour un montant compris entre 1000 et 160000 FCFA ?,Quels sont les frais de Moov Money vers banque pour un montant de 1000 à 160000 FCFA ? | Combien coûte Moov Money vers banque ? | frais moov money vers banque,"Pour Moov Money vers banque entre 1000 et 160000 FCFA, les frais indiqués sont de 3 % (Pourcentage).",,https://moovmoney.ga/grille-tarifaire-client/,0.82,Derived Q&A — validate
FAQ0172,Derived from official page,banking_uba,UBA Banking,Quels sont les frais de Moov Money vers banque pour un montant compris entre 160001 et 500000 FCFA ?,Quels sont les frais de Moov Money vers banque pour un montant de 160001 à 500000 FCFA ? | Combien coûte Moov Money vers banque ? | frais moov money vers banque,"Pour Moov Money vers banque entre 160001 et 500000 FCFA, les frais indiqués sont de 5000 FCFA (Forfait).",,https://moovmoney.ga/grille-tarifaire-client/,0.82,Derived Q&A — validate
FAQ0173,Derived from official page,banking_uba,UBA Banking,Quels sont les frais de Banque vers Moov Money pour un montant compris entre 1000 et 500000 FCFA ?,Quels sont les frais de Banque vers Moov Money pour un montant de 1000 à 500000 FCFA ? | Combien coûte Banque vers Moov Money ? | frais banque vers moov money,"Pour Banque vers Moov Money entre 1000 et 500000 FCFA, les frais indiqués sont de 500 FCFA (Forfait).",,https://moovmoney.ga/grille-tarifaire-client/,0.82,Derived Q&A — validate
FAQ0174,Derived from official page,banking_uba,UBA Banking,Quels sont les frais de Consultation solde bancaire ?,Quels sont les frais de Consultation solde bancaire ? | Combien coûte Consultation solde bancaire ? | frais consultation solde bancaire,Frais: 100 FCFA (Forfait).,,https://moovmoney.ga/grille-tarifaire-client/,0.82,Derived Q&A — validate
FAQ0175,Derived from official page,banking_uba,UBA Banking,Quels sont les frais de Consultation historique bancaire ?,Quels sont les frais de Consultation historique bancaire ? | Combien coûte Consultation historique bancaire ? | frais consultation historique bancaire,Frais: 100 FCFA (Forfait).,,https://moovmoney.ga/grille-tarifaire-client/,0.82,Derived Q&A — validate
FAQ0176,Derived from official page,retrait_argent,BGFI GAB,Quels sont les frais de Retrait sans carte pour un montant compris entre 5000 et 165000 FCFA ?,Quels sont les frais de Retrait sans carte pour un montant de 5000 à 165000 FCFA ? | Combien coûte Retrait sans carte ? | frais retrait sans carte,"Pour Retrait sans carte entre 5000 et 165000 FCFA, les frais indiqués sont de 3 % (Pourcentage).","Never request or disclose a PIN, password, OTP, or biometric data. The user must verify transaction details and confirm only through the secure Moov Money flow.",https://moovmoney.ga/grille-tarifaire-client/,0.82,Derived Q&A — validate
FAQ0177,Derived from official page,retrait_argent,BGFI GAB,Quels sont les frais de Retrait sans carte ?,Quels sont les frais de Retrait sans carte ? | Combien coûte Retrait sans carte ? | frais retrait sans carte,Frais: 5000 FCFA (Forfait).,"Never request or disclose a PIN, password, OTP, or biometric data. The user must verify transaction details and confirm only through the secure Moov Money flow.",https://moovmoney.ga/grille-tarifaire-client/,0.82,Derived Q&A — validate
FAQ0178,Derived from official page,partenaire,Partenaire,Quels sont les frais de Achat unités MobileDan ?,Quels sont les frais de Achat unités MobileDan ? | Combien coûte Achat unités MobileDan ? | frais achat unites mobiledan,Frais: 100 FCFA (Forfait).,,https://moovmoney.ga/grille-tarifaire-client/,0.82,Derived Q&A — validate
FAQ0179,Derived from official page,partenaire,Partenaire,Quels sont les frais de Paiement facture SEEG ?,Quels sont les frais de Paiement facture SEEG ? | Combien coûte Paiement facture SEEG ? | frais paiement facture seeg,Frais: 500 FCFA (Forfait).,"Never request or disclose a PIN, password, OTP, or biometric data. The user must verify transaction details and confirm only through the secure Moov Money flow.",https://moovmoney.ga/grille-tarifaire-client/,0.82,Derived Q&A — validate
FAQ0180,Derived from official page,payer_canal,Partenaire,Quels sont les frais de Réabonnement Canal+ ?,Quels sont les frais de Réabonnement Canal+ ? | Combien coûte Réabonnement Canal+ ? | frais reabonnement canal+,Frais: 0 FCFA (Gratuit).,,https://moovmoney.ga/grille-tarifaire-client/,0.82,Derived Q&A — validate
FAQ0181,Derived from official page,payer_satcon,Partenaire,Quels sont les frais de Réabonnement SATCON ?,Quels sont les frais de Réabonnement SATCON ? | Combien coûte Réabonnement SATCON ? | frais reabonnement satcon,Frais: 0 FCFA (Gratuit).,,https://moovmoney.ga/grille-tarifaire-client/,0.82,Derived Q&A — validate
FAQ0182,Derived from official page,partenaire,Partenaire,Quels sont les frais de Inscription Université Omar Bongo ?,Quels sont les frais de Inscription Université Omar Bongo ? | Combien coûte Inscription Université Omar Bongo ? | frais inscription universite omar bongo,Frais: 0 FCFA (Gratuit).,,https://moovmoney.ga/grille-tarifaire-client/,0.82,Derived Q&A — validate
FAQ0183,Derived from official page,payer_campus_france,Partenaire,Quels sont les frais de Paiement Campus France ?,Quels sont les frais de Paiement Campus France ? | Combien coûte Paiement Campus France ? | frais paiement campus france,Frais: 350 FCFA (Forfait).,"Never request or disclose a PIN, password, OTP, or biometric data. The user must verify transaction details and confirm only through the secure Moov Money flow.",https://moovmoney.ga/grille-tarifaire-client/,0.82,Derived Q&A — validate
FAQ0184,Derived from official page,partenaire,Partenaire,Quels sont les frais de Recharge Total Card ?,Quels sont les frais de Recharge Total Card ? | Combien coûte Recharge Total Card ? | frais recharge total card,Frais: 10–1000 FCFA (Fourchette).,,https://moovmoney.ga/grille-tarifaire-client/,0.82,Derived Q&A — validate
FAQ0185,Derived from official page,carte_visa,Carte Visa,Quels sont les frais de Carte Visa vers Moov Money ?,Quels sont les frais de Carte Visa vers Moov Money ? | Combien coûte Carte Visa vers Moov Money ? | frais carte visa vers moov money,Frais: 1000 FCFA (Forfait).,"Never request or disclose a PIN, password, OTP, or biometric data. The user must verify transaction details and confirm only through the secure Moov Money flow.",https://moovmoney.ga/carte-visa-uba-moov-money/,0.82,Derived Q&A — validate
FAQ0186,Derived from official page,carte_visa,Carte Visa,Quels sont les frais de Moov Money vers Carte Visa ?,Quels sont les frais de Moov Money vers Carte Visa ? | Combien coûte Moov Money vers Carte Visa ? | frais moov money vers carte visa,Frais: 1.5 % (Pourcentage).,"Never request or disclose a PIN, password, OTP, or biometric data. The user must verify transaction details and confirm only through the secure Moov Money flow.",https://moovmoney.ga/carte-visa-uba-moov-money/,0.82,Derived Q&A — validate
FAQ0187,Derived from official page,carte_visa,Carte Visa,Quels sont les frais de Consultation solde ?,Quels sont les frais de Consultation solde ? | Combien coûte Consultation solde ? | frais consultation solde,Frais: 100 FCFA (Forfait).,,https://moovmoney.ga/carte-visa-uba-moov-money/,0.82,Derived Q&A — validate
FAQ0188,Derived from official page,carte_visa,Carte Visa,Quels sont les frais de Consultation 5 dernières transactions ?,Quels sont les frais de Consultation 5 dernières transactions ? | Combien coûte Consultation 5 dernières transactions ? | frais consultation 5 dernieres transactions,Frais: 100 FCFA (Forfait).,"Never request or disclose a PIN, password, OTP, or biometric data. The user must verify transaction details and confirm only through the secure Moov Money flow.",https://moovmoney.ga/carte-visa-uba-moov-money/,0.82,Derived Q&A — validate
FAQ0189,Derived from official page,carte_visa,Carte Visa,Quels sont les frais de Transfert carte à carte ?,Quels sont les frais de Transfert carte à carte ? | Combien coûte Transfert carte à carte ? | frais transfert carte a carte,Frais: 2380 FCFA (Forfait).,"Never request or disclose a PIN, password, OTP, or biometric data. The user must verify transaction details and confirm only through the secure Moov Money flow.",https://moovmoney.ga/carte-visa-uba-moov-money/,0.82,Derived Q&A — validate
FAQ0190,Derived from official page,carte_visa,Carte Visa,Quels sont les frais de Maintenance mensuelle ?,Quels sont les frais de Maintenance mensuelle ? | Combien coûte Maintenance mensuelle ? | frais maintenance mensuelle,Frais: 2380 FCFA (Forfait).,,https://moovmoney.ga/carte-visa-uba-moov-money/,0.82,Derived Q&A — validate
FAQ0191,Derived from official page,carte_visa,Carte Visa,Quels sont les frais de Achat sur TPE UBA ?,Quels sont les frais de Achat sur TPE UBA ? | Combien coûte Achat sur TPE UBA ? | frais achat sur tpe uba,Frais: 1190 FCFA (Forfait).,,https://moovmoney.ga/carte-visa-uba-moov-money/,0.82,Derived Q&A — validate
FAQ0192,Derived from official page,carte_visa,Carte Visa,Quels sont les frais de Achat internet international / TPE hors UBA ?,Quels sont les frais de Achat internet international / TPE hors UBA ? | Combien coûte Achat internet international / TPE hors UBA ? | frais achat internet international / tpe hors uba,Frais: 4.5 % (Pourcentage).,,https://moovmoney.ga/carte-visa-uba-moov-money/,0.82,Derived Q&A — validate
FAQ0193,Derived from official page,retrait_argent,Carte Visa,Quels sont les frais de Retrait GAB UBA ?,Quels sont les frais de Retrait GAB UBA ? | Combien coûte Retrait GAB UBA ? | frais retrait gab uba,Frais: 0 FCFA (Gratuit).,"Never request or disclose a PIN, password, OTP, or biometric data. The user must verify transaction details and confirm only through the secure Moov Money flow.",https://moovmoney.ga/carte-visa-uba-moov-money/,0.82,Derived Q&A — validate
FAQ0194,Derived from official page,retrait_argent,Carte Visa,Quels sont les frais de Retrait autre banque locale GIMAC ?,Quels sont les frais de Retrait autre banque locale GIMAC ? | Combien coûte Retrait autre banque locale GIMAC ? | frais retrait autre banque locale gimac,Frais: 1000 FCFA (Forfait).,"Never request or disclose a PIN, password, OTP, or biometric data. The user must verify transaction details and confirm only through the secure Moov Money flow.",https://moovmoney.ga/carte-visa-uba-moov-money/,0.82,Derived Q&A — validate
FAQ0195,Derived from official page,retrait_argent,Carte Visa,Quels sont les frais de Retrait autre banque locale non-GIMAC ?,Quels sont les frais de Retrait autre banque locale non-GIMAC ? | Combien coûte Retrait autre banque locale non-GIMAC ? | frais retrait autre banque locale non-gimac,Frais: 2380 FCFA (Forfait).,"Never request or disclose a PIN, password, OTP, or biometric data. The user must verify transaction details and confirm only through the secure Moov Money flow.",https://moovmoney.ga/carte-visa-uba-moov-money/,0.82,Derived Q&A — validate
FAQ0196,Derived from official page,retrait_argent,Carte Visa,Quels sont les frais de Retrait GAB zone euro ?,Quels sont les frais de Retrait GAB zone euro ? | Combien coûte Retrait GAB zone euro ? | frais retrait gab zone euro,Frais: 5 % (Pourcentage).,"Never request or disclose a PIN, password, OTP, or biometric data. The user must verify transaction details and confirm only through the secure Moov Money flow.",https://moovmoney.ga/carte-visa-uba-moov-money/,0.82,Derived Q&A — validate
FAQ0197,Derived from official page,retrait_argent,Carte Visa,Quels sont les frais de Retrait autre devise ?,Quels sont les frais de Retrait autre devise ? | Combien coûte Retrait autre devise ? | frais retrait autre devise,Frais: 8 % (Pourcentage).,"Never request or disclose a PIN, password, OTP, or biometric data. The user must verify transaction details and confirm only through the secure Moov Money flow.",https://moovmoney.ga/carte-visa-uba-moov-money/,0.82,Derived Q&A — validate
FAQ0198,Derived from official page,data,Data,Quel est le prix et la validité de Forfait Data 200 MB ?,Quel est le prix de Forfait Data 200 MB ? | Comment acheter Forfait Data 200 MB ? | forfait forfait data 200 mb,"200 MB à 100 FCFA, valable 1 heure.",,https://moovmoney.ga/services/achat-de-forfait/,0.82,Derived Q&A — validate
FAQ0199,Derived from official page,data,Data,Quel est le prix et la validité de Forfait Data 1 GB ?,Quel est le prix de Forfait Data 1 GB ? | Comment acheter Forfait Data 1 GB ? | forfait forfait data 1 gb,"1 GB à 500 FCFA, valable 1 jour.",,https://moovmoney.ga/services/achat-de-forfait/,0.82,Derived Q&A — validate
FAQ0200,Derived from official page,data,Data,Quel est le prix et la validité de Forfait Data 2 GB ?,Quel est le prix de Forfait Data 2 GB ? | Comment acheter Forfait Data 2 GB ? | forfait forfait data 2 gb,"2 GB à 1000 FCFA, valable 3 jours.",,https://moovmoney.ga/services/achat-de-forfait/,0.82,Derived Q&A — validate
FAQ0201,Derived from official page,data,Data,Quel est le prix et la validité de Forfait Data 5 GB ?,Quel est le prix de Forfait Data 5 GB ? | Comment acheter Forfait Data 5 GB ? | forfait forfait data 5 gb,"5 GB à 2000 FCFA, valable 7 jours.",,https://moovmoney.ga/services/achat-de-forfait/,0.82,Derived Q&A — validate
FAQ0202,Derived from official page,data,Data,Quel est le prix et la validité de Forfait Data 14 GB ?,Quel est le prix de Forfait Data 14 GB ? | Comment acheter Forfait Data 14 GB ? | forfait forfait data 14 gb,"14 GB à 5000 FCFA, valable 14 jours.",,https://moovmoney.ga/services/achat-de-forfait/,0.82,Derived Q&A — validate
FAQ0203,Derived from official page,data,Data,Quel est le prix et la validité de Forfait Data 30 GB ?,Quel est le prix de Forfait Data 30 GB ? | Comment acheter Forfait Data 30 GB ? | forfait forfait data 30 gb,"30 GB à 10000 FCFA, valable 30 jours.",,https://moovmoney.ga/services/achat-de-forfait/,0.82,Derived Q&A — validate
FAQ0204,Derived from official page,acheter_forfait_voix,Voix,Quel est le prix et la validité de Forfait Voix 30 minutes ?,Quel est le prix de Forfait Voix 30 minutes ? | Comment acheter Forfait Voix 30 minutes ? | forfait forfait voix 30 minutes,"30 minutes à 100 FCFA, valable 1 heure.",,https://moovmoney.ga/services/achat-de-forfait/,0.82,Derived Q&A — validate
FAQ0205,Derived from official page,acheter_forfait_voix,Voix,Quel est le prix et la validité de Forfait Voix 90 minutes ?,Quel est le prix de Forfait Voix 90 minutes ? | Comment acheter Forfait Voix 90 minutes ? | forfait forfait voix 90 minutes,"90 minutes à 500 FCFA, valable 1 jour.",,https://moovmoney.ga/services/achat-de-forfait/,0.82,Derived Q&A — validate
FAQ0206,Derived from official page,acheter_forfait_voix,Voix,Quel est le prix et la validité de Forfait Voix 3 heures ?,Quel est le prix de Forfait Voix 3 heures ? | Comment acheter Forfait Voix 3 heures ? | forfait forfait voix 3 heures,"3 heures à 1000 FCFA, valable 3 jours.",,https://moovmoney.ga/services/achat-de-forfait/,0.82,Derived Q&A — validate
FAQ0207,Derived from official page,acheter_forfait_voix,Voix,Quel est le prix et la validité de Forfait Voix 6 heures ?,Quel est le prix de Forfait Voix 6 heures ? | Comment acheter Forfait Voix 6 heures ? | forfait forfait voix 6 heures,"6 heures à 2000 FCFA, valable 7 jours.",,https://moovmoney.ga/services/achat-de-forfait/,0.82,Derived Q&A — validate
FAQ0208,Derived from official page,acheter_forfait_voix,Voix,Quel est le prix et la validité de Forfait Voix 16 heures ?,Quel est le prix de Forfait Voix 16 heures ? | Comment acheter Forfait Voix 16 heures ? | forfait forfait voix 16 heures,"16 heures à 5000 FCFA, valable 14 jours.",,https://moovmoney.ga/services/achat-de-forfait/,0.82,Derived Q&A — validate
FAQ0209,Derived from official page,acheter_forfait_voix,Voix,Quel est le prix et la validité de Forfait Voix 40 heures ?,Quel est le prix de Forfait Voix 40 heures ? | Comment acheter Forfait Voix 40 heures ? | forfait forfait voix 40 heures,"40 heures à 10000 FCFA, valable 30 jours.",,https://moovmoney.ga/services/achat-de-forfait/,0.82,Derived Q&A — validate
FAQ0210,Derived procedure Q&A,transfert_national,Transfert national,Quelles sont les étapes pour Transfert national ?,Comment faire Transfert national ? | Procédure transfert national | aide transfert national,"1. Ouvrir le menu Moov Money.
1. Ouvrir la fonction Transfert.
2. Choisir l’option Transfert.
2. Renseigner le numéro du bénéficiaire.
3. Choisir le transfert vers un numéro.
3. Saisir le montant.
4. Saisir le numéro du bénéficiaire puis le montant.
4. Vérifier le récapitulatif.
5. Valider avec le code PIN.
5. Confirmer avec le code PIN.","Never request or disclose a PIN, password, OTP, or biometric data. The user must verify transaction details and confirm only through the secure Moov Money flow.",https://moovmoney.ga/services/transfert-national/,0.84,Derived Q&A — validate
FAQ0211,Derived procedure Q&A,retrait_argent,Retrait d’espèces,Quelles sont les étapes pour Retrait d’espèces ?,Comment faire Retrait d’espèces ? | Procédure retrait d’especes | aide retrait d’especes,"1. Choisir Retrait.
2. Sélectionner le type de retrait proposé.
3. Saisir le code de l’agent.
4. Saisir le montant.
5. Valider avec le code PIN.","Never request or disclose a PIN, password, OTP, or biometric data. The user must verify transaction details and confirm only through the secure Moov Money flow.",https://moovmoney.ga/services/retrait/,0.84,Derived Q&A — validate
FAQ0212,Derived procedure Q&A,achat_de_credit,Achat de crédit,Quelles sont les étapes pour Achat de crédit ?,Comment faire Achat de crédit ? | Procédure achat de credit | aide achat de credit,"1. Choisir Achat de crédit.
2. Indiquer si la recharge concerne son numéro ou un tiers.
3. Saisir le numéro si nécessaire.
4. Saisir le montant.
5. Valider avec le code PIN.","Never request or disclose a PIN, password, OTP, or biometric data. The user must verify transaction details and confirm only through the secure Moov Money flow.",https://moovmoney.ga/services/recharges/,0.84,Derived Q&A — validate
FAQ0213,Derived procedure Q&A,achat_de_forfait,Achat de forfait,Quelles sont les étapes pour Achat de forfait ?,Comment faire Achat de forfait ? | Procédure achat de forfait | aide achat de forfait,"1. Ouvrir Achat de forfait.
2. Choisir le bénéficiaire: soi-même, tiers ou SpeedBox.
4. Sélectionner le pass.
5. Confirmer avec le code PIN.","Never request or disclose a PIN, password, OTP, or biometric data. The user must verify transaction details and confirm only through the secure Moov Money flow.",https://moovmoney.ga/services/achat-de-forfait/,0.84,Derived Q&A — validate
FAQ0214,Derived procedure Q&A,acheter_forfait_voix,Achat de forfait,Quelles sont les étapes pour Achat de forfait ?,Comment faire Achat de forfait ? | Procédure achat de forfait | aide achat de forfait,3. Choisir la famille Voix ou Data.,,https://moovmoney.ga/services/achat-de-forfait/,0.84,Derived Q&A — validate
FAQ0215,Derived procedure Q&A,payer_seeg_edan,Paiement SEEG/EDAN,Quelles sont les étapes pour Paiement SEEG/EDAN ?,Comment faire Paiement SEEG/EDAN ? | Procédure paiement seeg/edan | aide paiement seeg/edan,"1. Ouvrir le menu SEEG.
2. Choisir MobileDan ou le type de service.
3. Choisir Paiement.
4. Renseigner le contact ou la référence.
5. Préciser si le compteur est enregistré.
6. Saisir le nom et le montant demandés.
7. Valider avec le code PIN.","Never request or disclose a PIN, password, OTP, or biometric data. The user must verify transaction details and confirm only through the secure Moov Money flow.",https://moovmoney.ga/services/paiement-seeg-et-edan/,0.84,Derived Q&A — validate
FAQ0216,Derived procedure Q&A,payer_gabon_telecom,Paiement Gabon Telecom,Quelles sont les étapes pour Paiement Gabon Telecom ?,Comment faire Paiement Gabon Telecom ? | Procédure paiement gabon telecom | aide paiement gabon telecom,"1. Choisir Paiement.
2. Choisir Gabon Telecom.
3. Sélectionner ADSL, DUO ou Fibre.
4. Saisir le numéro fixe ou la référence.
5. Choisir le paiement.
6. Confirmer avec le code PIN.","Never request or disclose a PIN, password, OTP, or biometric data. The user must verify transaction details and confirm only through the secure Moov Money flow.",https://moovmoney.ga/services/facture-gabon-telecom/,0.84,Derived Q&A — validate
FAQ0217,Derived procedure Q&A,payer_canal,Réabonnement Canal+,Quelles sont les étapes pour Réabonnement Canal+ ?,Comment faire Réabonnement Canal+ ? | Procédure reabonnement canal+ | aide reabonnement canal+,"1. Choisir Paiement.
2. Choisir Canal+.
3. Sélectionner le type de transaction.
4. Indiquer si la carte est enregistrée.
5. Vérifier le numéro de carte.
6. Confirmer avec le code PIN.","Never request or disclose a PIN, password, OTP, or biometric data. The user must verify transaction details and confirm only through the secure Moov Money flow.",https://moovmoney.ga/services/canal-et-satcon/,0.84,Derived Q&A — validate
FAQ0218,Derived procedure Q&A,payer_canal,Réabonnement SATCON,Quelles sont les étapes pour Réabonnement SATCON ?,Comment faire Réabonnement SATCON ? | Procédure reabonnement satcon | aide reabonnement satcon,"1. Choisir Paiement.
2. Choisir SATCON.
3. Sélectionner la nature de l’opération.
4. Indiquer le statut de la carte.
5. Choisir la durée ou la formule.
6. Vérifier le récapitulatif.
7. Confirmer avec le code PIN.","Never request or disclose a PIN, password, OTP, or biometric data. The user must verify transaction details and confirm only through the secure Moov Money flow.",https://moovmoney.ga/services/canal-et-satcon/,0.84,Derived Q&A — validate
FAQ0219,Derived procedure Q&A,payer_campus_france,Paiement Campus France,Quelles sont les étapes pour Paiement Campus France ?,Comment faire Paiement Campus France ? | Procédure paiement campus france | aide paiement campus france,"1. Choisir Paiement.
2. Choisir Campus France.
3. Saisir le numéro de dossier.
4. Choisir la nature des frais.
5. Vérifier le récapitulatif.
6. Valider avec le code PIN.","Never request or disclose a PIN, password, OTP, or biometric data. The user must verify transaction details and confirm only through the secure Moov Money flow.",https://moovmoney.ga/services/campus-france/,0.84,Derived Q&A — validate
FAQ0220,Derived procedure Q&A,devenir_marchand,Paiement marchand standard,Quelles sont les étapes pour Paiement marchand standard ?,Comment faire Paiement marchand standard ? | Procédure paiement marchand standard | aide paiement marchand standard,"1. Choisir Paiement.
2. Choisir Marchand.
3. Saisir le code marchand.
4. Saisir le montant.
5. Valider avec le code PIN.","Never request or disclose a PIN, password, OTP, or biometric data. The user must verify transaction details and confirm only through the secure Moov Money flow.",https://moovmoney.ga/marchand/standards-et-partenaires/,0.84,Derived Q&A — validate
FAQ0221,Derived procedure Q&A,transfert_cemac,Transfert CEMAC,Quelles sont les étapes pour Transfert CEMAC ?,Comment faire Transfert CEMAC ? | Procédure transfert cemac | aide transfert cemac,"1. Choisir GIMACPAY.
1. Choisir GIMACPAY.
2. Choisir Transfert.
2. Choisir Transfert.
3. Choisir Transfert CEMAC.
3. Choisir Transfert CEMAC.
4. Sélectionner le pays.
4. Sélectionner le pays.
5. Sélectionner l’opérateur.
5. Sélectionner l’opérateur.
6. Saisir le numéro, le montant et confirmer avec le code PIN.
6. Saisir le numéro et le montant.
7. Confirmer le récapitulatif.
8. Saisir le code PIN.","Never request or disclose a PIN, password, OTP, or biometric data. The user must verify transaction details and confirm only through the secure Moov Money flow.",https://moovmoney.ga/services/transfert-international/,0.84,Derived Q&A — validate
FAQ0222,Derived procedure Q&A,activation_compte,Activation compte,Quelles sont les étapes pour Activation compte ?,Comment faire Activation compte ? | Procédure activation compte | aide activation compte,"1. Après activation ou remise du mot de passe temporaire, composer le code.
2. Accéder à la fonction de changement de mot de passe.
3. Définir un nouveau code confidentiel.
4. Conserver le code PIN secret.","Never request or disclose a PIN, password, OTP, or biometric data. The user must verify transaction details and confirm only through the secure Moov Money flow.",https://moovmoney.ga/devenir-client/,0.84,Derived Q&A — validate
FAQ0223,Derived procedure Q&A,devenir_revendeur,Approvisionnement revendeur BGFIBank,Quelles sont les étapes pour Approvisionnement revendeur BGFIBank ?,Comment faire Approvisionnement revendeur BGFIBank ? | Procédure approvisionnement revendeur bgfibank | aide approvisionnement revendeur bgfibank,"1. Se rendre dans une agence BGFIBank.
2. Renseigner le code agent public indiqué par Moov Money.
3. Renseigner le compte bénéficiaire public indiqué sur le site.
4. Mettre son numéro Moov Money dans le motif.
5. L’agence vérifie le profil revendeur et exécute l’approvisionnement.",,https://moovmoney.ga/services/approvisionnement-via-les-agences-bgfi/,0.84,Derived Q&A — validate
