chunk_id,record_type,intent,category,subcategory,title,user_question,question_variants,chatbot_answer,detailed_context,procedure,fee_information,limit_information,eligibility,required_documents,channel,ussd_code,security_notice,escalation_condition,keywords,language,source_url,source_title,collected_at,confidence_score,validation_status
KB0001,page,institutionnel,Institutionnel,Accueil,Moov Money Gabon,Que dois-je savoir sur Moov Money Gabon ?,Que propose Moov Money Gabon ? | Donnez-moi des informations sur Moov Money Gabon | moov money gabon,"Présentation générale des services, agrément, accès rapides et coordonnées.","Présentation générale des services, agrément, accès rapides et coordonnées.",,,,,,,,,,"Institutionnel, Moov Money Gabon, institutionnel",fr,https://moovmoney.ga/,Moov Money Gabon,2026-07-21,0.95,Official public source
KB0002,page,client,Client,Onboarding,Devenir client,Que dois-je savoir sur Devenir client ?,Que propose Devenir client ? | Donnez-moi des informations sur Devenir client | devenir client,"Création ou activation d’un compte Moov Money, en ligne ou en agence.","Création ou activation d’un compte Moov Money, en ligne ou en agence.",,,,,,,,,,"Client, Devenir client, client",fr,https://moovmoney.ga/devenir-client/,Devenir client,2026-07-21,0.95,Official public source
KB0003,page,retrait_argent,Client,Catalogue,Services de base,Que dois-je savoir sur Services de base ?,Que propose Services de base ? | Donnez-moi des informations sur Services de base | services de base,"Vue d’ensemble des transferts, dépôts, retraits, recharges et forfaits.","Vue d’ensemble des transferts, dépôts, retraits, recharges et forfaits.",,,,,,,,"Never request or disclose a PIN, password, OTP, or biometric data. The user must verify transaction details and confirm only through the secure Moov Money flow.",,"Client, Services de base, retrait_argent",fr,https://moovmoney.ga/services-de-base/,Services de base,2026-07-21,0.95,Official public source
KB0004,page,transfert_national,Client,Transfert,Transfert national,Que dois-je savoir sur Transfert national ?,Que propose Transfert national ? | Donnez-moi des informations sur Transfert national | transfert national,Envoi d’argent à un numéro via USSD ou application.,Envoi d’argent à un numéro via USSD ou application.,,,,,,,,"Never request or disclose a PIN, password, OTP, or biometric data. The user must verify transaction details and confirm only through the secure Moov Money flow.",,"Client, Transfert national, transfert_national",fr,https://moovmoney.ga/services/transfert-national/,Transfert national,2026-07-21,0.95,Official public source
KB0005,page,depot_argent,Client,Cash-in,Dépôt,Que dois-je savoir sur Dépôt ?,Que propose Dépôt ? | Donnez-moi des informations sur Dépôt | depot,Dépôt d’espèces auprès d’un agent contre unités de valeur Moov Money.,Dépôt d’espèces auprès d’un agent contre unités de valeur Moov Money.,,,,,,,,,,"Client, Dépôt, depot_argent",fr,https://moovmoney.ga/services/depot/,Dépôt,2026-07-21,0.95,Official public source
KB0006,page,retrait_argent,Client,Cash-out,Retrait,Que dois-je savoir sur Retrait ?,Que propose Retrait ? | Donnez-moi des informations sur Retrait | retrait,"Retrait d’espèces via revendeur, USSD ou application.","Retrait d’espèces via revendeur, USSD ou application.",,,,,,,,"Never request or disclose a PIN, password, OTP, or biometric data. The user must verify transaction details and confirm only through the secure Moov Money flow.",,"Client, Retrait, retrait_argent",fr,https://moovmoney.ga/services/retrait/,Retrait,2026-07-21,0.95,Official public source
KB0007,page,client,Client,Télécom,Achat de crédit,Que dois-je savoir sur Achat de crédit ?,Que propose Achat de crédit ? | Donnez-moi des informations sur Achat de crédit | achat de credit,Achat de crédit pour soi-même ou un tiers.,Achat de crédit pour soi-même ou un tiers.,,,,,,,,,,"Client, Achat de crédit, client",fr,https://moovmoney.ga/services/recharges/,Achat de crédit,2026-07-21,0.95,Official public source
KB0008,page,acheter_forfait_voix,Client,Télécom,Achat de forfait,Que dois-je savoir sur Achat de forfait ?,Que propose Achat de forfait ? | Donnez-moi des informations sur Achat de forfait | achat de forfait,Forfaits voix et data pour mobile ou SpeedBox.,Forfaits voix et data pour mobile ou SpeedBox.,,,,,,,,,,"Client, Achat de forfait, acheter_forfait_voix",fr,https://moovmoney.ga/services/achat-de-forfait/,Achat de forfait,2026-07-21,0.95,Official public source
KB0009,page,payer_seeg_edan,Paiement,Factures,SEEG et EDAN,Que dois-je savoir sur SEEG et EDAN ?,Que propose SEEG et EDAN ? | Donnez-moi des informations sur SEEG et EDAN | seeg et edan,Paiement de factures et unités prépayées d’eau/électricité.,Paiement de factures et unités prépayées d’eau/électricité.,,,,,,,,"Never request or disclose a PIN, password, OTP, or biometric data. The user must verify transaction details and confirm only through the secure Moov Money flow.",,"Paiement, SEEG et EDAN, payer_seeg_edan",fr,https://moovmoney.ga/services/paiement-seeg-et-edan/,SEEG et EDAN,2026-07-21,0.95,Official public source
KB0010,page,payer_gabon_telecom,Paiement,Factures,Gabon Telecom,Que dois-je savoir sur Gabon Telecom ?,Que propose Gabon Telecom ? | Donnez-moi des informations sur Gabon Telecom | gabon telecom,"Paiement ADSL, DUO et Fibre.","Paiement ADSL, DUO et Fibre.",,,,,,,,"Never request or disclose a PIN, password, OTP, or biometric data. The user must verify transaction details and confirm only through the secure Moov Money flow.",,"Paiement, Gabon Telecom, payer_gabon_telecom",fr,https://moovmoney.ga/services/facture-gabon-telecom/,Gabon Telecom,2026-07-21,0.95,Official public source
KB0011,page,payer_canal,Paiement,TV,Canal+ et SATCON,Que dois-je savoir sur Canal+ et SATCON ?,Que propose Canal+ et SATCON ? | Donnez-moi des informations sur Canal+ et SATCON | canal+ et satcon,Réabonnement TV via USSD ou application.,Réabonnement TV via USSD ou application.,,,,,,,,,,"Paiement, Canal+ et SATCON, payer_canal",fr,https://moovmoney.ga/services/canal-et-satcon/,Canal+ et SATCON,2026-07-21,0.95,Official public source
KB0012,page,payer_campus_france,Paiement,Éducation,Campus France,Que dois-je savoir sur Campus France ?,Que propose Campus France ? | Donnez-moi des informations sur Campus France | campus france,Paiement des frais Campus France depuis le compte Moov Money.,Paiement des frais Campus France depuis le compte Moov Money.,,,,,,,,"Never request or disclose a PIN, password, OTP, or biometric data. The user must verify transaction details and confirm only through the secure Moov Money flow.","Escalate when the information is contradictory, the account must be verified, or the issue involves fraud, a blocked account, or an unrecognized transaction.","Paiement, Campus France, payer_campus_france",fr,https://moovmoney.ga/services/campus-france/,Campus France,2026-07-21,0.65,À valider
KB0013,page,paiement_online,Digital,E-commerce,Moov Money Online — client,Que dois-je savoir sur Moov Money Online — client ?,Que propose Moov Money Online — client ? | Donnez-moi des informations sur Moov Money Online — client | moov money online — client,Paiement en ligne sécurisé par validation et code PIN.,Paiement en ligne sécurisé par validation et code PIN.,,,,,,,,"Never request or disclose a PIN, password, OTP, or biometric data. The user must verify transaction details and confirm only through the secure Moov Money flow.",,"Digital, Moov Money Online — client, paiement_online",fr,https://moovmoney.ga/moov-money-online-client/,Moov Money Online — client,2026-07-21,0.95,Official public source
KB0014,page,paiement_payxpress,Digital,Paiement de proximité,PayXpress — client,Que dois-je savoir sur PayXpress — client ?,Que propose PayXpress — client ? | Donnez-moi des informations sur PayXpress — client | payxpress — client,"Paiement initié par le marchand, confirmé par le client.","Paiement initié par le marchand, confirmé par le client.",,,,,,,,"Never request or disclose a PIN, password, OTP, or biometric data. The user must verify transaction details and confirm only through the secure Moov Money flow.",,"Digital, PayXpress — client, paiement_payxpress",fr,https://moovmoney.ga/payxpress-client/,PayXpress — client,2026-07-21,0.95,Official public source
KB0015,page,paiement_payxpress,Marchand,Catalogue,Offre marchand,Que dois-je savoir sur Offre marchand ?,Que propose Offre marchand ? | Donnez-moi des informations sur Offre marchand | offre marchand,"Services standard, Online et PayXpress pour les commerçants.","Services standard, Online et PayXpress pour les commerçants.",,,,,,,,,,"Marchand, Offre marchand, paiement_payxpress",fr,https://moovmoney.ga/marchand/,Offre marchand,2026-07-21,0.95,Official public source
KB0016,page,devenir_marchand,Marchand,Paiement standard,Marchands standards et partenaires,Que dois-je savoir sur Marchands standards et partenaires ?,Que propose Marchands standards et partenaires ? | Donnez-moi des informations sur Marchands standards et partenaires | marchands standards et partenaires,Paiement marchand avec code marchand via USSD ou application.,Paiement marchand avec code marchand via USSD ou application.,,,,,,,,"Never request or disclose a PIN, password, OTP, or biometric data. The user must verify transaction details and confirm only through the secure Moov Money flow.",,"Marchand, Marchands standards et partenaires, devenir_marchand",fr,https://moovmoney.ga/marchand/standards-et-partenaires/,Marchands standards et partenaires,2026-07-21,0.95,Official public source
KB0017,page,paiement_online,Marchand,Intégration web,Moov Money Online — marchand,Que dois-je savoir sur Moov Money Online — marchand ?,Que propose Moov Money Online — marchand ? | Donnez-moi des informations sur Moov Money Online — marchand | moov money online — marchand,Intégration de paiement e-commerce et processus d’adhésion.,Intégration de paiement e-commerce et processus d’adhésion.,,,,,,,,"Never request or disclose a PIN, password, OTP, or biometric data. The user must verify transaction details and confirm only through the secure Moov Money flow.",,"Marchand, Moov Money Online — marchand, paiement_online",fr,https://moovmoney.ga/marchand/moov-money-online-marchand/,Moov Money Online — marchand,2026-07-21,0.95,Official public source
KB0018,page,paiement_payxpress,Marchand,Paiement de proximité,PayXpress — marchand,Que dois-je savoir sur PayXpress — marchand ?,Que propose PayXpress — marchand ? | Donnez-moi des informations sur PayXpress — marchand | payxpress — marchand,Encaissement dématérialisé initié par le marchand.,Encaissement dématérialisé initié par le marchand.,,,,,,,,,,"Marchand, PayXpress — marchand, paiement_payxpress",fr,https://moovmoney.ga/marchand/payxpress-marchand/,PayXpress — marchand,2026-07-21,0.95,Official public source
KB0019,page,devenir_marchand,Marchand,Onboarding,Devenir marchand,Que dois-je savoir sur Devenir marchand ?,Que propose Devenir marchand ? | Donnez-moi des informations sur Devenir marchand | devenir marchand,Procédures selon le type de marchand.,Procédures selon le type de marchand.,,,,,,,,,,"Marchand, Devenir marchand, devenir_marchand",fr,https://moovmoney.ga/devenir-marchand/,Devenir marchand,2026-07-21,0.95,Official public source
KB0020,page,interoperabilite,Interopérabilité,CEMAC,GIMACPAY,Que dois-je savoir sur GIMACPAY ?,Que propose GIMACPAY ? | Donnez-moi des informations sur GIMACPAY | gimacpay,"Interopérabilité Mobile Money, banque, carte et transferts dans la CEMAC.","Interopérabilité Mobile Money, banque, carte et transferts dans la CEMAC.",,,,,,,,"Never request or disclose a PIN, password, OTP, or biometric data. The user must verify transaction details and confirm only through the secure Moov Money flow.",,"Interopérabilité, GIMACPAY, interoperabilite",fr,https://moovmoney.ga/services/interoperabilite-gimacpay/,GIMACPAY,2026-07-21,0.95,Official public source
KB0021,page,interoperabilite,Interopérabilité,Transfert,Transfert international CEMAC,Que dois-je savoir sur Transfert international CEMAC ?,Que propose Transfert international CEMAC ? | Donnez-moi des informations sur Transfert international CEMAC | transfert international cemac,Envoi d’argent dans six pays CEMAC via GIMACPAY.,Envoi d’argent dans six pays CEMAC via GIMACPAY.,,,,,,,,"Never request or disclose a PIN, password, OTP, or biometric data. The user must verify transaction details and confirm only through the secure Moov Money flow.",,"Interopérabilité, Transfert international CEMAC, interoperabilite",fr,https://moovmoney.ga/services/transfert-international/,Transfert international CEMAC,2026-07-21,0.95,Official public source
KB0022,page,interoperabilite,Interopérabilité,Rémittence,Rémittence entrante,Que dois-je savoir sur Rémittence entrante ?,Que propose Rémittence entrante ? | Donnez-moi des informations sur Rémittence entrante | remittence entrante,Réception de fonds depuis des partenaires internationaux.,Réception de fonds depuis des partenaires internationaux.,,,,,,,,,,"Interopérabilité, Rémittence entrante, interoperabilite",fr,https://moovmoney.ga/services/remittence-entrante/,Rémittence entrante,2026-07-21,0.95,Official public source
KB0023,page,banking,Banking,Catalogue,Moov Money Banking,Que dois-je savoir sur Moov Money Banking ?,Que propose Moov Money Banking ? | Donnez-moi des informations sur Moov Money Banking | moov money banking,Vue d’ensemble des services bancaires reliés au wallet.,Vue d’ensemble des services bancaires reliés au wallet.,,,,,,,,"Never request or disclose a PIN, password, OTP, or biometric data. The user must verify transaction details and confirm only through the secure Moov Money flow.",,"Banking, Moov Money Banking, banking",fr,https://moovmoney.ga/services/moov-money-banking/,Moov Money Banking,2026-07-21,0.95,Official public source
KB0024,page,banking_uba,Banking,UBA,Moov Money UBA,Que dois-je savoir sur Moov Money UBA ?,Que propose Moov Money UBA ? | Donnez-moi des informations sur Moov Money UBA | moov money uba,Rattachement du wallet à un compte ou une carte UBA.,Rattachement du wallet à un compte ou une carte UBA.,,,,,,,,"Never request or disclose a PIN, password, OTP, or biometric data. The user must verify transaction details and confirm only through the secure Moov Money flow.",,"Banking, Moov Money UBA, banking_uba",fr,https://moovmoney.ga/moov-money-uba/,Moov Money UBA,2026-07-21,0.95,Official public source
KB0025,page,carte_visa,Banking,Carte Visa,Carte Visa UBA Moov Money,Que dois-je savoir sur Carte Visa UBA Moov Money ?,Que propose Carte Visa UBA Moov Money ? | Donnez-moi des informations sur Carte Visa UBA Moov Money | carte visa uba moov money,"Carte Visa prépayée liée au wallet, tarifs et usages.","Carte Visa prépayée liée au wallet, tarifs et usages.",,,,,,,,"Never request or disclose a PIN, password, OTP, or biometric data. The user must verify transaction details and confirm only through the secure Moov Money flow.",,"Banking, Carte Visa UBA Moov Money, carte_visa",fr,https://moovmoney.ga/carte-visa-uba-moov-money/,Carte Visa UBA Moov Money,2026-07-21,0.95,Official public source
KB0026,page,retrait_argent,Banking,BGFI,Retrait GAB BGFIBank,Que dois-je savoir sur Retrait GAB BGFIBank ?,Que propose Retrait GAB BGFIBank ? | Donnez-moi des informations sur Retrait GAB BGFIBank | retrait gab bgfibank,Retrait sans carte dans le réseau de distributeurs BGFI.,Retrait sans carte dans le réseau de distributeurs BGFI.,,,,,,,,"Never request or disclose a PIN, password, OTP, or biometric data. The user must verify transaction details and confirm only through the secure Moov Money flow.",,"Banking, Retrait GAB BGFIBank, retrait_argent",fr,https://moovmoney.ga/moov-money-banking/,Retrait GAB BGFIBank,2026-07-21,0.95,Official public source
KB0027,page,devenir_revendeur_plus,Revendeur,Catalogue,Services revendeurs,Que dois-je savoir sur Services revendeurs ?,Que propose Services revendeurs ? | Donnez-moi des informations sur Services revendeurs | services revendeurs,"Revendeur Plus, vente express et approvisionnement BGFI.","Revendeur Plus, vente express et approvisionnement BGFI.",,,,,,,,,,"Revendeur, Services revendeurs, devenir_revendeur_plus",fr,https://moovmoney.ga/revendeur/,Services revendeurs,2026-07-21,0.95,Official public source
KB0028,page,devenir_revendeur,Revendeur,Onboarding,Devenir revendeur,Que dois-je savoir sur Devenir revendeur ?,Que propose Devenir revendeur ? | Donnez-moi des informations sur Devenir revendeur | devenir revendeur,Formalités pour devenir revendeur Moov Money.,Formalités pour devenir revendeur Moov Money.,,,,,,,,,,"Revendeur, Devenir revendeur, devenir_revendeur",fr,https://moovmoney.ga/devenir-revendeur/,Devenir revendeur,2026-07-21,0.95,Official public source
KB0029,page,devenir_revendeur_plus,Revendeur,Financement UV,Devenir Revendeur Plus,Que dois-je savoir sur Devenir Revendeur Plus ?,Que propose Devenir Revendeur Plus ? | Donnez-moi des informations sur Devenir Revendeur Plus | devenir revendeur plus,Facilité d’approvisionnement en UV jusqu’à 500 000 FCFA.,Facilité d’approvisionnement en UV jusqu’à 500 000 FCFA.,,,,,,,,,,"Revendeur, Devenir Revendeur Plus, devenir_revendeur_plus",fr,https://moovmoney.ga/services/devenir-revendeur-plus/,Devenir Revendeur Plus,2026-07-21,0.95,Official public source
KB0030,page,devenir_revendeur,Revendeur,Approvisionnement,Approvisionnement BGFIBank,Que dois-je savoir sur Approvisionnement BGFIBank ?,Que propose Approvisionnement BGFIBank ? | Donnez-moi des informations sur Approvisionnement BGFIBank | approvisionnement bgfibank,Approvisionnement en UV en agence BGFIBank.,Approvisionnement en UV en agence BGFIBank.,,,,,,,,,,"Revendeur, Approvisionnement BGFIBank, devenir_revendeur",fr,https://moovmoney.ga/services/approvisionnement-via-les-agences-bgfi/,Approvisionnement BGFIBank,2026-07-21,0.95,Official public source
KB0031,page,tarifs,Tarifs,Tarification,Grille tarifaire client,Que dois-je savoir sur Grille tarifaire client ?,Que propose Grille tarifaire client ? | Donnez-moi des informations sur Grille tarifaire client | grille tarifaire client,"Tarifs des transactions, opérations partenaires et plafonds.","Tarifs des transactions, opérations partenaires et plafonds.",,,,,,,,"Never request or disclose a PIN, password, OTP, or biometric data. The user must verify transaction details and confirm only through the secure Moov Money flow.","Escalate when the information is contradictory, the account must be verified, or the issue involves fraud, a blocked account, or an unrecognized transaction.","Tarifs, Grille tarifaire client, tarifs",fr,https://moovmoney.ga/grille-tarifaire-client/,Grille tarifaire client,2026-07-21,0.65,À valider
KB0032,page,support,Support,Contact,Contact,Que dois-je savoir sur Contact ?,Que propose Contact ? | Donnez-moi des informations sur Contact | contact,Coordonnées de Moov Money SA et formulaire de contact.,Coordonnées de Moov Money SA et formulaire de contact.,,,,,,,,,"Escalate when the information is contradictory, the account must be verified, or the issue involves fraud, a blocked account, or an unrecognized transaction.","Support, Contact, support",fr,https://moovmoney.ga/contact/,Contact,2026-07-21,0.65,À valider
KB0033,service,activer_compte,Compte,,Création/activation du compte,Comment fonctionne Création/activation du compte ?,Comment utiliser Création/activation du compte ? | Comment fonctionne Création/activation du compte ? | Je veux utiliser Création/activation du compte,"Ouvrir ou activer un compte lié à une SIM Moov identifiée. Canaux : En ligne, agence, distributeur agréé. Accès : *555# pour modifier le mot de passe temporaire. Conditions : Pièce d’identité; SIM au nom du client.","Ouvrir ou activer un compte lié à une SIM Moov identifiée. | Channels: En ligne, agence, distributeur agréé | USSD: *555# pour modifier le mot de passe temporaire | Requirements: Pièce d’identité; SIM au nom du client | Security notes: Authentification/identification requise | Transactional: Non",,,,,Pièce d’identité; SIM au nom du client,"En ligne, agence, distributeur agréé",*555# pour modifier le mot de passe temporaire,,,"Compte, Création/activation du compte, activer_compte, En ligne, agence, distributeur agréé, *555# pour modifier le mot de passe temporaire",fr,https://moovmoney.ga/devenir-client/,Création/activation du compte,2026-07-21,0.95,Official public source
KB0034,service,transfert_national,Transfert,,Transfert national,Comment fonctionne Transfert national ?,Comment utiliser Transfert national ? | Comment fonctionne Transfert national ? | Je veux utiliser Transfert national,Envoyer de l’argent à un autre numéro au Gabon. Canaux : USSD; application. Accès : *555#. Conditions : Solde suffisant; numéro destinataire.,Envoyer de l’argent à un autre numéro au Gabon. | Channels: USSD; application | USSD: *555# | Requirements: Solde suffisant; numéro destinataire | Security notes: PIN obligatoire avant confirmation | Transactional: Oui,,,,Solde suffisant; numéro destinataire,,USSD; application,*555#,"Never request or disclose a PIN, password, OTP, or biometric data. The user must verify transaction details and confirm only through the secure Moov Money flow.",,"Transfert, Transfert national, transfert_national, USSD; application, *555#",fr,https://moovmoney.ga/services/transfert-national/,Transfert national,2026-07-21,0.95,Official public source
KB0035,service,depot_argent,Dépôt,,Dépôt d’espèces,Comment fonctionne Dépôt d’espèces ?,Comment utiliser Dépôt d’espèces ? | Comment fonctionne Dépôt d’espèces ? | Je veux utiliser Dépôt d’espèces,Convertir des espèces en unités de valeur sur le compte. Canaux : Agent; agence; kiosque. Accès : Opération initiée par l’agent. Conditions : Compte actif.,Convertir des espèces en unités de valeur sur le compte. | Channels: Agent; agence; kiosque | USSD: Opération initiée par l’agent | Requirements: Compte actif | Security notes: Dépôt annoncé gratuit | Transactional: Oui,,,,Compte actif,,Agent; agence; kiosque,Opération initiée par l’agent,,,"Dépôt, Dépôt d’espèces, depot_argent, Agent; agence; kiosque, Opération initiée par l’agent",fr,https://moovmoney.ga/services/depot/,Dépôt d’espèces,2026-07-21,0.95,Official public source
KB0036,service,retrait_argent,Retrait,,Retrait d’espèces,Comment fonctionne Retrait d’espèces ?,Comment utiliser Retrait d’espèces ? | Comment fonctionne Retrait d’espèces ? | Je veux utiliser Retrait d’espèces,Retirer des espèces chez un agent/revendeur. Canaux : USSD; application. Accès : *555#. Conditions : Compte actif; code agent; solde suffisant.,Retirer des espèces chez un agent/revendeur. | Channels: USSD; application | USSD: *555# | Requirements: Compte actif; code agent; solde suffisant | Security notes: PIN obligatoire | Transactional: Oui,,,,Compte actif; code agent; solde suffisant,,USSD; application,*555#,"Never request or disclose a PIN, password, OTP, or biometric data. The user must verify transaction details and confirm only through the secure Moov Money flow.",,"Retrait, Retrait d’espèces, retrait_argent, USSD; application, *555#",fr,https://moovmoney.ga/services/retrait/,Retrait d’espèces,2026-07-21,0.95,Official public source
KB0037,service,telecom,Télécom,,Achat de crédit,Comment fonctionne Achat de crédit ?,Comment utiliser Achat de crédit ? | Comment fonctionne Achat de crédit ? | Je veux utiliser Achat de crédit,Acheter du crédit pour son numéro ou un tiers. Canaux : USSD; application. Accès : *555#. Conditions : Compte actif.,Acheter du crédit pour son numéro ou un tiers. | Channels: USSD; application | USSD: *555# | Requirements: Compte actif | Security notes: Achat annoncé gratuit | Transactional: Oui,,,,Compte actif,,USSD; application,*555#,,,"Télécom, Achat de crédit, telecom, USSD; application, *555#",fr,https://moovmoney.ga/services/recharges/,Achat de crédit,2026-07-21,0.95,Official public source
KB0038,service,acheter_forfait_data,Télécom,,Achat de forfait data,Comment fonctionne Achat de forfait data ?,Comment utiliser Achat de forfait data ? | Comment fonctionne Achat de forfait data ? | Je veux utiliser Achat de forfait data,Acheter un pass internet pour mobile ou SpeedBox. Canaux : USSD; application; e-catalogue. Accès : *555*4#. Conditions : Compte actif.,Acheter un pass internet pour mobile ou SpeedBox. | Channels: USSD; application; e-catalogue | USSD: *555*4# | Requirements: Compte actif | Security notes: Choix du bénéficiaire et du pass | Transactional: Oui,,,,Compte actif,,USSD; application; e-catalogue,*555*4#,,,"Télécom, Achat de forfait data, acheter_forfait_data, USSD; application; e-catalogue, *555*4#",fr,https://moovmoney.ga/services/achat-de-forfait/,Achat de forfait data,2026-07-21,0.95,Official public source
KB0039,service,acheter_forfait_voix,Télécom,,Achat de forfait voix,Comment fonctionne Achat de forfait voix ?,Comment utiliser Achat de forfait voix ? | Comment fonctionne Achat de forfait voix ? | Je veux utiliser Achat de forfait voix,Acheter un pass voix pour soi ou un tiers. Canaux : USSD; application; e-catalogue. Accès : *555*4#. Conditions : Compte actif.,Acheter un pass voix pour soi ou un tiers. | Channels: USSD; application; e-catalogue | USSD: *555*4# | Requirements: Compte actif | Security notes: Choix du bénéficiaire et du pass | Transactional: Oui,,,,Compte actif,,USSD; application; e-catalogue,*555*4#,,,"Télécom, Achat de forfait voix, acheter_forfait_voix, USSD; application; e-catalogue, *555*4#",fr,https://moovmoney.ga/services/achat-de-forfait/,Achat de forfait voix,2026-07-21,0.95,Official public source
KB0040,service,payer_seeg_edan,Factures,,Paiement SEEG/EDAN,Comment fonctionne Paiement SEEG/EDAN ?,Comment utiliser Paiement SEEG/EDAN ? | Comment fonctionne Paiement SEEG/EDAN ? | Je veux utiliser Paiement SEEG/EDAN,Payer une facture ou acheter des unités MobileDan. Canaux : USSD; application. Accès : *555*6#. Conditions : Référence/compteur; compte actif.,Payer une facture ou acheter des unités MobileDan. | Channels: USSD; application | USSD: *555*6# | Requirements: Référence/compteur; compte actif | Security notes: PIN obligatoire | Transactional: Oui,,,,Référence/compteur; compte actif,,USSD; application,*555*6#,"Never request or disclose a PIN, password, OTP, or biometric data. The user must verify transaction details and confirm only through the secure Moov Money flow.",,"Factures, Paiement SEEG/EDAN, payer_seeg_edan, USSD; application, *555*6#",fr,https://moovmoney.ga/services/paiement-seeg-et-edan/,Paiement SEEG/EDAN,2026-07-21,0.95,Official public source
KB0041,service,payer_gabon_telecom,Factures,,Paiement Gabon Telecom,Comment fonctionne Paiement Gabon Telecom ?,Comment utiliser Paiement Gabon Telecom ? | Comment fonctionne Paiement Gabon Telecom ? | Je veux utiliser Paiement Gabon Telecom,"Payer ADSL, DUO ou Fibre. Canaux : USSD; application. Accès : *555#. Conditions : Numéro fixe ou référence client.","Payer ADSL, DUO ou Fibre. | Channels: USSD; application | USSD: *555# | Requirements: Numéro fixe ou référence client | Security notes: PIN obligatoire | Transactional: Oui",,,,Numéro fixe ou référence client,,USSD; application,*555#,"Never request or disclose a PIN, password, OTP, or biometric data. The user must verify transaction details and confirm only through the secure Moov Money flow.",,"Factures, Paiement Gabon Telecom, payer_gabon_telecom, USSD; application, *555#",fr,https://moovmoney.ga/services/facture-gabon-telecom/,Paiement Gabon Telecom,2026-07-21,0.95,Official public source
KB0042,service,payer_canal,TV,,Réabonnement Canal+,Comment fonctionne Réabonnement Canal+ ?,Comment utiliser Réabonnement Canal+ ? | Comment fonctionne Réabonnement Canal+ ? | Je veux utiliser Réabonnement Canal+,Renouveler un abonnement Canal+. Canaux : USSD; application. Accès : *555*5#. Conditions : Numéro de carte/abonné.,Renouveler un abonnement Canal+. | Channels: USSD; application | USSD: *555*5# | Requirements: Numéro de carte/abonné | Security notes: Tarif de service annoncé gratuit | Transactional: Oui,,,,Numéro de carte/abonné,,USSD; application,*555*5#,,,"TV, Réabonnement Canal+, payer_canal, USSD; application, *555*5#",fr,https://moovmoney.ga/services/canal-et-satcon/,Réabonnement Canal+,2026-07-21,0.95,Official public source
KB0043,service,payer_canal,TV,,Réabonnement SATCON,Comment fonctionne Réabonnement SATCON ?,Comment utiliser Réabonnement SATCON ? | Comment fonctionne Réabonnement SATCON ? | Je veux utiliser Réabonnement SATCON,Renouveler un abonnement SATCON. Canaux : USSD; application. Accès : *555*5#. Conditions : Numéro de carte/abonné.,Renouveler un abonnement SATCON. | Channels: USSD; application | USSD: *555*5# | Requirements: Numéro de carte/abonné | Security notes: Tarif de service annoncé gratuit | Transactional: Oui,,,,Numéro de carte/abonné,,USSD; application,*555*5#,,,"TV, Réabonnement SATCON, payer_canal, USSD; application, *555*5#",fr,https://moovmoney.ga/services/canal-et-satcon/,Réabonnement SATCON,2026-07-21,0.95,Official public source
KB0044,service,payer_campus_france,Éducation,,Paiement Campus France,Comment fonctionne Paiement Campus France ?,Comment utiliser Paiement Campus France ? | Comment fonctionne Paiement Campus France ? | Je veux utiliser Paiement Campus France,Payer les frais de dossier Campus France. Canaux : USSD; application. Accès : *555# > Paiement > Campus France. Conditions : Numéro de dossier.,Payer les frais de dossier Campus France. | Channels: USSD; application | USSD: *555# > Paiement > Campus France | Requirements: Numéro de dossier | Security notes: Validation annoncée sous 72 h; divergence 350/450 F | Transactional: Oui,,,,,Numéro de dossier,USSD; application,*555# > Paiement > Campus France,"Never request or disclose a PIN, password, OTP, or biometric data. The user must verify transaction details and confirm only through the secure Moov Money flow.","Escalate when the information is contradictory, the account must be verified, or the issue involves fraud, a blocked account, or an unrecognized transaction.","Éducation, Paiement Campus France, payer_campus_france, USSD; application, *555# > Paiement > Campus France",fr,https://moovmoney.ga/services/campus-france/,Paiement Campus France,2026-07-21,0.95,Official public source
KB0045,service,paiement_online,E-commerce,,Moov Money Online,Comment fonctionne Moov Money Online ?,Comment utiliser Moov Money Online ? | Comment fonctionne Moov Money Online ? | Je veux utiliser Moov Money Online,Payer chez un marchand web partenaire. Canaux : Site marchand; validation mobile. Accès : Aucun code USSD requis au checkout. Conditions : Compte actif; numéro Moov Money.,Payer chez un marchand web partenaire. | Channels: Site marchand; validation mobile | USSD: Aucun code USSD requis au checkout | Requirements: Compte actif; numéro Moov Money | Security notes: Confirmation par notification et PIN | Transactional: Oui,,,,Compte actif; numéro Moov Money,,Site marchand; validation mobile,Aucun code USSD requis au checkout,"Never request or disclose a PIN, password, OTP, or biometric data. The user must verify transaction details and confirm only through the secure Moov Money flow.",,"E-commerce, Moov Money Online, paiement_online, Site marchand; validation mobile, Aucun code USSD requis au checkout",fr,https://moovmoney.ga/moov-money-online-client/,Moov Money Online,2026-07-21,0.95,Official public source
KB0046,service,paiement_payxpress,Paiement,,PayXpress,Comment fonctionne PayXpress ?,Comment utiliser PayXpress ? | Comment fonctionne PayXpress ? | Je veux utiliser PayXpress,Payer chez un marchand sans composer de code USSD. Canaux : Interface marchand; mobile du client. Accès : Aucun code USSD requis. Conditions : Compte actif; solde suffisant.,Payer chez un marchand sans composer de code USSD. | Channels: Interface marchand; mobile du client | USSD: Aucun code USSD requis | Requirements: Compte actif; solde suffisant | Security notes: Transaction annoncée en moins de 23–30 secondes | Transactional: Oui,,,,Compte actif; solde suffisant,,Interface marchand; mobile du client,Aucun code USSD requis,"Never request or disclose a PIN, password, OTP, or biometric data. The user must verify transaction details and confirm only through the secure Moov Money flow.",,"Paiement, PayXpress, paiement_payxpress, Interface marchand; mobile du client, Aucun code USSD requis",fr,https://moovmoney.ga/payxpress-client/,PayXpress,2026-07-21,0.95,Official public source
KB0047,service,devenir_marchand,Marchand,,Paiement marchand standard,Comment fonctionne Paiement marchand standard ?,Comment utiliser Paiement marchand standard ? | Comment fonctionne Paiement marchand standard ? | Je veux utiliser Paiement marchand standard,Payer un marchand à partir de son code marchand. Canaux : USSD; application. Accès : *555#. Conditions : Code marchand; montant.,Payer un marchand à partir de son code marchand. | Channels: USSD; application | USSD: *555# | Requirements: Code marchand; montant | Security notes: PIN obligatoire | Transactional: Oui,,,,Code marchand; montant,,USSD; application,*555#,"Never request or disclose a PIN, password, OTP, or biometric data. The user must verify transaction details and confirm only through the secure Moov Money flow.",,"Marchand, Paiement marchand standard, devenir_marchand, USSD; application, *555#",fr,https://moovmoney.ga/marchand/standards-et-partenaires/,Paiement marchand standard,2026-07-21,0.95,Official public source
KB0048,service,transfert_cemac,Interopérabilité,,Transfert CEMAC GIMACPAY,Comment fonctionne Transfert CEMAC GIMACPAY ?,Comment utiliser Transfert CEMAC GIMACPAY ? | Comment fonctionne Transfert CEMAC GIMACPAY ? | Je veux utiliser Transfert CEMAC GIMACPAY,"Envoyer de l’argent vers un opérateur membre dans la CEMAC. Canaux : USSD; application. Accès : *555# > GIMACPAY. Conditions : Pays, opérateur, numéro destinataire.","Envoyer de l’argent vers un opérateur membre dans la CEMAC. | Channels: USSD; application | USSD: *555# > GIMACPAY | Requirements: Pays, opérateur, numéro destinataire | Security notes: Six pays annoncés | Transactional: Oui",,,,"Pays, opérateur, numéro destinataire",,USSD; application,*555# > GIMACPAY,"Never request or disclose a PIN, password, OTP, or biometric data. The user must verify transaction details and confirm only through the secure Moov Money flow.",,"Interopérabilité, Transfert CEMAC GIMACPAY, transfert_cemac, USSD; application, *555# > GIMACPAY",fr,https://moovmoney.ga/services/transfert-international/,Transfert CEMAC GIMACPAY,2026-07-21,0.95,Official public source
KB0049,service,interoperabilite,Interopérabilité,,Rémittence entrante,Comment fonctionne Rémittence entrante ?,Comment utiliser Rémittence entrante ? | Comment fonctionne Rémittence entrante ? | Je veux utiliser Rémittence entrante,Recevoir automatiquement un transfert international partenaire. Canaux : Réception automatique. Accès : Aucun. Conditions : Compte Moov Money valide.,Recevoir automatiquement un transfert international partenaire. | Channels: Réception automatique | USSD: Aucun | Requirements: Compte Moov Money valide | Security notes: Gratuit pour le receveur | Transactional: Non,,,,Compte Moov Money valide,,Réception automatique,Aucun,"Never request or disclose a PIN, password, OTP, or biometric data. The user must verify transaction details and confirm only through the secure Moov Money flow.",,"Interopérabilité, Rémittence entrante, interoperabilite, Réception automatique, Aucun",fr,https://moovmoney.ga/services/remittence-entrante/,Rémittence entrante,2026-07-21,0.95,Official public source
KB0050,service,devenir_marchand,Interopérabilité,,Paiement marchand GIMACPAY,Comment fonctionne Paiement marchand GIMACPAY ?,Comment utiliser Paiement marchand GIMACPAY ? | Comment fonctionne Paiement marchand GIMACPAY ? | Je veux utiliser Paiement marchand GIMACPAY,Payer un marchand membre du réseau GIMACPAY. Canaux : Selon partenaire. Accès : GIMACPAY. Conditions : Compte actif.,Payer un marchand membre du réseau GIMACPAY. | Channels: Selon partenaire | USSD: GIMACPAY | Requirements: Compte actif | Security notes: Disponibilité dépend du partenaire | Transactional: Oui,,,,Compte actif,,Selon partenaire,GIMACPAY,"Never request or disclose a PIN, password, OTP, or biometric data. The user must verify transaction details and confirm only through the secure Moov Money flow.",,"Interopérabilité, Paiement marchand GIMACPAY, devenir_marchand, Selon partenaire, GIMACPAY",fr,https://moovmoney.ga/services/interoperabilite-gimacpay/,Paiement marchand GIMACPAY,2026-07-21,0.95,Official public source
KB0051,service,retrait_argent,Interopérabilité,,Retrait GAB GIMACPAY,Comment fonctionne Retrait GAB GIMACPAY ?,Comment utiliser Retrait GAB GIMACPAY ? | Comment fonctionne Retrait GAB GIMACPAY ? | Je veux utiliser Retrait GAB GIMACPAY,Retirer auprès d’un GAB membre du réseau. Canaux : GAB partenaire. Accès : GIMACPAY. Conditions : Compte actif.,Retirer auprès d’un GAB membre du réseau. | Channels: GAB partenaire | USSD: GIMACPAY | Requirements: Compte actif | Security notes: Tarif selon réseau/partenaire | Transactional: Oui,,,,Compte actif,,GAB partenaire,GIMACPAY,"Never request or disclose a PIN, password, OTP, or biometric data. The user must verify transaction details and confirm only through the secure Moov Money flow.",,"Interopérabilité, Retrait GAB GIMACPAY, retrait_argent, GAB partenaire, GIMACPAY",fr,https://moovmoney.ga/services/interoperabilite-gimacpay/,Retrait GAB GIMACPAY,2026-07-21,0.95,Official public source
KB0052,service,banking_uba,Banking,,Transfert Moov Money vers UBA,Comment fonctionne Transfert Moov Money vers UBA ?,Comment utiliser Transfert Moov Money vers UBA ? | Comment fonctionne Transfert Moov Money vers UBA ? | Je veux utiliser Transfert Moov Money vers UBA,Transférer du wallet vers compte ou carte UBA. Canaux : USSD/application selon parcours. Accès : Moov Money Banking. Conditions : Comptes rattachés et même titulaire.,"Transférer du wallet vers compte ou carte UBA. | Channels: USSD/application selon parcours | USSD: Moov Money Banking | Requirements: Comptes rattachés et même titulaire | Security notes: 3% jusqu’à 160 000 F, puis 5 000 F | Transactional: Oui",,,,Comptes rattachés et même titulaire,,USSD/application selon parcours,Moov Money Banking,"Never request or disclose a PIN, password, OTP, or biometric data. The user must verify transaction details and confirm only through the secure Moov Money flow.",,"Banking, Transfert Moov Money vers UBA, banking_uba, USSD/application selon parcours, Moov Money Banking",fr,https://moovmoney.ga/moov-money-uba/,Transfert Moov Money vers UBA,2026-07-21,0.95,Official public source
KB0053,service,banking_uba,Banking,,Transfert UBA vers Moov Money,Comment fonctionne Transfert UBA vers Moov Money ?,Comment utiliser Transfert UBA vers Moov Money ? | Comment fonctionne Transfert UBA vers Moov Money ? | Je veux utiliser Transfert UBA vers Moov Money,Transférer depuis UBA vers le wallet. Canaux : UBA Mobile/App ou service rattaché. Accès : Moov Money Banking. Conditions : Comptes rattachés.,Transférer depuis UBA vers le wallet. | Channels: UBA Mobile/App ou service rattaché | USSD: Moov Money Banking | Requirements: Comptes rattachés | Security notes: Tarif public: 500 F | Transactional: Oui,,,,Comptes rattachés,,UBA Mobile/App ou service rattaché,Moov Money Banking,"Never request or disclose a PIN, password, OTP, or biometric data. The user must verify transaction details and confirm only through the secure Moov Money flow.",,"Banking, Transfert UBA vers Moov Money, banking_uba, UBA Mobile/App ou service rattaché, Moov Money Banking",fr,https://moovmoney.ga/moov-money-uba/,Transfert UBA vers Moov Money,2026-07-21,0.95,Official public source
KB0054,service,banking_uba,Banking,,Consultation UBA,Comment fonctionne Consultation UBA ?,Comment utiliser Consultation UBA ? | Comment fonctionne Consultation UBA ? | Je veux utiliser Consultation UBA,Consulter solde et dernières opérations UBA. Canaux : Téléphone/mobile. Accès : Moov Money Banking. Conditions : Enrôlement préalable.,Consulter solde et dernières opérations UBA. | Channels: Téléphone/mobile | USSD: Moov Money Banking | Requirements: Enrôlement préalable | Security notes: 100 F par consultation selon grille | Transactional: Non,,,,Enrôlement préalable,,Téléphone/mobile,Moov Money Banking,,,"Banking, Consultation UBA, banking_uba, Téléphone/mobile, Moov Money Banking",fr,https://moovmoney.ga/moov-money-uba/,Consultation UBA,2026-07-21,0.95,Official public source
KB0055,service,carte_visa,Banking,,Carte Visa Moov Money,Comment fonctionne Carte Visa Moov Money ?,Comment utiliser Carte Visa Moov Money ? | Comment fonctionne Carte Visa Moov Money ? | Je veux utiliser Carte Visa Moov Money,"Payer, retirer et acheter en ligne avec une carte prépayée liée. Canaux : Application; USSD; réseau Visa. Accès : *555*8*1#. Conditions : Compte Moov Money et carte liée.","Payer, retirer et acheter en ligne avec une carte prépayée liée. | Channels: Application; USSD; réseau Visa | USSD: *555*8*1# | Requirements: Compte Moov Money et carte liée | Security notes: Frais selon type d’opération | Transactional: Oui",,,,Compte Moov Money et carte liée,,Application; USSD; réseau Visa,*555*8*1#,"Never request or disclose a PIN, password, OTP, or biometric data. The user must verify transaction details and confirm only through the secure Moov Money flow.",,"Banking, Carte Visa Moov Money, carte_visa, Application; USSD; réseau Visa, *555*8*1#",fr,https://moovmoney.ga/carte-visa-uba-moov-money/,Carte Visa Moov Money,2026-07-21,0.95,Official public source
KB0056,service,retrait_argent,Banking,,Retrait sans carte BGFIBank,Comment fonctionne Retrait sans carte BGFIBank ?,Comment utiliser Retrait sans carte BGFIBank ? | Comment fonctionne Retrait sans carte BGFIBank ? | Je veux utiliser Retrait sans carte BGFIBank,Retirer des espèces sur un GAB BGFI sans carte. Canaux : USSD; application; GAB. Accès : *555# > Ma Banque > BGFI. Conditions : Compte actif; montant.,Retirer des espèces sur un GAB BGFI sans carte. | Channels: USSD; application; GAB | USSD: *555# > Ma Banque > BGFI | Requirements: Compte actif; montant | Security notes: 3% jusqu’à 165 000 F puis 5 000 F | Transactional: Oui,,,,Compte actif; montant,,USSD; application; GAB,*555# > Ma Banque > BGFI,"Never request or disclose a PIN, password, OTP, or biometric data. The user must verify transaction details and confirm only through the secure Moov Money flow.",,"Banking, Retrait sans carte BGFIBank, retrait_argent, USSD; application; GAB, *555# > Ma Banque > BGFI",fr,https://moovmoney.ga/moov-money-banking/,Retrait sans carte BGFIBank,2026-07-21,0.95,Official public source
KB0057,service,devenir_marchand,Marchand,,Devenir marchand standard,Comment fonctionne Devenir marchand standard ?,Comment utiliser Devenir marchand standard ? | Comment fonctionne Devenir marchand standard ? | Je veux utiliser Devenir marchand standard,Obtenir une SIM et un code marchand. Canaux : Équipe Division vente au CENACOM. Conditions : Dossier et formalités.,Obtenir une SIM et un code marchand. | Channels: Équipe Division vente au CENACOM | USSD: N/A | Requirements: Dossier et formalités | Security notes: Code marchand rattaché à la SIM | Transactional: Non,,,,,Dossier et formalités,Équipe Division vente au CENACOM,N/A,,,"Marchand, Devenir marchand standard, devenir_marchand, Équipe Division vente au CENACOM, N/A",fr,https://moovmoney.ga/devenir-marchand/,Devenir marchand standard,2026-07-21,0.95,Official public source
KB0058,service,paiement_online,Marchand,,Intégrer Moov Money Online,Comment fonctionne Intégrer Moov Money Online ?,Comment utiliser Intégrer Moov Money Online ? | Comment fonctionne Intégrer Moov Money Online ? | Je veux utiliser Intégrer Moov Money Online,"Ajouter le paiement Moov Money à un site e-commerce. Canaux : Contrat + intégration technique. Conditions : SIM marchande, contrat, fiche circuit, identité.","Ajouter le paiement Moov Money à un site e-commerce. | Channels: Contrat + intégration technique | USSD: N/A | Requirements: SIM marchande, contrat, fiche circuit, identité | Security notes: Prise de contact commerciale après dossier | Transactional: Non",,,,,"SIM marchande, contrat, fiche circuit, identité",Contrat + intégration technique,N/A,"Never request or disclose a PIN, password, OTP, or biometric data. The user must verify transaction details and confirm only through the secure Moov Money flow.","Escalate when the information is contradictory, the account must be verified, or the issue involves fraud, a blocked account, or an unrecognized transaction.","Marchand, Intégrer Moov Money Online, paiement_online, Contrat + intégration technique, N/A",fr,https://moovmoney.ga/marchand/moov-money-online-marchand/,Intégrer Moov Money Online,2026-07-21,0.95,Official public source
KB0059,service,paiement_payxpress,Marchand,,Intégrer PayXpress,Comment fonctionne Intégrer PayXpress ?,Comment utiliser Intégrer PayXpress ? | Comment fonctionne Intégrer PayXpress ? | Je veux utiliser Intégrer PayXpress,"Déployer l’encaissement PayXpress. Canaux : Contrat + dispositif marchand. Conditions : SIM marchande, contrat, fiche circuit, identité.","Déployer l’encaissement PayXpress. | Channels: Contrat + dispositif marchand | USSD: N/A | Requirements: SIM marchande, contrat, fiche circuit, identité | Security notes: Back-office/historique annoncé | Transactional: Non",,,,,"SIM marchande, contrat, fiche circuit, identité",Contrat + dispositif marchand,N/A,,,"Marchand, Intégrer PayXpress, paiement_payxpress, Contrat + dispositif marchand, N/A",fr,https://moovmoney.ga/marchand/payxpress-marchand/,Intégrer PayXpress,2026-07-21,0.95,Official public source
KB0060,service,devenir_revendeur,Revendeur,,Devenir revendeur,Comment fonctionne Devenir revendeur ?,Comment utiliser Devenir revendeur ? | Comment fonctionne Devenir revendeur ? | Je veux utiliser Devenir revendeur,"Ouvrir un compte revendeur et recevoir une grille de commissions. Canaux : Agence Gabon Telecom. Conditions : Pièce d’identité, fiche circuit, contrat, dépôt.","Ouvrir un compte revendeur et recevoir une grille de commissions. | Channels: Agence Gabon Telecom | USSD: N/A | Requirements: Pièce d’identité, fiche circuit, contrat, dépôt | Security notes: Procédure différente selon possession d’une SIM | Transactional: Non",,,,,"Pièce d’identité, fiche circuit, contrat, dépôt",Agence Gabon Telecom,N/A,,,"Revendeur, Devenir revendeur, devenir_revendeur, Agence Gabon Telecom, N/A",fr,https://moovmoney.ga/devenir-revendeur/,Devenir revendeur,2026-07-21,0.95,Official public source
KB0061,service,devenir_revendeur_plus,Revendeur,,Revendeur Plus,Comment fonctionne Revendeur Plus ?,Comment utiliser Revendeur Plus ? | Comment fonctionne Revendeur Plus ? | Je veux utiliser Revendeur Plus,Obtenir une facilité d’approvisionnement en UV. Canaux : USSD; équipe revendeurs. Accès : *650#. Conditions : Être revendeur; solvabilité; volume d’activité.,Obtenir une facilité d’approvisionnement en UV. | Channels: USSD; équipe revendeurs | USSD: *650# | Requirements: Être revendeur; solvabilité; volume d’activité | Security notes: Facilité annoncée jusqu’à 500 000 F | Transactional: Non,,,,Être revendeur; solvabilité; volume d’activité,,USSD; équipe revendeurs,*650#,,,"Revendeur, Revendeur Plus, devenir_revendeur_plus, USSD; équipe revendeurs, *650#",fr,https://moovmoney.ga/services/devenir-revendeur-plus/,Revendeur Plus,2026-07-21,0.95,Official public source
KB0062,service,devenir_revendeur,Revendeur,,Approvisionnement BGFIBank,Comment fonctionne Approvisionnement BGFIBank ?,Comment utiliser Approvisionnement BGFIBank ? | Comment fonctionne Approvisionnement BGFIBank ? | Je veux utiliser Approvisionnement BGFIBank,Créditer le compte revendeur/agrégateur en UV. Canaux : Agence BGFIBank. Accès : Bordereau bancaire. Conditions : Profil revendeur actif.,Créditer le compte revendeur/agrégateur en UV. | Channels: Agence BGFIBank | USSD: Bordereau bancaire | Requirements: Profil revendeur actif | Security notes: Traitement annoncé en environ 60 secondes | Transactional: Oui,,,,Profil revendeur actif,,Agence BGFIBank,Bordereau bancaire,,,"Revendeur, Approvisionnement BGFIBank, devenir_revendeur, Agence BGFIBank, Bordereau bancaire",fr,https://moovmoney.ga/services/approvisionnement-via-les-agences-bgfi/,Approvisionnement BGFIBank,2026-07-21,0.95,Official public source
KB0063,procedure_step,transfert_national,Transfert national,,Transfert national — étape 1,Comment effectuer Transfert national ?,Comment faire Transfert national ? | Quelles sont les étapes pour Transfert national ? | aide transfert national,Étape 1 : Ouvrir le menu Moov Money.,Ouvrir le menu Moov Money. | Channel: USSD | Entry point: *555# | Step: 1,Step 1: Ouvrir le menu Moov Money.,,,,,USSD,*555#,"Never request or disclose a PIN, password, OTP, or biometric data. The user must verify transaction details and confirm only through the secure Moov Money flow.",,"Transfert national, Transfert national — étape 1, transfert_national, USSD, *555#",fr,https://moovmoney.ga/services/transfert-national/,Transfert national — étape 1,2026-07-21,0.95,Official public source
KB0064,procedure_step,transfert_national,Transfert national,,Transfert national — étape 2,Comment effectuer Transfert national ?,Comment faire Transfert national ? | Quelles sont les étapes pour Transfert national ? | aide transfert national,Étape 2 : Choisir l’option Transfert.,Choisir l’option Transfert. | Channel: USSD | Entry point: *555# | Step: 2,Step 2: Choisir l’option Transfert.,,,,,USSD,*555#,"Never request or disclose a PIN, password, OTP, or biometric data. The user must verify transaction details and confirm only through the secure Moov Money flow.",,"Transfert national, Transfert national — étape 2, transfert_national, USSD, *555#",fr,https://moovmoney.ga/services/transfert-national/,Transfert national — étape 2,2026-07-21,0.95,Official public source
KB0065,procedure_step,transfert_national,Transfert national,,Transfert national — étape 3,Comment effectuer Transfert national ?,Comment faire Transfert national ? | Quelles sont les étapes pour Transfert national ? | aide transfert national,Étape 3 : Choisir le transfert vers un numéro.,Choisir le transfert vers un numéro. | Channel: USSD | Entry point: *555# | Step: 3,Step 3: Choisir le transfert vers un numéro.,,,,,USSD,*555#,"Never request or disclose a PIN, password, OTP, or biometric data. The user must verify transaction details and confirm only through the secure Moov Money flow.",,"Transfert national, Transfert national — étape 3, transfert_national, USSD, *555#",fr,https://moovmoney.ga/services/transfert-national/,Transfert national — étape 3,2026-07-21,0.95,Official public source
KB0066,procedure_step,transfert_national,Transfert national,,Transfert national — étape 4,Comment effectuer Transfert national ?,Comment faire Transfert national ? | Quelles sont les étapes pour Transfert national ? | aide transfert national,Étape 4 : Saisir le numéro du bénéficiaire puis le montant.,Saisir le numéro du bénéficiaire puis le montant. | Channel: USSD | Entry point: *555# | Step: 4,Step 4: Saisir le numéro du bénéficiaire puis le montant.,,,,,USSD,*555#,"Never request or disclose a PIN, password, OTP, or biometric data. The user must verify transaction details and confirm only through the secure Moov Money flow.",,"Transfert national, Transfert national — étape 4, transfert_national, USSD, *555#",fr,https://moovmoney.ga/services/transfert-national/,Transfert national — étape 4,2026-07-21,0.95,Official public source
KB0067,procedure_step,transfert_national,Transfert national,,Transfert national — étape 5,Comment effectuer Transfert national ?,Comment faire Transfert national ? | Quelles sont les étapes pour Transfert national ? | aide transfert national,Étape 5 : Valider avec le code PIN.,Valider avec le code PIN. | Channel: USSD | Entry point: *555# | Step: 5,Step 5: Valider avec le code PIN.,,,,,USSD,*555#,"Never request or disclose a PIN, password, OTP, or biometric data. The user must verify transaction details and confirm only through the secure Moov Money flow.",,"Transfert national, Transfert national — étape 5, transfert_national, USSD, *555#",fr,https://moovmoney.ga/services/transfert-national/,Transfert national — étape 5,2026-07-21,0.95,Official public source
KB0068,procedure_step,transfert_national,Transfert national,,Transfert national — étape 1,Comment effectuer Transfert national ?,Comment faire Transfert national ? | Quelles sont les étapes pour Transfert national ? | aide transfert national,Étape 1 : Ouvrir la fonction Transfert.,Ouvrir la fonction Transfert. | Channel: Application | Entry point: Application Moov Money | Step: 1,Step 1: Ouvrir la fonction Transfert.,,,,,Application,Application Moov Money,"Never request or disclose a PIN, password, OTP, or biometric data. The user must verify transaction details and confirm only through the secure Moov Money flow.",,"Transfert national, Transfert national — étape 1, transfert_national, Application, Application Moov Money",fr,https://moovmoney.ga/services/transfert-national/,Transfert national — étape 1,2026-07-21,0.95,Official public source
KB0069,procedure_step,transfert_national,Transfert national,,Transfert national — étape 2,Comment effectuer Transfert national ?,Comment faire Transfert national ? | Quelles sont les étapes pour Transfert national ? | aide transfert national,Étape 2 : Renseigner le numéro du bénéficiaire.,Renseigner le numéro du bénéficiaire. | Channel: Application | Entry point: Application Moov Money | Step: 2,Step 2: Renseigner le numéro du bénéficiaire.,,,,,Application,Application Moov Money,"Never request or disclose a PIN, password, OTP, or biometric data. The user must verify transaction details and confirm only through the secure Moov Money flow.",,"Transfert national, Transfert national — étape 2, transfert_national, Application, Application Moov Money",fr,https://moovmoney.ga/services/transfert-national/,Transfert national — étape 2,2026-07-21,0.95,Official public source
KB0070,procedure_step,transfert_national,Transfert national,,Transfert national — étape 3,Comment effectuer Transfert national ?,Comment faire Transfert national ? | Quelles sont les étapes pour Transfert national ? | aide transfert national,Étape 3 : Saisir le montant.,Saisir le montant. | Channel: Application | Entry point: Application Moov Money | Step: 3,Step 3: Saisir le montant.,,,,,Application,Application Moov Money,"Never request or disclose a PIN, password, OTP, or biometric data. The user must verify transaction details and confirm only through the secure Moov Money flow.",,"Transfert national, Transfert national — étape 3, transfert_national, Application, Application Moov Money",fr,https://moovmoney.ga/services/transfert-national/,Transfert national — étape 3,2026-07-21,0.95,Official public source
KB0071,procedure_step,transfert_national,Transfert national,,Transfert national — étape 4,Comment effectuer Transfert national ?,Comment faire Transfert national ? | Quelles sont les étapes pour Transfert national ? | aide transfert national,Étape 4 : Vérifier le récapitulatif.,Vérifier le récapitulatif. | Channel: Application | Entry point: Application Moov Money | Step: 4,Step 4: Vérifier le récapitulatif.,,,,,Application,Application Moov Money,"Never request or disclose a PIN, password, OTP, or biometric data. The user must verify transaction details and confirm only through the secure Moov Money flow.",,"Transfert national, Transfert national — étape 4, transfert_national, Application, Application Moov Money",fr,https://moovmoney.ga/services/transfert-national/,Transfert national — étape 4,2026-07-21,0.95,Official public source
KB0072,procedure_step,transfert_national,Transfert national,,Transfert national — étape 5,Comment effectuer Transfert national ?,Comment faire Transfert national ? | Quelles sont les étapes pour Transfert national ? | aide transfert national,Étape 5 : Confirmer avec le code PIN.,Confirmer avec le code PIN. | Channel: Application | Entry point: Application Moov Money | Step: 5,Step 5: Confirmer avec le code PIN.,,,,,Application,Application Moov Money,"Never request or disclose a PIN, password, OTP, or biometric data. The user must verify transaction details and confirm only through the secure Moov Money flow.",,"Transfert national, Transfert national — étape 5, transfert_national, Application, Application Moov Money",fr,https://moovmoney.ga/services/transfert-national/,Transfert national — étape 5,2026-07-21,0.95,Official public source
KB0073,procedure_step,retrait_argent,Retrait d’espèces,,Retrait d’espèces — étape 1,Comment effectuer Retrait d’espèces ?,Comment faire Retrait d’espèces ? | Quelles sont les étapes pour Retrait d’espèces ? | aide retrait d’especes,Étape 1 : Choisir Retrait.,Choisir Retrait. | Channel: USSD | Entry point: *555# | Step: 1,Step 1: Choisir Retrait.,,,,,USSD,*555#,"Never request or disclose a PIN, password, OTP, or biometric data. The user must verify transaction details and confirm only through the secure Moov Money flow.",,"Retrait d’espèces, Retrait d’espèces — étape 1, retrait_argent, USSD, *555#",fr,https://moovmoney.ga/services/retrait/,Retrait d’espèces — étape 1,2026-07-21,0.95,Official public source
KB0074,procedure_step,retrait_argent,Retrait d’espèces,,Retrait d’espèces — étape 2,Comment effectuer Retrait d’espèces ?,Comment faire Retrait d’espèces ? | Quelles sont les étapes pour Retrait d’espèces ? | aide retrait d’especes,Étape 2 : Sélectionner le type de retrait proposé.,Sélectionner le type de retrait proposé. | Channel: USSD | Entry point: *555# | Step: 2,Step 2: Sélectionner le type de retrait proposé.,,,,,USSD,*555#,"Never request or disclose a PIN, password, OTP, or biometric data. The user must verify transaction details and confirm only through the secure Moov Money flow.",,"Retrait d’espèces, Retrait d’espèces — étape 2, retrait_argent, USSD, *555#",fr,https://moovmoney.ga/services/retrait/,Retrait d’espèces — étape 2,2026-07-21,0.95,Official public source
KB0075,procedure_step,retrait_argent,Retrait d’espèces,,Retrait d’espèces — étape 3,Comment effectuer Retrait d’espèces ?,Comment faire Retrait d’espèces ? | Quelles sont les étapes pour Retrait d’espèces ? | aide retrait d’especes,Étape 3 : Saisir le code de l’agent.,Saisir le code de l’agent. | Channel: USSD | Entry point: *555# | Step: 3,Step 3: Saisir le code de l’agent.,,,,,USSD,*555#,"Never request or disclose a PIN, password, OTP, or biometric data. The user must verify transaction details and confirm only through the secure Moov Money flow.",,"Retrait d’espèces, Retrait d’espèces — étape 3, retrait_argent, USSD, *555#",fr,https://moovmoney.ga/services/retrait/,Retrait d’espèces — étape 3,2026-07-21,0.95,Official public source
KB0076,procedure_step,retrait_argent,Retrait d’espèces,,Retrait d’espèces — étape 4,Comment effectuer Retrait d’espèces ?,Comment faire Retrait d’espèces ? | Quelles sont les étapes pour Retrait d’espèces ? | aide retrait d’especes,Étape 4 : Saisir le montant.,Saisir le montant. | Channel: USSD | Entry point: *555# | Step: 4,Step 4: Saisir le montant.,,,,,USSD,*555#,"Never request or disclose a PIN, password, OTP, or biometric data. The user must verify transaction details and confirm only through the secure Moov Money flow.",,"Retrait d’espèces, Retrait d’espèces — étape 4, retrait_argent, USSD, *555#",fr,https://moovmoney.ga/services/retrait/,Retrait d’espèces — étape 4,2026-07-21,0.95,Official public source
KB0077,procedure_step,retrait_argent,Retrait d’espèces,,Retrait d’espèces — étape 5,Comment effectuer Retrait d’espèces ?,Comment faire Retrait d’espèces ? | Quelles sont les étapes pour Retrait d’espèces ? | aide retrait d’especes,Étape 5 : Valider avec le code PIN.,Valider avec le code PIN. | Channel: USSD | Entry point: *555# | Step: 5,Step 5: Valider avec le code PIN.,,,,,USSD,*555#,"Never request or disclose a PIN, password, OTP, or biometric data. The user must verify transaction details and confirm only through the secure Moov Money flow.",,"Retrait d’espèces, Retrait d’espèces — étape 5, retrait_argent, USSD, *555#",fr,https://moovmoney.ga/services/retrait/,Retrait d’espèces — étape 5,2026-07-21,0.95,Official public source
KB0078,procedure_step,achat_de_credit,Achat de crédit,,Achat de crédit — étape 1,Comment effectuer Achat de crédit ?,Comment faire Achat de crédit ? | Quelles sont les étapes pour Achat de crédit ? | aide achat de credit,Étape 1 : Choisir Achat de crédit.,Choisir Achat de crédit. | Channel: USSD | Entry point: *555# | Step: 1,Step 1: Choisir Achat de crédit.,,,,,USSD,*555#,,,"Achat de crédit, Achat de crédit — étape 1, achat_de_credit, USSD, *555#",fr,https://moovmoney.ga/services/recharges/,Achat de crédit — étape 1,2026-07-21,0.95,Official public source
KB0079,procedure_step,achat_de_credit,Achat de crédit,,Achat de crédit — étape 2,Comment effectuer Achat de crédit ?,Comment faire Achat de crédit ? | Quelles sont les étapes pour Achat de crédit ? | aide achat de credit,Étape 2 : Indiquer si la recharge concerne son numéro ou un tiers.,Indiquer si la recharge concerne son numéro ou un tiers. | Channel: USSD | Entry point: *555# | Step: 2,Step 2: Indiquer si la recharge concerne son numéro ou un tiers.,,,,,USSD,*555#,,,"Achat de crédit, Achat de crédit — étape 2, achat_de_credit, USSD, *555#",fr,https://moovmoney.ga/services/recharges/,Achat de crédit — étape 2,2026-07-21,0.95,Official public source
KB0080,procedure_step,achat_de_credit,Achat de crédit,,Achat de crédit — étape 3,Comment effectuer Achat de crédit ?,Comment faire Achat de crédit ? | Quelles sont les étapes pour Achat de crédit ? | aide achat de credit,Étape 3 : Saisir le numéro si nécessaire.,Saisir le numéro si nécessaire. | Channel: USSD | Entry point: *555# | Step: 3,Step 3: Saisir le numéro si nécessaire.,,,,,USSD,*555#,,,"Achat de crédit, Achat de crédit — étape 3, achat_de_credit, USSD, *555#",fr,https://moovmoney.ga/services/recharges/,Achat de crédit — étape 3,2026-07-21,0.95,Official public source
KB0081,procedure_step,achat_de_credit,Achat de crédit,,Achat de crédit — étape 4,Comment effectuer Achat de crédit ?,Comment faire Achat de crédit ? | Quelles sont les étapes pour Achat de crédit ? | aide achat de credit,Étape 4 : Saisir le montant.,Saisir le montant. | Channel: USSD | Entry point: *555# | Step: 4,Step 4: Saisir le montant.,,,,,USSD,*555#,,,"Achat de crédit, Achat de crédit — étape 4, achat_de_credit, USSD, *555#",fr,https://moovmoney.ga/services/recharges/,Achat de crédit — étape 4,2026-07-21,0.95,Official public source
KB0082,procedure_step,achat_de_credit,Achat de crédit,,Achat de crédit — étape 5,Comment effectuer Achat de crédit ?,Comment faire Achat de crédit ? | Quelles sont les étapes pour Achat de crédit ? | aide achat de credit,Étape 5 : Valider avec le code PIN.,Valider avec le code PIN. | Channel: USSD | Entry point: *555# | Step: 5,Step 5: Valider avec le code PIN.,,,,,USSD,*555#,"Never request or disclose a PIN, password, OTP, or biometric data. The user must verify transaction details and confirm only through the secure Moov Money flow.",,"Achat de crédit, Achat de crédit — étape 5, achat_de_credit, USSD, *555#",fr,https://moovmoney.ga/services/recharges/,Achat de crédit — étape 5,2026-07-21,0.95,Official public source
KB0083,procedure_step,achat_de_forfait,Achat de forfait,,Achat de forfait — étape 1,Comment effectuer Achat de forfait ?,Comment faire Achat de forfait ? | Quelles sont les étapes pour Achat de forfait ? | aide achat de forfait,Étape 1 : Ouvrir Achat de forfait.,Ouvrir Achat de forfait. | Channel: USSD | Entry point: *555*4# | Step: 1,Step 1: Ouvrir Achat de forfait.,,,,,USSD,*555*4#,,,"Achat de forfait, Achat de forfait — étape 1, achat_de_forfait, USSD, *555*4#",fr,https://moovmoney.ga/services/achat-de-forfait/,Achat de forfait — étape 1,2026-07-21,0.95,Official public source
KB0084,procedure_step,achat_de_forfait,Achat de forfait,,Achat de forfait — étape 2,Comment effectuer Achat de forfait ?,Comment faire Achat de forfait ? | Quelles sont les étapes pour Achat de forfait ? | aide achat de forfait,"Étape 2 : Choisir le bénéficiaire: soi-même, tiers ou SpeedBox.","Choisir le bénéficiaire: soi-même, tiers ou SpeedBox. | Channel: USSD | Entry point: *555*4# | Step: 2","Step 2: Choisir le bénéficiaire: soi-même, tiers ou SpeedBox.",,,,,USSD,*555*4#,,,"Achat de forfait, Achat de forfait — étape 2, achat_de_forfait, USSD, *555*4#",fr,https://moovmoney.ga/services/achat-de-forfait/,Achat de forfait — étape 2,2026-07-21,0.95,Official public source
KB0085,procedure_step,acheter_forfait_voix,Achat de forfait,,Achat de forfait — étape 3,Comment effectuer Achat de forfait ?,Comment faire Achat de forfait ? | Quelles sont les étapes pour Achat de forfait ? | aide achat de forfait,Étape 3 : Choisir la famille Voix ou Data.,Choisir la famille Voix ou Data. | Channel: USSD | Entry point: *555*4# | Step: 3,Step 3: Choisir la famille Voix ou Data.,,,,,USSD,*555*4#,,,"Achat de forfait, Achat de forfait — étape 3, acheter_forfait_voix, USSD, *555*4#",fr,https://moovmoney.ga/services/achat-de-forfait/,Achat de forfait — étape 3,2026-07-21,0.95,Official public source
KB0086,procedure_step,achat_de_forfait,Achat de forfait,,Achat de forfait — étape 4,Comment effectuer Achat de forfait ?,Comment faire Achat de forfait ? | Quelles sont les étapes pour Achat de forfait ? | aide achat de forfait,Étape 4 : Sélectionner le pass.,Sélectionner le pass. | Channel: USSD | Entry point: *555*4# | Step: 4,Step 4: Sélectionner le pass.,,,,,USSD,*555*4#,,,"Achat de forfait, Achat de forfait — étape 4, achat_de_forfait, USSD, *555*4#",fr,https://moovmoney.ga/services/achat-de-forfait/,Achat de forfait — étape 4,2026-07-21,0.95,Official public source
KB0087,procedure_step,achat_de_forfait,Achat de forfait,,Achat de forfait — étape 5,Comment effectuer Achat de forfait ?,Comment faire Achat de forfait ? | Quelles sont les étapes pour Achat de forfait ? | aide achat de forfait,Étape 5 : Confirmer avec le code PIN.,Confirmer avec le code PIN. | Channel: USSD | Entry point: *555*4# | Step: 5,Step 5: Confirmer avec le code PIN.,,,,,USSD,*555*4#,"Never request or disclose a PIN, password, OTP, or biometric data. The user must verify transaction details and confirm only through the secure Moov Money flow.",,"Achat de forfait, Achat de forfait — étape 5, achat_de_forfait, USSD, *555*4#",fr,https://moovmoney.ga/services/achat-de-forfait/,Achat de forfait — étape 5,2026-07-21,0.95,Official public source
KB0088,procedure_step,payer_seeg_edan,Paiement SEEG/EDAN,,Paiement SEEG/EDAN — étape 1,Comment effectuer Paiement SEEG/EDAN ?,Comment faire Paiement SEEG/EDAN ? | Quelles sont les étapes pour Paiement SEEG/EDAN ? | aide paiement seeg/edan,Étape 1 : Ouvrir le menu SEEG.,Ouvrir le menu SEEG. | Channel: USSD | Entry point: *555*6# | Step: 1,Step 1: Ouvrir le menu SEEG.,,,,,USSD,*555*6#,"Never request or disclose a PIN, password, OTP, or biometric data. The user must verify transaction details and confirm only through the secure Moov Money flow.",,"Paiement SEEG/EDAN, Paiement SEEG/EDAN — étape 1, payer_seeg_edan, USSD, *555*6#",fr,https://moovmoney.ga/services/paiement-seeg-et-edan/,Paiement SEEG/EDAN — étape 1,2026-07-21,0.95,Official public source
KB0089,procedure_step,payer_seeg_edan,Paiement SEEG/EDAN,,Paiement SEEG/EDAN — étape 2,Comment effectuer Paiement SEEG/EDAN ?,Comment faire Paiement SEEG/EDAN ? | Quelles sont les étapes pour Paiement SEEG/EDAN ? | aide paiement seeg/edan,Étape 2 : Choisir MobileDan ou le type de service.,Choisir MobileDan ou le type de service. | Channel: USSD | Entry point: *555*6# | Step: 2,Step 2: Choisir MobileDan ou le type de service.,,,,,USSD,*555*6#,"Never request or disclose a PIN, password, OTP, or biometric data. The user must verify transaction details and confirm only through the secure Moov Money flow.",,"Paiement SEEG/EDAN, Paiement SEEG/EDAN — étape 2, payer_seeg_edan, USSD, *555*6#",fr,https://moovmoney.ga/services/paiement-seeg-et-edan/,Paiement SEEG/EDAN — étape 2,2026-07-21,0.95,Official public source
KB0090,procedure_step,payer_seeg_edan,Paiement SEEG/EDAN,,Paiement SEEG/EDAN — étape 3,Comment effectuer Paiement SEEG/EDAN ?,Comment faire Paiement SEEG/EDAN ? | Quelles sont les étapes pour Paiement SEEG/EDAN ? | aide paiement seeg/edan,Étape 3 : Choisir Paiement.,Choisir Paiement. | Channel: USSD | Entry point: *555*6# | Step: 3,Step 3: Choisir Paiement.,,,,,USSD,*555*6#,"Never request or disclose a PIN, password, OTP, or biometric data. The user must verify transaction details and confirm only through the secure Moov Money flow.",,"Paiement SEEG/EDAN, Paiement SEEG/EDAN — étape 3, payer_seeg_edan, USSD, *555*6#",fr,https://moovmoney.ga/services/paiement-seeg-et-edan/,Paiement SEEG/EDAN — étape 3,2026-07-21,0.95,Official public source
KB0091,procedure_step,payer_seeg_edan,Paiement SEEG/EDAN,,Paiement SEEG/EDAN — étape 4,Comment effectuer Paiement SEEG/EDAN ?,Comment faire Paiement SEEG/EDAN ? | Quelles sont les étapes pour Paiement SEEG/EDAN ? | aide paiement seeg/edan,Étape 4 : Renseigner le contact ou la référence.,Renseigner le contact ou la référence. | Channel: USSD | Entry point: *555*6# | Step: 4,Step 4: Renseigner le contact ou la référence.,,,,,USSD,*555*6#,"Never request or disclose a PIN, password, OTP, or biometric data. The user must verify transaction details and confirm only through the secure Moov Money flow.","Escalate when the information is contradictory, the account must be verified, or the issue involves fraud, a blocked account, or an unrecognized transaction.","Paiement SEEG/EDAN, Paiement SEEG/EDAN — étape 4, payer_seeg_edan, USSD, *555*6#",fr,https://moovmoney.ga/services/paiement-seeg-et-edan/,Paiement SEEG/EDAN — étape 4,2026-07-21,0.95,Official public source
KB0092,procedure_step,payer_seeg_edan,Paiement SEEG/EDAN,,Paiement SEEG/EDAN — étape 5,Comment effectuer Paiement SEEG/EDAN ?,Comment faire Paiement SEEG/EDAN ? | Quelles sont les étapes pour Paiement SEEG/EDAN ? | aide paiement seeg/edan,Étape 5 : Préciser si le compteur est enregistré.,Préciser si le compteur est enregistré. | Channel: USSD | Entry point: *555*6# | Step: 5,Step 5: Préciser si le compteur est enregistré.,,,,,USSD,*555*6#,"Never request or disclose a PIN, password, OTP, or biometric data. The user must verify transaction details and confirm only through the secure Moov Money flow.",,"Paiement SEEG/EDAN, Paiement SEEG/EDAN — étape 5, payer_seeg_edan, USSD, *555*6#",fr,https://moovmoney.ga/services/paiement-seeg-et-edan/,Paiement SEEG/EDAN — étape 5,2026-07-21,0.95,Official public source
KB0093,procedure_step,payer_seeg_edan,Paiement SEEG/EDAN,,Paiement SEEG/EDAN — étape 6,Comment effectuer Paiement SEEG/EDAN ?,Comment faire Paiement SEEG/EDAN ? | Quelles sont les étapes pour Paiement SEEG/EDAN ? | aide paiement seeg/edan,Étape 6 : Saisir le nom et le montant demandés.,Saisir le nom et le montant demandés. | Channel: USSD | Entry point: *555*6# | Step: 6,Step 6: Saisir le nom et le montant demandés.,,,,,USSD,*555*6#,"Never request or disclose a PIN, password, OTP, or biometric data. The user must verify transaction details and confirm only through the secure Moov Money flow.",,"Paiement SEEG/EDAN, Paiement SEEG/EDAN — étape 6, payer_seeg_edan, USSD, *555*6#",fr,https://moovmoney.ga/services/paiement-seeg-et-edan/,Paiement SEEG/EDAN — étape 6,2026-07-21,0.95,Official public source
KB0094,procedure_step,payer_seeg_edan,Paiement SEEG/EDAN,,Paiement SEEG/EDAN — étape 7,Comment effectuer Paiement SEEG/EDAN ?,Comment faire Paiement SEEG/EDAN ? | Quelles sont les étapes pour Paiement SEEG/EDAN ? | aide paiement seeg/edan,Étape 7 : Valider avec le code PIN.,Valider avec le code PIN. | Channel: USSD | Entry point: *555*6# | Step: 7,Step 7: Valider avec le code PIN.,,,,,USSD,*555*6#,"Never request or disclose a PIN, password, OTP, or biometric data. The user must verify transaction details and confirm only through the secure Moov Money flow.",,"Paiement SEEG/EDAN, Paiement SEEG/EDAN — étape 7, payer_seeg_edan, USSD, *555*6#",fr,https://moovmoney.ga/services/paiement-seeg-et-edan/,Paiement SEEG/EDAN — étape 7,2026-07-21,0.95,Official public source
KB0095,procedure_step,payer_gabon_telecom,Paiement Gabon Telecom,,Paiement Gabon Telecom — étape 1,Comment effectuer Paiement Gabon Telecom ?,Comment faire Paiement Gabon Telecom ? | Quelles sont les étapes pour Paiement Gabon Telecom ? | aide paiement gabon telecom,Étape 1 : Choisir Paiement.,Choisir Paiement. | Channel: USSD | Entry point: *555# | Step: 1,Step 1: Choisir Paiement.,,,,,USSD,*555#,"Never request or disclose a PIN, password, OTP, or biometric data. The user must verify transaction details and confirm only through the secure Moov Money flow.",,"Paiement Gabon Telecom, Paiement Gabon Telecom — étape 1, payer_gabon_telecom, USSD, *555#",fr,https://moovmoney.ga/services/facture-gabon-telecom/,Paiement Gabon Telecom — étape 1,2026-07-21,0.95,Official public source
KB0096,procedure_step,payer_gabon_telecom,Paiement Gabon Telecom,,Paiement Gabon Telecom — étape 2,Comment effectuer Paiement Gabon Telecom ?,Comment faire Paiement Gabon Telecom ? | Quelles sont les étapes pour Paiement Gabon Telecom ? | aide paiement gabon telecom,Étape 2 : Choisir Gabon Telecom.,Choisir Gabon Telecom. | Channel: USSD | Entry point: *555# | Step: 2,Step 2: Choisir Gabon Telecom.,,,,,USSD,*555#,"Never request or disclose a PIN, password, OTP, or biometric data. The user must verify transaction details and confirm only through the secure Moov Money flow.",,"Paiement Gabon Telecom, Paiement Gabon Telecom — étape 2, payer_gabon_telecom, USSD, *555#",fr,https://moovmoney.ga/services/facture-gabon-telecom/,Paiement Gabon Telecom — étape 2,2026-07-21,0.95,Official public source
KB0097,procedure_step,payer_gabon_telecom,Paiement Gabon Telecom,,Paiement Gabon Telecom — étape 3,Comment effectuer Paiement Gabon Telecom ?,Comment faire Paiement Gabon Telecom ? | Quelles sont les étapes pour Paiement Gabon Telecom ? | aide paiement gabon telecom,"Étape 3 : Sélectionner ADSL, DUO ou Fibre.","Sélectionner ADSL, DUO ou Fibre. | Channel: USSD | Entry point: *555# | Step: 3","Step 3: Sélectionner ADSL, DUO ou Fibre.",,,,,USSD,*555#,"Never request or disclose a PIN, password, OTP, or biometric data. The user must verify transaction details and confirm only through the secure Moov Money flow.",,"Paiement Gabon Telecom, Paiement Gabon Telecom — étape 3, payer_gabon_telecom, USSD, *555#",fr,https://moovmoney.ga/services/facture-gabon-telecom/,Paiement Gabon Telecom — étape 3,2026-07-21,0.95,Official public source
KB0098,procedure_step,payer_gabon_telecom,Paiement Gabon Telecom,,Paiement Gabon Telecom — étape 4,Comment effectuer Paiement Gabon Telecom ?,Comment faire Paiement Gabon Telecom ? | Quelles sont les étapes pour Paiement Gabon Telecom ? | aide paiement gabon telecom,Étape 4 : Saisir le numéro fixe ou la référence.,Saisir le numéro fixe ou la référence. | Channel: USSD | Entry point: *555# | Step: 4,Step 4: Saisir le numéro fixe ou la référence.,,,,,USSD,*555#,"Never request or disclose a PIN, password, OTP, or biometric data. The user must verify transaction details and confirm only through the secure Moov Money flow.",,"Paiement Gabon Telecom, Paiement Gabon Telecom — étape 4, payer_gabon_telecom, USSD, *555#",fr,https://moovmoney.ga/services/facture-gabon-telecom/,Paiement Gabon Telecom — étape 4,2026-07-21,0.95,Official public source
KB0099,procedure_step,payer_gabon_telecom,Paiement Gabon Telecom,,Paiement Gabon Telecom — étape 5,Comment effectuer Paiement Gabon Telecom ?,Comment faire Paiement Gabon Telecom ? | Quelles sont les étapes pour Paiement Gabon Telecom ? | aide paiement gabon telecom,Étape 5 : Choisir le paiement.,Choisir le paiement. | Channel: USSD | Entry point: *555# | Step: 5,Step 5: Choisir le paiement.,,,,,USSD,*555#,"Never request or disclose a PIN, password, OTP, or biometric data. The user must verify transaction details and confirm only through the secure Moov Money flow.",,"Paiement Gabon Telecom, Paiement Gabon Telecom — étape 5, payer_gabon_telecom, USSD, *555#",fr,https://moovmoney.ga/services/facture-gabon-telecom/,Paiement Gabon Telecom — étape 5,2026-07-21,0.95,Official public source
KB0100,procedure_step,payer_gabon_telecom,Paiement Gabon Telecom,,Paiement Gabon Telecom — étape 6,Comment effectuer Paiement Gabon Telecom ?,Comment faire Paiement Gabon Telecom ? | Quelles sont les étapes pour Paiement Gabon Telecom ? | aide paiement gabon telecom,Étape 6 : Confirmer avec le code PIN.,Confirmer avec le code PIN. | Channel: USSD | Entry point: *555# | Step: 6,Step 6: Confirmer avec le code PIN.,,,,,USSD,*555#,"Never request or disclose a PIN, password, OTP, or biometric data. The user must verify transaction details and confirm only through the secure Moov Money flow.",,"Paiement Gabon Telecom, Paiement Gabon Telecom — étape 6, payer_gabon_telecom, USSD, *555#",fr,https://moovmoney.ga/services/facture-gabon-telecom/,Paiement Gabon Telecom — étape 6,2026-07-21,0.95,Official public source
KB0101,procedure_step,payer_canal,Réabonnement Canal+,,Réabonnement Canal+ — étape 1,Comment effectuer Réabonnement Canal+ ?,Comment faire Réabonnement Canal+ ? | Quelles sont les étapes pour Réabonnement Canal+ ? | aide reabonnement canal+,Étape 1 : Choisir Paiement.,Choisir Paiement. | Channel: USSD | Entry point: *555*5# | Step: 1,Step 1: Choisir Paiement.,,,,,USSD,*555*5#,"Never request or disclose a PIN, password, OTP, or biometric data. The user must verify transaction details and confirm only through the secure Moov Money flow.",,"Réabonnement Canal+, Réabonnement Canal+ — étape 1, payer_canal, USSD, *555*5#",fr,https://moovmoney.ga/services/canal-et-satcon/,Réabonnement Canal+ — étape 1,2026-07-21,0.95,Official public source
KB0102,procedure_step,payer_canal,Réabonnement Canal+,,Réabonnement Canal+ — étape 2,Comment effectuer Réabonnement Canal+ ?,Comment faire Réabonnement Canal+ ? | Quelles sont les étapes pour Réabonnement Canal+ ? | aide reabonnement canal+,Étape 2 : Choisir Canal+.,Choisir Canal+. | Channel: USSD | Entry point: *555*5# | Step: 2,Step 2: Choisir Canal+.,,,,,USSD,*555*5#,,,"Réabonnement Canal+, Réabonnement Canal+ — étape 2, payer_canal, USSD, *555*5#",fr,https://moovmoney.ga/services/canal-et-satcon/,Réabonnement Canal+ — étape 2,2026-07-21,0.95,Official public source
KB0103,procedure_step,payer_canal,Réabonnement Canal+,,Réabonnement Canal+ — étape 3,Comment effectuer Réabonnement Canal+ ?,Comment faire Réabonnement Canal+ ? | Quelles sont les étapes pour Réabonnement Canal+ ? | aide reabonnement canal+,Étape 3 : Sélectionner le type de transaction.,Sélectionner le type de transaction. | Channel: USSD | Entry point: *555*5# | Step: 3,Step 3: Sélectionner le type de transaction.,,,,,USSD,*555*5#,"Never request or disclose a PIN, password, OTP, or biometric data. The user must verify transaction details and confirm only through the secure Moov Money flow.",,"Réabonnement Canal+, Réabonnement Canal+ — étape 3, payer_canal, USSD, *555*5#",fr,https://moovmoney.ga/services/canal-et-satcon/,Réabonnement Canal+ — étape 3,2026-07-21,0.95,Official public source
KB0104,procedure_step,payer_canal,Réabonnement Canal+,,Réabonnement Canal+ — étape 4,Comment effectuer Réabonnement Canal+ ?,Comment faire Réabonnement Canal+ ? | Quelles sont les étapes pour Réabonnement Canal+ ? | aide reabonnement canal+,Étape 4 : Indiquer si la carte est enregistrée.,Indiquer si la carte est enregistrée. | Channel: USSD | Entry point: *555*5# | Step: 4,Step 4: Indiquer si la carte est enregistrée.,,,,,USSD,*555*5#,"Never request or disclose a PIN, password, OTP, or biometric data. The user must verify transaction details and confirm only through the secure Moov Money flow.",,"Réabonnement Canal+, Réabonnement Canal+ — étape 4, payer_canal, USSD, *555*5#",fr,https://moovmoney.ga/services/canal-et-satcon/,Réabonnement Canal+ — étape 4,2026-07-21,0.95,Official public source
KB0105,procedure_step,payer_canal,Réabonnement Canal+,,Réabonnement Canal+ — étape 5,Comment effectuer Réabonnement Canal+ ?,Comment faire Réabonnement Canal+ ? | Quelles sont les étapes pour Réabonnement Canal+ ? | aide reabonnement canal+,Étape 5 : Vérifier le numéro de carte.,Vérifier le numéro de carte. | Channel: USSD | Entry point: *555*5# | Step: 5,Step 5: Vérifier le numéro de carte.,,,,,USSD,*555*5#,"Never request or disclose a PIN, password, OTP, or biometric data. The user must verify transaction details and confirm only through the secure Moov Money flow.",,"Réabonnement Canal+, Réabonnement Canal+ — étape 5, payer_canal, USSD, *555*5#",fr,https://moovmoney.ga/services/canal-et-satcon/,Réabonnement Canal+ — étape 5,2026-07-21,0.95,Official public source
KB0106,procedure_step,payer_canal,Réabonnement Canal+,,Réabonnement Canal+ — étape 6,Comment effectuer Réabonnement Canal+ ?,Comment faire Réabonnement Canal+ ? | Quelles sont les étapes pour Réabonnement Canal+ ? | aide reabonnement canal+,Étape 6 : Confirmer avec le code PIN.,Confirmer avec le code PIN. | Channel: USSD | Entry point: *555*5# | Step: 6,Step 6: Confirmer avec le code PIN.,,,,,USSD,*555*5#,"Never request or disclose a PIN, password, OTP, or biometric data. The user must verify transaction details and confirm only through the secure Moov Money flow.",,"Réabonnement Canal+, Réabonnement Canal+ — étape 6, payer_canal, USSD, *555*5#",fr,https://moovmoney.ga/services/canal-et-satcon/,Réabonnement Canal+ — étape 6,2026-07-21,0.95,Official public source
KB0107,procedure_step,payer_canal,Réabonnement SATCON,,Réabonnement SATCON — étape 1,Comment effectuer Réabonnement SATCON ?,Comment faire Réabonnement SATCON ? | Quelles sont les étapes pour Réabonnement SATCON ? | aide reabonnement satcon,Étape 1 : Choisir Paiement.,Choisir Paiement. | Channel: USSD | Entry point: *555*5# | Step: 1,Step 1: Choisir Paiement.,,,,,USSD,*555*5#,"Never request or disclose a PIN, password, OTP, or biometric data. The user must verify transaction details and confirm only through the secure Moov Money flow.",,"Réabonnement SATCON, Réabonnement SATCON — étape 1, payer_canal, USSD, *555*5#",fr,https://moovmoney.ga/services/canal-et-satcon/,Réabonnement SATCON — étape 1,2026-07-21,0.95,Official public source
KB0108,procedure_step,payer_canal,Réabonnement SATCON,,Réabonnement SATCON — étape 2,Comment effectuer Réabonnement SATCON ?,Comment faire Réabonnement SATCON ? | Quelles sont les étapes pour Réabonnement SATCON ? | aide reabonnement satcon,Étape 2 : Choisir SATCON.,Choisir SATCON. | Channel: USSD | Entry point: *555*5# | Step: 2,Step 2: Choisir SATCON.,,,,,USSD,*555*5#,,,"Réabonnement SATCON, Réabonnement SATCON — étape 2, payer_canal, USSD, *555*5#",fr,https://moovmoney.ga/services/canal-et-satcon/,Réabonnement SATCON — étape 2,2026-07-21,0.95,Official public source
KB0109,procedure_step,payer_canal,Réabonnement SATCON,,Réabonnement SATCON — étape 3,Comment effectuer Réabonnement SATCON ?,Comment faire Réabonnement SATCON ? | Quelles sont les étapes pour Réabonnement SATCON ? | aide reabonnement satcon,Étape 3 : Sélectionner la nature de l’opération.,Sélectionner la nature de l’opération. | Channel: USSD | Entry point: *555*5# | Step: 3,Step 3: Sélectionner la nature de l’opération.,,,,,USSD,*555*5#,,,"Réabonnement SATCON, Réabonnement SATCON — étape 3, payer_canal, USSD, *555*5#",fr,https://moovmoney.ga/services/canal-et-satcon/,Réabonnement SATCON — étape 3,2026-07-21,0.95,Official public source
KB0110,procedure_step,payer_canal,Réabonnement SATCON,,Réabonnement SATCON — étape 4,Comment effectuer Réabonnement SATCON ?,Comment faire Réabonnement SATCON ? | Quelles sont les étapes pour Réabonnement SATCON ? | aide reabonnement satcon,Étape 4 : Indiquer le statut de la carte.,Indiquer le statut de la carte. | Channel: USSD | Entry point: *555*5# | Step: 4,Step 4: Indiquer le statut de la carte.,,,,,USSD,*555*5#,"Never request or disclose a PIN, password, OTP, or biometric data. The user must verify transaction details and confirm only through the secure Moov Money flow.",,"Réabonnement SATCON, Réabonnement SATCON — étape 4, payer_canal, USSD, *555*5#",fr,https://moovmoney.ga/services/canal-et-satcon/,Réabonnement SATCON — étape 4,2026-07-21,0.95,Official public source
KB0111,procedure_step,payer_canal,Réabonnement SATCON,,Réabonnement SATCON — étape 5,Comment effectuer Réabonnement SATCON ?,Comment faire Réabonnement SATCON ? | Quelles sont les étapes pour Réabonnement SATCON ? | aide reabonnement satcon,Étape 5 : Choisir la durée ou la formule.,Choisir la durée ou la formule. | Channel: USSD | Entry point: *555*5# | Step: 5,Step 5: Choisir la durée ou la formule.,,,,,USSD,*555*5#,,,"Réabonnement SATCON, Réabonnement SATCON — étape 5, payer_canal, USSD, *555*5#",fr,https://moovmoney.ga/services/canal-et-satcon/,Réabonnement SATCON — étape 5,2026-07-21,0.95,Official public source
KB0112,procedure_step,payer_canal,Réabonnement SATCON,,Réabonnement SATCON — étape 6,Comment effectuer Réabonnement SATCON ?,Comment faire Réabonnement SATCON ? | Quelles sont les étapes pour Réabonnement SATCON ? | aide reabonnement satcon,Étape 6 : Vérifier le récapitulatif.,Vérifier le récapitulatif. | Channel: USSD | Entry point: *555*5# | Step: 6,Step 6: Vérifier le récapitulatif.,,,,,USSD,*555*5#,,,"Réabonnement SATCON, Réabonnement SATCON — étape 6, payer_canal, USSD, *555*5#",fr,https://moovmoney.ga/services/canal-et-satcon/,Réabonnement SATCON — étape 6,2026-07-21,0.95,Official public source
KB0113,procedure_step,payer_canal,Réabonnement SATCON,,Réabonnement SATCON — étape 7,Comment effectuer Réabonnement SATCON ?,Comment faire Réabonnement SATCON ? | Quelles sont les étapes pour Réabonnement SATCON ? | aide reabonnement satcon,Étape 7 : Confirmer avec le code PIN.,Confirmer avec le code PIN. | Channel: USSD | Entry point: *555*5# | Step: 7,Step 7: Confirmer avec le code PIN.,,,,,USSD,*555*5#,"Never request or disclose a PIN, password, OTP, or biometric data. The user must verify transaction details and confirm only through the secure Moov Money flow.",,"Réabonnement SATCON, Réabonnement SATCON — étape 7, payer_canal, USSD, *555*5#",fr,https://moovmoney.ga/services/canal-et-satcon/,Réabonnement SATCON — étape 7,2026-07-21,0.95,Official public source
KB0114,procedure_step,payer_campus_france,Paiement Campus France,,Paiement Campus France — étape 1,Comment effectuer Paiement Campus France ?,Comment faire Paiement Campus France ? | Quelles sont les étapes pour Paiement Campus France ? | aide paiement campus france,Étape 1 : Choisir Paiement.,Choisir Paiement. | Channel: USSD | Entry point: *555# | Step: 1,Step 1: Choisir Paiement.,,,,,USSD,*555#,"Never request or disclose a PIN, password, OTP, or biometric data. The user must verify transaction details and confirm only through the secure Moov Money flow.",,"Paiement Campus France, Paiement Campus France — étape 1, payer_campus_france, USSD, *555#",fr,https://moovmoney.ga/services/campus-france/,Paiement Campus France — étape 1,2026-07-21,0.95,Official public source
KB0115,procedure_step,payer_campus_france,Paiement Campus France,,Paiement Campus France — étape 2,Comment effectuer Paiement Campus France ?,Comment faire Paiement Campus France ? | Quelles sont les étapes pour Paiement Campus France ? | aide paiement campus france,Étape 2 : Choisir Campus France.,Choisir Campus France. | Channel: USSD | Entry point: *555# | Step: 2,Step 2: Choisir Campus France.,,,,,USSD,*555#,"Never request or disclose a PIN, password, OTP, or biometric data. The user must verify transaction details and confirm only through the secure Moov Money flow.",,"Paiement Campus France, Paiement Campus France — étape 2, payer_campus_france, USSD, *555#",fr,https://moovmoney.ga/services/campus-france/,Paiement Campus France — étape 2,2026-07-21,0.95,Official public source
KB0116,procedure_step,payer_campus_france,Paiement Campus France,,Paiement Campus France — étape 3,Comment effectuer Paiement Campus France ?,Comment faire Paiement Campus France ? | Quelles sont les étapes pour Paiement Campus France ? | aide paiement campus france,Étape 3 : Saisir le numéro de dossier.,Saisir le numéro de dossier. | Channel: USSD | Entry point: *555# | Step: 3,Step 3: Saisir le numéro de dossier.,,,,,USSD,*555#,"Never request or disclose a PIN, password, OTP, or biometric data. The user must verify transaction details and confirm only through the secure Moov Money flow.",,"Paiement Campus France, Paiement Campus France — étape 3, payer_campus_france, USSD, *555#",fr,https://moovmoney.ga/services/campus-france/,Paiement Campus France — étape 3,2026-07-21,0.95,Official public source
KB0117,procedure_step,payer_campus_france,Paiement Campus France,,Paiement Campus France — étape 4,Comment effectuer Paiement Campus France ?,Comment faire Paiement Campus France ? | Quelles sont les étapes pour Paiement Campus France ? | aide paiement campus france,Étape 4 : Choisir la nature des frais.,Choisir la nature des frais. | Channel: USSD | Entry point: *555# | Step: 4,Step 4: Choisir la nature des frais.,,,,,USSD,*555#,"Never request or disclose a PIN, password, OTP, or biometric data. The user must verify transaction details and confirm only through the secure Moov Money flow.",,"Paiement Campus France, Paiement Campus France — étape 4, payer_campus_france, USSD, *555#",fr,https://moovmoney.ga/services/campus-france/,Paiement Campus France — étape 4,2026-07-21,0.95,Official public source
KB0118,procedure_step,payer_campus_france,Paiement Campus France,,Paiement Campus France — étape 5,Comment effectuer Paiement Campus France ?,Comment faire Paiement Campus France ? | Quelles sont les étapes pour Paiement Campus France ? | aide paiement campus france,Étape 5 : Vérifier le récapitulatif.,Vérifier le récapitulatif. | Channel: USSD | Entry point: *555# | Step: 5,Step 5: Vérifier le récapitulatif.,,,,,USSD,*555#,"Never request or disclose a PIN, password, OTP, or biometric data. The user must verify transaction details and confirm only through the secure Moov Money flow.",,"Paiement Campus France, Paiement Campus France — étape 5, payer_campus_france, USSD, *555#",fr,https://moovmoney.ga/services/campus-france/,Paiement Campus France — étape 5,2026-07-21,0.95,Official public source
KB0119,procedure_step,payer_campus_france,Paiement Campus France,,Paiement Campus France — étape 6,Comment effectuer Paiement Campus France ?,Comment faire Paiement Campus France ? | Quelles sont les étapes pour Paiement Campus France ? | aide paiement campus france,Étape 6 : Valider avec le code PIN.,Valider avec le code PIN. | Channel: USSD | Entry point: *555# | Step: 6,Step 6: Valider avec le code PIN.,,,,,USSD,*555#,"Never request or disclose a PIN, password, OTP, or biometric data. The user must verify transaction details and confirm only through the secure Moov Money flow.",,"Paiement Campus France, Paiement Campus France — étape 6, payer_campus_france, USSD, *555#",fr,https://moovmoney.ga/services/campus-france/,Paiement Campus France — étape 6,2026-07-21,0.95,Official public source
KB0120,procedure_step,devenir_marchand,Paiement marchand standard,,Paiement marchand standard — étape 1,Comment effectuer Paiement marchand standard ?,Comment faire Paiement marchand standard ? | Quelles sont les étapes pour Paiement marchand standard ? | aide paiement marchand standard,Étape 1 : Choisir Paiement.,Choisir Paiement. | Channel: USSD | Entry point: *555# | Step: 1,Step 1: Choisir Paiement.,,,,,USSD,*555#,"Never request or disclose a PIN, password, OTP, or biometric data. The user must verify transaction details and confirm only through the secure Moov Money flow.",,"Paiement marchand standard, Paiement marchand standard — étape 1, devenir_marchand, USSD, *555#",fr,https://moovmoney.ga/marchand/standards-et-partenaires/,Paiement marchand standard — étape 1,2026-07-21,0.95,Official public source
KB0121,procedure_step,devenir_marchand,Paiement marchand standard,,Paiement marchand standard — étape 2,Comment effectuer Paiement marchand standard ?,Comment faire Paiement marchand standard ? | Quelles sont les étapes pour Paiement marchand standard ? | aide paiement marchand standard,Étape 2 : Choisir Marchand.,Choisir Marchand. | Channel: USSD | Entry point: *555# | Step: 2,Step 2: Choisir Marchand.,,,,,USSD,*555#,"Never request or disclose a PIN, password, OTP, or biometric data. The user must verify transaction details and confirm only through the secure Moov Money flow.",,"Paiement marchand standard, Paiement marchand standard — étape 2, devenir_marchand, USSD, *555#",fr,https://moovmoney.ga/marchand/standards-et-partenaires/,Paiement marchand standard — étape 2,2026-07-21,0.95,Official public source
KB0122,procedure_step,devenir_marchand,Paiement marchand standard,,Paiement marchand standard — étape 3,Comment effectuer Paiement marchand standard ?,Comment faire Paiement marchand standard ? | Quelles sont les étapes pour Paiement marchand standard ? | aide paiement marchand standard,Étape 3 : Saisir le code marchand.,Saisir le code marchand. | Channel: USSD | Entry point: *555# | Step: 3,Step 3: Saisir le code marchand.,,,,,USSD,*555#,"Never request or disclose a PIN, password, OTP, or biometric data. The user must verify transaction details and confirm only through the secure Moov Money flow.",,"Paiement marchand standard, Paiement marchand standard — étape 3, devenir_marchand, USSD, *555#",fr,https://moovmoney.ga/marchand/standards-et-partenaires/,Paiement marchand standard — étape 3,2026-07-21,0.95,Official public source
KB0123,procedure_step,devenir_marchand,Paiement marchand standard,,Paiement marchand standard — étape 4,Comment effectuer Paiement marchand standard ?,Comment faire Paiement marchand standard ? | Quelles sont les étapes pour Paiement marchand standard ? | aide paiement marchand standard,Étape 4 : Saisir le montant.,Saisir le montant. | Channel: USSD | Entry point: *555# | Step: 4,Step 4: Saisir le montant.,,,,,USSD,*555#,"Never request or disclose a PIN, password, OTP, or biometric data. The user must verify transaction details and confirm only through the secure Moov Money flow.",,"Paiement marchand standard, Paiement marchand standard — étape 4, devenir_marchand, USSD, *555#",fr,https://moovmoney.ga/marchand/standards-et-partenaires/,Paiement marchand standard — étape 4,2026-07-21,0.95,Official public source
KB0124,procedure_step,devenir_marchand,Paiement marchand standard,,Paiement marchand standard — étape 5,Comment effectuer Paiement marchand standard ?,Comment faire Paiement marchand standard ? | Quelles sont les étapes pour Paiement marchand standard ? | aide paiement marchand standard,Étape 5 : Valider avec le code PIN.,Valider avec le code PIN. | Channel: USSD | Entry point: *555# | Step: 5,Step 5: Valider avec le code PIN.,,,,,USSD,*555#,"Never request or disclose a PIN, password, OTP, or biometric data. The user must verify transaction details and confirm only through the secure Moov Money flow.",,"Paiement marchand standard, Paiement marchand standard — étape 5, devenir_marchand, USSD, *555#",fr,https://moovmoney.ga/marchand/standards-et-partenaires/,Paiement marchand standard — étape 5,2026-07-21,0.95,Official public source
KB0125,procedure_step,transfert_cemac,Transfert CEMAC,,Transfert CEMAC — étape 1,Comment effectuer Transfert CEMAC ?,Comment faire Transfert CEMAC ? | Quelles sont les étapes pour Transfert CEMAC ? | aide transfert cemac,Étape 1 : Choisir GIMACPAY.,Choisir GIMACPAY. | Channel: USSD | Entry point: *555# | Step: 1,Step 1: Choisir GIMACPAY.,,,,,USSD,*555#,"Never request or disclose a PIN, password, OTP, or biometric data. The user must verify transaction details and confirm only through the secure Moov Money flow.",,"Transfert CEMAC, Transfert CEMAC — étape 1, transfert_cemac, USSD, *555#",fr,https://moovmoney.ga/services/transfert-international/,Transfert CEMAC — étape 1,2026-07-21,0.95,Official public source
KB0126,procedure_step,transfert_cemac,Transfert CEMAC,,Transfert CEMAC — étape 2,Comment effectuer Transfert CEMAC ?,Comment faire Transfert CEMAC ? | Quelles sont les étapes pour Transfert CEMAC ? | aide transfert cemac,Étape 2 : Choisir Transfert.,Choisir Transfert. | Channel: USSD | Entry point: *555# | Step: 2,Step 2: Choisir Transfert.,,,,,USSD,*555#,"Never request or disclose a PIN, password, OTP, or biometric data. The user must verify transaction details and confirm only through the secure Moov Money flow.",,"Transfert CEMAC, Transfert CEMAC — étape 2, transfert_cemac, USSD, *555#",fr,https://moovmoney.ga/services/transfert-international/,Transfert CEMAC — étape 2,2026-07-21,0.95,Official public source
KB0127,procedure_step,transfert_cemac,Transfert CEMAC,,Transfert CEMAC — étape 3,Comment effectuer Transfert CEMAC ?,Comment faire Transfert CEMAC ? | Quelles sont les étapes pour Transfert CEMAC ? | aide transfert cemac,Étape 3 : Choisir Transfert CEMAC.,Choisir Transfert CEMAC. | Channel: USSD | Entry point: *555# | Step: 3,Step 3: Choisir Transfert CEMAC.,,,,,USSD,*555#,"Never request or disclose a PIN, password, OTP, or biometric data. The user must verify transaction details and confirm only through the secure Moov Money flow.",,"Transfert CEMAC, Transfert CEMAC — étape 3, transfert_cemac, USSD, *555#",fr,https://moovmoney.ga/services/transfert-international/,Transfert CEMAC — étape 3,2026-07-21,0.95,Official public source
KB0128,procedure_step,transfert_cemac,Transfert CEMAC,,Transfert CEMAC — étape 4,Comment effectuer Transfert CEMAC ?,Comment faire Transfert CEMAC ? | Quelles sont les étapes pour Transfert CEMAC ? | aide transfert cemac,Étape 4 : Sélectionner le pays.,Sélectionner le pays. | Channel: USSD | Entry point: *555# | Step: 4,Step 4: Sélectionner le pays.,,,,,USSD,*555#,"Never request or disclose a PIN, password, OTP, or biometric data. The user must verify transaction details and confirm only through the secure Moov Money flow.",,"Transfert CEMAC, Transfert CEMAC — étape 4, transfert_cemac, USSD, *555#",fr,https://moovmoney.ga/services/transfert-international/,Transfert CEMAC — étape 4,2026-07-21,0.95,Official public source
KB0129,procedure_step,transfert_cemac,Transfert CEMAC,,Transfert CEMAC — étape 5,Comment effectuer Transfert CEMAC ?,Comment faire Transfert CEMAC ? | Quelles sont les étapes pour Transfert CEMAC ? | aide transfert cemac,Étape 5 : Sélectionner l’opérateur.,Sélectionner l’opérateur. | Channel: USSD | Entry point: *555# | Step: 5,Step 5: Sélectionner l’opérateur.,,,,,USSD,*555#,"Never request or disclose a PIN, password, OTP, or biometric data. The user must verify transaction details and confirm only through the secure Moov Money flow.",,"Transfert CEMAC, Transfert CEMAC — étape 5, transfert_cemac, USSD, *555#",fr,https://moovmoney.ga/services/transfert-international/,Transfert CEMAC — étape 5,2026-07-21,0.95,Official public source
KB0130,procedure_step,transfert_cemac,Transfert CEMAC,,Transfert CEMAC — étape 6,Comment effectuer Transfert CEMAC ?,Comment faire Transfert CEMAC ? | Quelles sont les étapes pour Transfert CEMAC ? | aide transfert cemac,"Étape 6 : Saisir le numéro, le montant et confirmer avec le code PIN.","Saisir le numéro, le montant et confirmer avec le code PIN. | Channel: USSD | Entry point: *555# | Step: 6","Step 6: Saisir le numéro, le montant et confirmer avec le code PIN.",,,,,USSD,*555#,"Never request or disclose a PIN, password, OTP, or biometric data. The user must verify transaction details and confirm only through the secure Moov Money flow.",,"Transfert CEMAC, Transfert CEMAC — étape 6, transfert_cemac, USSD, *555#",fr,https://moovmoney.ga/services/transfert-international/,Transfert CEMAC — étape 6,2026-07-21,0.95,Official public source
KB0131,procedure_step,transfert_cemac,Transfert CEMAC,,Transfert CEMAC — étape 1,Comment effectuer Transfert CEMAC ?,Comment faire Transfert CEMAC ? | Quelles sont les étapes pour Transfert CEMAC ? | aide transfert cemac,Étape 1 : Choisir GIMACPAY.,Choisir GIMACPAY. | Channel: Application | Entry point: Application Moov Money | Step: 1,Step 1: Choisir GIMACPAY.,,,,,Application,Application Moov Money,"Never request or disclose a PIN, password, OTP, or biometric data. The user must verify transaction details and confirm only through the secure Moov Money flow.",,"Transfert CEMAC, Transfert CEMAC — étape 1, transfert_cemac, Application, Application Moov Money",fr,https://moovmoney.ga/services/transfert-international/,Transfert CEMAC — étape 1,2026-07-21,0.95,Official public source
KB0132,procedure_step,transfert_cemac,Transfert CEMAC,,Transfert CEMAC — étape 2,Comment effectuer Transfert CEMAC ?,Comment faire Transfert CEMAC ? | Quelles sont les étapes pour Transfert CEMAC ? | aide transfert cemac,Étape 2 : Choisir Transfert.,Choisir Transfert. | Channel: Application | Entry point: Application Moov Money | Step: 2,Step 2: Choisir Transfert.,,,,,Application,Application Moov Money,"Never request or disclose a PIN, password, OTP, or biometric data. The user must verify transaction details and confirm only through the secure Moov Money flow.",,"Transfert CEMAC, Transfert CEMAC — étape 2, transfert_cemac, Application, Application Moov Money",fr,https://moovmoney.ga/services/transfert-international/,Transfert CEMAC — étape 2,2026-07-21,0.95,Official public source
KB0133,procedure_step,transfert_cemac,Transfert CEMAC,,Transfert CEMAC — étape 3,Comment effectuer Transfert CEMAC ?,Comment faire Transfert CEMAC ? | Quelles sont les étapes pour Transfert CEMAC ? | aide transfert cemac,Étape 3 : Choisir Transfert CEMAC.,Choisir Transfert CEMAC. | Channel: Application | Entry point: Application Moov Money | Step: 3,Step 3: Choisir Transfert CEMAC.,,,,,Application,Application Moov Money,"Never request or disclose a PIN, password, OTP, or biometric data. The user must verify transaction details and confirm only through the secure Moov Money flow.",,"Transfert CEMAC, Transfert CEMAC — étape 3, transfert_cemac, Application, Application Moov Money",fr,https://moovmoney.ga/services/transfert-international/,Transfert CEMAC — étape 3,2026-07-21,0.95,Official public source
KB0134,procedure_step,transfert_cemac,Transfert CEMAC,,Transfert CEMAC — étape 4,Comment effectuer Transfert CEMAC ?,Comment faire Transfert CEMAC ? | Quelles sont les étapes pour Transfert CEMAC ? | aide transfert cemac,Étape 4 : Sélectionner le pays.,Sélectionner le pays. | Channel: Application | Entry point: Application Moov Money | Step: 4,Step 4: Sélectionner le pays.,,,,,Application,Application Moov Money,"Never request or disclose a PIN, password, OTP, or biometric data. The user must verify transaction details and confirm only through the secure Moov Money flow.",,"Transfert CEMAC, Transfert CEMAC — étape 4, transfert_cemac, Application, Application Moov Money",fr,https://moovmoney.ga/services/transfert-international/,Transfert CEMAC — étape 4,2026-07-21,0.95,Official public source
KB0135,procedure_step,transfert_cemac,Transfert CEMAC,,Transfert CEMAC — étape 5,Comment effectuer Transfert CEMAC ?,Comment faire Transfert CEMAC ? | Quelles sont les étapes pour Transfert CEMAC ? | aide transfert cemac,Étape 5 : Sélectionner l’opérateur.,Sélectionner l’opérateur. | Channel: Application | Entry point: Application Moov Money | Step: 5,Step 5: Sélectionner l’opérateur.,,,,,Application,Application Moov Money,"Never request or disclose a PIN, password, OTP, or biometric data. The user must verify transaction details and confirm only through the secure Moov Money flow.",,"Transfert CEMAC, Transfert CEMAC — étape 5, transfert_cemac, Application, Application Moov Money",fr,https://moovmoney.ga/services/transfert-international/,Transfert CEMAC — étape 5,2026-07-21,0.95,Official public source
KB0136,procedure_step,transfert_cemac,Transfert CEMAC,,Transfert CEMAC — étape 6,Comment effectuer Transfert CEMAC ?,Comment faire Transfert CEMAC ? | Quelles sont les étapes pour Transfert CEMAC ? | aide transfert cemac,Étape 6 : Saisir le numéro et le montant.,Saisir le numéro et le montant. | Channel: Application | Entry point: Application Moov Money | Step: 6,Step 6: Saisir le numéro et le montant.,,,,,Application,Application Moov Money,"Never request or disclose a PIN, password, OTP, or biometric data. The user must verify transaction details and confirm only through the secure Moov Money flow.",,"Transfert CEMAC, Transfert CEMAC — étape 6, transfert_cemac, Application, Application Moov Money",fr,https://moovmoney.ga/services/transfert-international/,Transfert CEMAC — étape 6,2026-07-21,0.95,Official public source
KB0137,procedure_step,transfert_cemac,Transfert CEMAC,,Transfert CEMAC — étape 7,Comment effectuer Transfert CEMAC ?,Comment faire Transfert CEMAC ? | Quelles sont les étapes pour Transfert CEMAC ? | aide transfert cemac,Étape 7 : Confirmer le récapitulatif.,Confirmer le récapitulatif. | Channel: Application | Entry point: Application Moov Money | Step: 7,Step 7: Confirmer le récapitulatif.,,,,,Application,Application Moov Money,"Never request or disclose a PIN, password, OTP, or biometric data. The user must verify transaction details and confirm only through the secure Moov Money flow.",,"Transfert CEMAC, Transfert CEMAC — étape 7, transfert_cemac, Application, Application Moov Money",fr,https://moovmoney.ga/services/transfert-international/,Transfert CEMAC — étape 7,2026-07-21,0.95,Official public source
KB0138,procedure_step,transfert_cemac,Transfert CEMAC,,Transfert CEMAC — étape 8,Comment effectuer Transfert CEMAC ?,Comment faire Transfert CEMAC ? | Quelles sont les étapes pour Transfert CEMAC ? | aide transfert cemac,Étape 8 : Saisir le code PIN.,Saisir le code PIN. | Channel: Application | Entry point: Application Moov Money | Step: 8,Step 8: Saisir le code PIN.,,,,,Application,Application Moov Money,"Never request or disclose a PIN, password, OTP, or biometric data. The user must verify transaction details and confirm only through the secure Moov Money flow.",,"Transfert CEMAC, Transfert CEMAC — étape 8, transfert_cemac, Application, Application Moov Money",fr,https://moovmoney.ga/services/transfert-international/,Transfert CEMAC — étape 8,2026-07-21,0.95,Official public source
KB0139,procedure_step,activation_compte,Activation compte,,Activation compte — étape 1,Comment effectuer Activation compte ?,Comment faire Activation compte ? | Quelles sont les étapes pour Activation compte ? | aide activation compte,"Étape 1 : Après activation ou remise du mot de passe temporaire, composer le code.","Après activation ou remise du mot de passe temporaire, composer le code. | Channel: USSD | Entry point: *555# | Step: 1","Step 1: Après activation ou remise du mot de passe temporaire, composer le code.",,,,,USSD,*555#,"Never request or disclose a PIN, password, OTP, or biometric data. The user must verify transaction details and confirm only through the secure Moov Money flow.",,"Activation compte, Activation compte — étape 1, activation_compte, USSD, *555#",fr,https://moovmoney.ga/devenir-client/,Activation compte — étape 1,2026-07-21,0.95,Official public source
KB0140,procedure_step,activation_compte,Activation compte,,Activation compte — étape 2,Comment effectuer Activation compte ?,Comment faire Activation compte ? | Quelles sont les étapes pour Activation compte ? | aide activation compte,Étape 2 : Accéder à la fonction de changement de mot de passe.,Accéder à la fonction de changement de mot de passe. | Channel: USSD | Entry point: *555# | Step: 2,Step 2: Accéder à la fonction de changement de mot de passe.,,,,,USSD,*555#,"Never request or disclose a PIN, password, OTP, or biometric data. The user must verify transaction details and confirm only through the secure Moov Money flow.",,"Activation compte, Activation compte — étape 2, activation_compte, USSD, *555#",fr,https://moovmoney.ga/devenir-client/,Activation compte — étape 2,2026-07-21,0.95,Official public source
KB0141,procedure_step,activation_compte,Activation compte,,Activation compte — étape 3,Comment effectuer Activation compte ?,Comment faire Activation compte ? | Quelles sont les étapes pour Activation compte ? | aide activation compte,Étape 3 : Définir un nouveau code confidentiel.,Définir un nouveau code confidentiel. | Channel: USSD | Entry point: *555# | Step: 3,Step 3: Définir un nouveau code confidentiel.,,,,,USSD,*555#,,,"Activation compte, Activation compte — étape 3, activation_compte, USSD, *555#",fr,https://moovmoney.ga/devenir-client/,Activation compte — étape 3,2026-07-21,0.95,Official public source
KB0142,procedure_step,activation_compte,Activation compte,,Activation compte — étape 4,Comment effectuer Activation compte ?,Comment faire Activation compte ? | Quelles sont les étapes pour Activation compte ? | aide activation compte,Étape 4 : Conserver le code PIN secret.,Conserver le code PIN secret. | Channel: USSD | Entry point: *555# | Step: 4,Step 4: Conserver le code PIN secret.,,,,,USSD,*555#,"Never request or disclose a PIN, password, OTP, or biometric data. The user must verify transaction details and confirm only through the secure Moov Money flow.",,"Activation compte, Activation compte — étape 4, activation_compte, USSD, *555#",fr,https://moovmoney.ga/devenir-client/,Activation compte — étape 4,2026-07-21,0.95,Official public source
KB0143,procedure_step,devenir_revendeur,Approvisionnement revendeur BGFIBank,,Approvisionnement revendeur BGFIBank — étape 1,Comment effectuer Approvisionnement revendeur BGFIBank ?,Comment faire Approvisionnement revendeur BGFIBank ? | Quelles sont les étapes pour Approvisionnement revendeur BGFIBank ? | aide approvisionnement revendeur bgfibank,Étape 1 : Se rendre dans une agence BGFIBank.,Se rendre dans une agence BGFIBank. | Channel: Agence BGFIBank | Entry point: Bordereau de versement | Step: 1,Step 1: Se rendre dans une agence BGFIBank.,,,,,Agence BGFIBank,Bordereau de versement,,,"Approvisionnement revendeur BGFIBank, Approvisionnement revendeur BGFIBank — étape 1, devenir_revendeur, Agence BGFIBank, Bordereau de versement",fr,https://moovmoney.ga/services/approvisionnement-via-les-agences-bgfi/,Approvisionnement revendeur BGFIBank — étape 1,2026-07-21,0.95,Official public source
KB0144,procedure_step,devenir_revendeur,Approvisionnement revendeur BGFIBank,,Approvisionnement revendeur BGFIBank — étape 2,Comment effectuer Approvisionnement revendeur BGFIBank ?,Comment faire Approvisionnement revendeur BGFIBank ? | Quelles sont les étapes pour Approvisionnement revendeur BGFIBank ? | aide approvisionnement revendeur bgfibank,Étape 2 : Renseigner le code agent public indiqué par Moov Money.,Renseigner le code agent public indiqué par Moov Money. | Channel: Agence BGFIBank | Entry point: Bordereau de versement | Step: 2,Step 2: Renseigner le code agent public indiqué par Moov Money.,,,,,Agence BGFIBank,Bordereau de versement,,,"Approvisionnement revendeur BGFIBank, Approvisionnement revendeur BGFIBank — étape 2, devenir_revendeur, Agence BGFIBank, Bordereau de versement",fr,https://moovmoney.ga/services/approvisionnement-via-les-agences-bgfi/,Approvisionnement revendeur BGFIBank — étape 2,2026-07-21,0.95,Official public source
KB0145,procedure_step,devenir_revendeur,Approvisionnement revendeur BGFIBank,,Approvisionnement revendeur BGFIBank — étape 3,Comment effectuer Approvisionnement revendeur BGFIBank ?,Comment faire Approvisionnement revendeur BGFIBank ? | Quelles sont les étapes pour Approvisionnement revendeur BGFIBank ? | aide approvisionnement revendeur bgfibank,Étape 3 : Renseigner le compte bénéficiaire public indiqué sur le site.,Renseigner le compte bénéficiaire public indiqué sur le site. | Channel: Agence BGFIBank | Entry point: Bordereau de versement | Step: 3,Step 3: Renseigner le compte bénéficiaire public indiqué sur le site.,,,,,Agence BGFIBank,Bordereau de versement,,,"Approvisionnement revendeur BGFIBank, Approvisionnement revendeur BGFIBank — étape 3, devenir_revendeur, Agence BGFIBank, Bordereau de versement",fr,https://moovmoney.ga/services/approvisionnement-via-les-agences-bgfi/,Approvisionnement revendeur BGFIBank — étape 3,2026-07-21,0.95,Official public source
KB0146,procedure_step,devenir_revendeur,Approvisionnement revendeur BGFIBank,,Approvisionnement revendeur BGFIBank — étape 4,Comment effectuer Approvisionnement revendeur BGFIBank ?,Comment faire Approvisionnement revendeur BGFIBank ? | Quelles sont les étapes pour Approvisionnement revendeur BGFIBank ? | aide approvisionnement revendeur bgfibank,Étape 4 : Mettre son numéro Moov Money dans le motif.,Mettre son numéro Moov Money dans le motif. | Channel: Agence BGFIBank | Entry point: Bordereau de versement | Step: 4,Step 4: Mettre son numéro Moov Money dans le motif.,,,,,Agence BGFIBank,Bordereau de versement,,,"Approvisionnement revendeur BGFIBank, Approvisionnement revendeur BGFIBank — étape 4, devenir_revendeur, Agence BGFIBank, Bordereau de versement",fr,https://moovmoney.ga/services/approvisionnement-via-les-agences-bgfi/,Approvisionnement revendeur BGFIBank — étape 4,2026-07-21,0.95,Official public source
KB0147,procedure_step,devenir_revendeur,Approvisionnement revendeur BGFIBank,,Approvisionnement revendeur BGFIBank — étape 5,Comment effectuer Approvisionnement revendeur BGFIBank ?,Comment faire Approvisionnement revendeur BGFIBank ? | Quelles sont les étapes pour Approvisionnement revendeur BGFIBank ? | aide approvisionnement revendeur bgfibank,Étape 5 : L’agence vérifie le profil revendeur et exécute l’approvisionnement.,L’agence vérifie le profil revendeur et exécute l’approvisionnement. | Channel: Agence BGFIBank | Entry point: Bordereau de versement | Step: 5,Step 5: L’agence vérifie le profil revendeur et exécute l’approvisionnement.,,,,,Agence BGFIBank,Bordereau de versement,,,"Approvisionnement revendeur BGFIBank, Approvisionnement revendeur BGFIBank — étape 5, devenir_revendeur, Agence BGFIBank, Bordereau de versement",fr,https://moovmoney.ga/services/approvisionnement-via-les-agences-bgfi/,Approvisionnement revendeur BGFIBank — étape 5,2026-07-21,0.95,Official public source
KB0148,faq,paiement_online,Moov Money Online,,Qu’est-ce que Moov Money Online ?,Qu’est-ce que Moov Money Online ?,Qu’est-ce que Moov Money Online ? | qu’est-ce que moov money online  ?,Un service permettant de payer sur un site marchand partenaire avec son compte Moov Money.,Un service permettant de payer sur un site marchand partenaire avec son compte Moov Money.,,,,,,,,,"Escalate when the information is contradictory, the account must be verified, or the issue involves fraud, a blocked account, or an unrecognized transaction.","Moov Money Online, Qu’est-ce que Moov Money Online ?, paiement_online",fr,https://moovmoney.ga/moov-money-online-client/,Qu’est-ce que Moov Money Online ?,2026-07-21,0.65,À valider
KB0149,faq,paiement_online,Moov Money Online,,Comment ouvrir un compte Moov Money ?,Comment ouvrir un compte Moov Money ?,Comment ouvrir un compte Moov Money ? | comment ouvrir un compte moov money  ?,"Le site renvoie vers une agence ou un revendeur agréé, ainsi que vers le parcours de création en ligne.","Le site renvoie vers une agence ou un revendeur agréé, ainsi que vers le parcours de création en ligne.",,,,,,,,,"Escalate when the information is contradictory, the account must be verified, or the issue involves fraud, a blocked account, or an unrecognized transaction.","Moov Money Online, Comment ouvrir un compte Moov Money ?, paiement_online",fr,https://moovmoney.ga/moov-money-online-client/,Comment ouvrir un compte Moov Money ?,2026-07-21,0.65,À valider
KB0150,faq,paiement_online,Moov Money Online,,Le compte doit-il être actif ?,Le compte doit-il être actif ?,Le compte doit-il être actif ? | Le compte doit-il etre actif ? | le compte doit-il être actif  ?,"Oui, le compte utilisé pour le paiement doit être actif.","Oui, le compte utilisé pour le paiement doit être actif.",,,,,,,,"Never request or disclose a PIN, password, OTP, or biometric data. The user must verify transaction details and confirm only through the secure Moov Money flow.","Escalate when the information is contradictory, the account must be verified, or the issue involves fraud, a blocked account, or an unrecognized transaction.","Moov Money Online, Le compte doit-il être actif ?, paiement_online",fr,https://moovmoney.ga/moov-money-online-client/,Le compte doit-il être actif ?,2026-07-21,0.65,À valider
KB0151,faq,paiement_online,Moov Money Online,,Comment valider un achat en ligne ?,Comment valider un achat en ligne ?,Comment valider un achat en ligne ? | comment valider un achat en ligne  ?,"Choisir Moov Money, renseigner son numéro, recevoir la demande de confirmation et saisir son code PIN.","Choisir Moov Money, renseigner son numéro, recevoir la demande de confirmation et saisir son code PIN.",,,,,,,,"Never request or disclose a PIN, password, OTP, or biometric data. The user must verify transaction details and confirm only through the secure Moov Money flow.","Escalate when the information is contradictory, the account must be verified, or the issue involves fraud, a blocked account, or an unrecognized transaction.","Moov Money Online, Comment valider un achat en ligne ?, paiement_online",fr,https://moovmoney.ga/moov-money-online-client/,Comment valider un achat en ligne ?,2026-07-21,0.65,À valider
KB0152,faq,paiement_online,Moov Money Online,,Peut-on payer sur un site international ?,Peut-on payer sur un site international ?,Peut-on payer sur un site international ? | peut-on payer sur un site international  ?,Oui lorsque le site ou le marchand est un partenaire agréé du service.,Oui lorsque le site ou le marchand est un partenaire agréé du service.,,,,,,,,,"Escalate when the information is contradictory, the account must be verified, or the issue involves fraud, a blocked account, or an unrecognized transaction.","Moov Money Online, Peut-on payer sur un site international ?, paiement_online",fr,https://moovmoney.ga/moov-money-online-client/,Peut-on payer sur un site international ?,2026-07-21,0.65,À valider
KB0153,faq,paiement_online,Moov Money Online,,Pourquoi un paiement est-il refusé ?,Pourquoi un paiement est-il refusé ?,Pourquoi un paiement est-il refusé ? | Pourquoi un paiement est-il refuse ? | pourquoi un paiement est-il refusé  ?,Le site mentionne notamment un solde insuffisant et recommande de contacter le centre d’appel.,Le site mentionne notamment un solde insuffisant et recommande de contacter le centre d’appel.,,,,,,,,"Never request or disclose a PIN, password, OTP, or biometric data. The user must verify transaction details and confirm only through the secure Moov Money flow.","Escalate when the information is contradictory, the account must be verified, or the issue involves fraud, a blocked account, or an unrecognized transaction.","Moov Money Online, Pourquoi un paiement est-il refusé ?, paiement_online",fr,https://moovmoney.ga/moov-money-online-client/,Pourquoi un paiement est-il refusé ?,2026-07-21,0.65,À valider
KB0154,faq,paiement_online,Moov Money Online,,Qui gère la livraison ?,Qui gère la livraison ?,Qui gère la livraison ? | Qui gere la livraison ? | qui gère la livraison  ?,La livraison dépend du marchand et de ses propres conditions.,La livraison dépend du marchand et de ses propres conditions.,,,,,,,,,"Escalate when the information is contradictory, the account must be verified, or the issue involves fraud, a blocked account, or an unrecognized transaction.","Moov Money Online, Qui gère la livraison ?, paiement_online",fr,https://moovmoney.ga/moov-money-online-client/,Qui gère la livraison ?,2026-07-21,0.65,À valider
KB0155,faq,paiement_payxpress,PayXpress,,Qu’est-ce que PayXpress ?,Qu’est-ce que PayXpress ?,Qu’est-ce que PayXpress ? | qu’est-ce que payxpress  ?,Un service de paiement électronique où le marchand initie la demande et le client confirme.,Un service de paiement électronique où le marchand initie la demande et le client confirme.,,,,,,,,"Never request or disclose a PIN, password, OTP, or biometric data. The user must verify transaction details and confirm only through the secure Moov Money flow.","Escalate when the information is contradictory, the account must be verified, or the issue involves fraud, a blocked account, or an unrecognized transaction.","PayXpress, Qu’est-ce que PayXpress ?, paiement_payxpress",fr,https://moovmoney.ga/payxpress-client/,Qu’est-ce que PayXpress ?,2026-07-21,0.65,À valider
KB0156,faq,paiement_payxpress,PayXpress,,Doit-on composer *555# pour payer ?,Doit-on composer *555# pour payer ?,Doit-on composer *555# pour payer ? | doit-on composer *555# pour payer  ?,"Non, le parcours PayXpress est conçu sans saisie d’un code USSD par le client.","Non, le parcours PayXpress est conçu sans saisie d’un code USSD par le client.",,,,,,,,,"Escalate when the information is contradictory, the account must be verified, or the issue involves fraud, a blocked account, or an unrecognized transaction.","PayXpress, Doit-on composer *555# pour payer ?, paiement_payxpress",fr,https://moovmoney.ga/payxpress-client/,Doit-on composer *555# pour payer ?,2026-07-21,0.65,À valider
KB0157,faq,paiement_payxpress,PayXpress,,Comment sécuriser le paiement ?,Comment sécuriser le paiement ?,Comment sécuriser le paiement ? | Comment securiser le paiement ? | comment sécuriser le paiement  ?,Le client confirme la transaction sur son téléphone avec son code PIN Moov Money.,Le client confirme la transaction sur son téléphone avec son code PIN Moov Money.,,,,,,,,"Never request or disclose a PIN, password, OTP, or biometric data. The user must verify transaction details and confirm only through the secure Moov Money flow.","Escalate when the information is contradictory, the account must be verified, or the issue involves fraud, a blocked account, or an unrecognized transaction.","PayXpress, Comment sécuriser le paiement ?, paiement_payxpress",fr,https://moovmoney.ga/payxpress-client/,Comment sécuriser le paiement ?,2026-07-21,0.65,À valider
KB0158,faq,faq_compte,Compte,,Comment changer mon mot de passe temporaire ?,Comment changer mon mot de passe temporaire ?,Comment changer mon mot de passe temporaire ? | comment changer mon mot de passe temporaire  ?,Composez *555# et utilisez la fonction de changement de mot de passe.,Composez *555# et utilisez la fonction de changement de mot de passe.,,,,,,,,"Never request or disclose a PIN, password, OTP, or biometric data. The user must verify transaction details and confirm only through the secure Moov Money flow.","Escalate when the information is contradictory, the account must be verified, or the issue involves fraud, a blocked account, or an unrecognized transaction.","Compte, Comment changer mon mot de passe temporaire ?, faq_compte",fr,https://moovmoney.ga/devenir-client/,Comment changer mon mot de passe temporaire ?,2026-07-21,0.65,À valider
KB0159,faq,faq_compte,Compte,,Puis-je ouvrir mon compte en ligne ?,Puis-je ouvrir mon compte en ligne ?,Puis-je ouvrir mon compte en ligne ? | puis-je ouvrir mon compte en ligne  ?,"Oui, le site prévoit un parcours en ligne pour une SIM Moov identifiée au nom de l’utilisateur.","Oui, le site prévoit un parcours en ligne pour une SIM Moov identifiée au nom de l’utilisateur.",,,,,,,,,"Escalate when the information is contradictory, the account must be verified, or the issue involves fraud, a blocked account, or an unrecognized transaction.","Compte, Puis-je ouvrir mon compte en ligne ?, faq_compte",fr,https://moovmoney.ga/devenir-client/,Puis-je ouvrir mon compte en ligne ?,2026-07-21,0.65,À valider
KB0160,faq,faq_compte,Compte,,Quels documents sont nécessaires pour devenir client ?,Quels documents sont nécessaires pour devenir client ?,Quels documents sont nécessaires pour devenir client ? | Quels documents sont necessaires pour devenir client ? | quels documents sont nécessaires pour devenir client  ?,Une pièce d’identité et une SIM identifiée sont demandées selon le parcours.,Une pièce d’identité et une SIM identifiée sont demandées selon le parcours.,,,,,,,,,"Escalate when the information is contradictory, the account must be verified, or the issue involves fraud, a blocked account, or an unrecognized transaction.","Compte, Quels documents sont nécessaires pour devenir client ?, faq_compte",fr,https://moovmoney.ga/devenir-client/,Quels documents sont nécessaires pour devenir client ?,2026-07-21,0.65,À valider
KB0161,faq,faq_transfert,Transfert,,Comment envoyer de l’argent au Gabon ?,Comment envoyer de l’argent au Gabon ?,Comment envoyer de l’argent au Gabon ? | comment envoyer de l’argent au gabon  ?,"Utilisez le menu Transfert via *555# ou l’application, puis renseignez le bénéficiaire, le montant et le PIN.","Utilisez le menu Transfert via *555# ou l’application, puis renseignez le bénéficiaire, le montant et le PIN.",,,,,,,,"Never request or disclose a PIN, password, OTP, or biometric data. The user must verify transaction details and confirm only through the secure Moov Money flow.","Escalate when the information is contradictory, the account must be verified, or the issue involves fraud, a blocked account, or an unrecognized transaction.","Transfert, Comment envoyer de l’argent au Gabon ?, faq_transfert",fr,https://moovmoney.ga/services/transfert-national/,Comment envoyer de l’argent au Gabon ?,2026-07-21,0.65,À valider
KB0162,faq,faq_transfert,Transfert,,Quel est le montant maximal d’un transfert ?,Quel est le montant maximal d’un transfert ?,Quel est le montant maximal d’un transfert ? | quel est le montant maximal d’un transfert  ?,La grille publique indique 1 000 000 FCFA par opération.,La grille publique indique 1 000 000 FCFA par opération.,,,,,,,,"Never request or disclose a PIN, password, OTP, or biometric data. The user must verify transaction details and confirm only through the secure Moov Money flow.","Escalate when the information is contradictory, the account must be verified, or the issue involves fraud, a blocked account, or an unrecognized transaction.","Transfert, Quel est le montant maximal d’un transfert ?, faq_transfert",fr,https://moovmoney.ga/services/transfert-national/,Quel est le montant maximal d’un transfert ?,2026-07-21,0.65,À valider
KB0163,faq,depot_argent,Dépôt,,Le dépôt d’argent est-il payant ?,Le dépôt d’argent est-il payant ?,Le dépôt d’argent est-il payant ? | Le depot d’argent est-il payant ? | le dépôt d’argent est-il payant  ?,"Non, la grille tarifaire publique l’annonce gratuit.","Non, la grille tarifaire publique l’annonce gratuit.",,,,,,,,,"Escalate when the information is contradictory, the account must be verified, or the issue involves fraud, a blocked account, or an unrecognized transaction.","Dépôt, Le dépôt d’argent est-il payant ?, depot_argent",fr,https://moovmoney.ga/services/depot/,Le dépôt d’argent est-il payant ?,2026-07-21,0.65,À valider
KB0164,faq,retrait_argent,Retrait,,Combien coûte un retrait ?,Combien coûte un retrait ?,Combien coûte un retrait ? | Combien coute un retrait ? | combien coûte un retrait  ?,"3% jusqu’à 160 000 FCFA, puis 5 000 FCFA par tranche publiée jusqu’à 500 000 FCFA.","3% jusqu’à 160 000 FCFA, puis 5 000 FCFA par tranche publiée jusqu’à 500 000 FCFA.",,,,,,,,"Never request or disclose a PIN, password, OTP, or biometric data. The user must verify transaction details and confirm only through the secure Moov Money flow.","Escalate when the information is contradictory, the account must be verified, or the issue involves fraud, a blocked account, or an unrecognized transaction.","Retrait, Combien coûte un retrait ?, retrait_argent",fr,https://moovmoney.ga/grille-tarifaire-client/,Combien coûte un retrait ?,2026-07-21,0.65,À valider
KB0165,faq,retrait_argent,Retrait,,Quel est le retrait maximal par opération ?,Quel est le retrait maximal par opération ?,Quel est le retrait maximal par opération ? | Quel est le retrait maximal par operation ? | quel est le retrait maximal par opération  ?,500 000 FCFA selon la grille publique.,500 000 FCFA selon la grille publique.,,,,,,,,"Never request or disclose a PIN, password, OTP, or biometric data. The user must verify transaction details and confirm only through the secure Moov Money flow.","Escalate when the information is contradictory, the account must be verified, or the issue involves fraud, a blocked account, or an unrecognized transaction.","Retrait, Quel est le retrait maximal par opération ?, retrait_argent",fr,https://moovmoney.ga/grille-tarifaire-client/,Quel est le retrait maximal par opération ?,2026-07-21,0.65,À valider
KB0166,faq,faq_credit,Crédit,,Puis-je recharger un autre numéro ?,Puis-je recharger un autre numéro ?,Puis-je recharger un autre numéro ? | Puis-je recharger un autre numero ? | puis-je recharger un autre numéro  ?,"Oui, le parcours permet de choisir son propre numéro ou celui d’un tiers.","Oui, le parcours permet de choisir son propre numéro ou celui d’un tiers.",,,,,,,,,"Escalate when the information is contradictory, the account must be verified, or the issue involves fraud, a blocked account, or an unrecognized transaction.","Crédit, Puis-je recharger un autre numéro ?, faq_credit",fr,https://moovmoney.ga/services/recharges/,Puis-je recharger un autre numéro ?,2026-07-21,0.65,À valider
KB0167,faq,faq_forfaits,Forfaits,,Quel code permet d’acheter un forfait ?,Quel code permet d’acheter un forfait ?,Quel code permet d’acheter un forfait ? | quel code permet d’acheter un forfait  ?,"Le site indique *555*4#, l’application MyMoov et l’e-catalogue.","Le site indique *555*4#, l’application MyMoov et l’e-catalogue.",,,,,,,,,"Escalate when the information is contradictory, the account must be verified, or the issue involves fraud, a blocked account, or an unrecognized transaction.","Forfaits, Quel code permet d’acheter un forfait ?, faq_forfaits",fr,https://moovmoney.ga/services/achat-de-forfait/,Quel code permet d’acheter un forfait ?,2026-07-21,0.65,À valider
KB0168,faq,faq_forfaits,Forfaits,,Quel est le pass data le moins cher ?,Quel est le pass data le moins cher ?,Quel est le pass data le moins cher ? | quel est le pass data le moins cher  ?,"200 MB à 100 FCFA, valable une heure.","200 MB à 100 FCFA, valable une heure.",,,,,,,,,"Escalate when the information is contradictory, the account must be verified, or the issue involves fraud, a blocked account, or an unrecognized transaction.","Forfaits, Quel est le pass data le moins cher ?, faq_forfaits",fr,https://moovmoney.ga/services/achat-de-forfait/,Quel est le pass data le moins cher ?,2026-07-21,0.65,À valider
KB0169,faq,faq_forfaits,Forfaits,,Quel est le plus grand pass data publié ?,Quel est le plus grand pass data publié ?,Quel est le plus grand pass data publié ? | Quel est le plus grand pass data publie ? | quel est le plus grand pass data publié  ?,"30 GB à 10 000 FCFA, valable 30 jours.","30 GB à 10 000 FCFA, valable 30 jours.",,,,,,,,,"Escalate when the information is contradictory, the account must be verified, or the issue involves fraud, a blocked account, or an unrecognized transaction.","Forfaits, Quel est le plus grand pass data publié ?, faq_forfaits",fr,https://moovmoney.ga/services/achat-de-forfait/,Quel est le plus grand pass data publié ?,2026-07-21,0.65,À valider
KB0170,faq,acheter_forfait_voix,Forfaits,,Quel est le pass voix à 500 FCFA ?,Quel est le pass voix à 500 FCFA ?,Quel est le pass voix à 500 FCFA ? | Quel est le pass voix a 500 FCFA ? | quel est le pass voix à 500 fcfa  ?,"90 minutes, valables un jour.","90 minutes, valables un jour.",,,,,,,,,"Escalate when the information is contradictory, the account must be verified, or the issue involves fraud, a blocked account, or an unrecognized transaction.","Forfaits, Quel est le pass voix à 500 FCFA ?, acheter_forfait_voix",fr,https://moovmoney.ga/services/achat-de-forfait/,Quel est le pass voix à 500 FCFA ?,2026-07-21,0.65,À valider
KB0171,faq,payer_seeg_edan,SEEG,,Puis-je payer la SEEG avec Moov Money ?,Puis-je payer la SEEG avec Moov Money ?,Puis-je payer la SEEG avec Moov Money ? | puis-je payer la seeg avec moov money  ?,"Oui, via *555*6# ou l’application.","Oui, via *555*6# ou l’application.",,,,,,,,,"Escalate when the information is contradictory, the account must be verified, or the issue involves fraud, a blocked account, or an unrecognized transaction.","SEEG, Puis-je payer la SEEG avec Moov Money ?, payer_seeg_edan",fr,https://moovmoney.ga/services/paiement-seeg-et-edan/,Puis-je payer la SEEG avec Moov Money ?,2026-07-21,0.65,À valider
KB0172,faq,payer_seeg_edan,SEEG,,Combien coûte le paiement d’une facture SEEG ?,Combien coûte le paiement d’une facture SEEG ?,Combien coûte le paiement d’une facture SEEG ? | Combien coute le paiement d’une facture SEEG ? | combien coûte le paiement d’une facture seeg  ?,La grille publique affiche 500 FCFA.,La grille publique affiche 500 FCFA.,,,,,,,,"Never request or disclose a PIN, password, OTP, or biometric data. The user must verify transaction details and confirm only through the secure Moov Money flow.","Escalate when the information is contradictory, the account must be verified, or the issue involves fraud, a blocked account, or an unrecognized transaction.","SEEG, Combien coûte le paiement d’une facture SEEG ?, payer_seeg_edan",fr,https://moovmoney.ga/services/paiement-seeg-et-edan/,Combien coûte le paiement d’une facture SEEG ?,2026-07-21,0.65,À valider
KB0173,faq,payer_gabon_telecom,Gabon Telecom,,Quelles factures Gabon Telecom sont prises en charge ?,Quelles factures Gabon Telecom sont prises en charge ?,Quelles factures Gabon Telecom sont prises en charge ? | quelles factures gabon telecom sont prises en charge  ?,"Le site cite ADSL, DUO et Fibre.","Le site cite ADSL, DUO et Fibre.",,,,,,,,,"Escalate when the information is contradictory, the account must be verified, or the issue involves fraud, a blocked account, or an unrecognized transaction.","Gabon Telecom, Quelles factures Gabon Telecom sont prises en charge ?, payer_gabon_telecom",fr,https://moovmoney.ga/services/facture-gabon-telecom/,Quelles factures Gabon Telecom sont prises en charge ?,2026-07-21,0.65,À valider
KB0174,faq,payer_canal,TV,,Le réabonnement Canal+ est-il payant ?,Le réabonnement Canal+ est-il payant ?,Le réabonnement Canal+ est-il payant ? | Le reabonnement Canal+ est-il payant ? | le réabonnement canal+ est-il payant  ?,La grille publique indique que le service est gratuit.,La grille publique indique que le service est gratuit.,,,,,,,,,"Escalate when the information is contradictory, the account must be verified, or the issue involves fraud, a blocked account, or an unrecognized transaction.","TV, Le réabonnement Canal+ est-il payant ?, payer_canal",fr,https://moovmoney.ga/services/canal-et-satcon/,Le réabonnement Canal+ est-il payant ?,2026-07-21,0.65,À valider
KB0175,faq,payer_canal,TV,,Puis-je payer SATCON ?,Puis-je payer SATCON ?,Puis-je payer SATCON ? | puis-je payer satcon  ?,"Oui, via le menu Paiement ou l’application.","Oui, via le menu Paiement ou l’application.",,,,,,,,"Never request or disclose a PIN, password, OTP, or biometric data. The user must verify transaction details and confirm only through the secure Moov Money flow.","Escalate when the information is contradictory, the account must be verified, or the issue involves fraud, a blocked account, or an unrecognized transaction.","TV, Puis-je payer SATCON ?, payer_canal",fr,https://moovmoney.ga/services/canal-et-satcon/,Puis-je payer SATCON ?,2026-07-21,0.65,À valider
KB0176,faq,payer_campus_france,Campus France,,Quel montant dois-je payer pour Campus France ?,Quel montant dois-je payer pour Campus France ?,Quel montant dois-je payer pour Campus France ? | quel montant dois-je payer pour campus france  ?,La page du service annonce 80 000 FCFA de frais de dossier.,La page du service annonce 80 000 FCFA de frais de dossier.,,,,,,,,,"Escalate when the information is contradictory, the account must be verified, or the issue involves fraud, a blocked account, or an unrecognized transaction.","Campus France, Quel montant dois-je payer pour Campus France ?, payer_campus_france",fr,https://moovmoney.ga/services/campus-france/,Quel montant dois-je payer pour Campus France ?,2026-07-21,0.65,À valider
KB0177,faq,payer_campus_france,Campus France,,Quels sont les frais de service Campus France ?,Quels sont les frais de service Campus France ?,Quels sont les frais de service Campus France ? | quels sont les frais de service campus france  ?,Le site est incohérent: 450 FCFA sur la page du service et 350 FCFA dans la grille tarifaire. Une confirmation Moov Money est nécessaire.,Le site est incohérent: 450 FCFA sur la page du service et 350 FCFA dans la grille tarifaire. Une confirmation Moov Money est nécessaire.,,,,,,,,,"Escalate when the information is contradictory, the account must be verified, or the issue involves fraud, a blocked account, or an unrecognized transaction.","Campus France, Quels sont les frais de service Campus France ?, payer_campus_france",fr,https://moovmoney.ga/services/campus-france/,Quels sont les frais de service Campus France ?,2026-07-21,0.65,À valider
KB0178,faq,payer_campus_france,Campus France,,Quand le paiement est-il validé ?,Quand le paiement est-il validé ?,Quand le paiement est-il validé ? | Quand le paiement est-il valide ? | quand le paiement est-il validé  ?,La page annonce une validation par Campus France dans un délai pouvant aller jusqu’à 72 heures.,La page annonce une validation par Campus France dans un délai pouvant aller jusqu’à 72 heures.,,,,,,,,"Never request or disclose a PIN, password, OTP, or biometric data. The user must verify transaction details and confirm only through the secure Moov Money flow.","Escalate when the information is contradictory, the account must be verified, or the issue involves fraud, a blocked account, or an unrecognized transaction.","Campus France, Quand le paiement est-il validé ?, payer_campus_france",fr,https://moovmoney.ga/services/campus-france/,Quand le paiement est-il validé ?,2026-07-21,0.65,À valider
KB0179,faq,faq_gimacpay,GIMACPAY,,Dans quels pays puis-je transférer via GIMACPAY ?,Dans quels pays puis-je transférer via GIMACPAY ?,Dans quels pays puis-je transférer via GIMACPAY ? | Dans quels pays puis-je transferer via GIMACPAY ? | dans quels pays puis-je transférer via gimacpay  ?,"Gabon, Cameroun, Congo, Tchad, République centrafricaine et Guinée équatoriale.","Gabon, Cameroun, Congo, Tchad, République centrafricaine et Guinée équatoriale.",,,,,,,,,"Escalate when the information is contradictory, the account must be verified, or the issue involves fraud, a blocked account, or an unrecognized transaction.","GIMACPAY, Dans quels pays puis-je transférer via GIMACPAY ?, faq_gimacpay",fr,https://moovmoney.ga/services/transfert-international/,Dans quels pays puis-je transférer via GIMACPAY ?,2026-07-21,0.65,À valider
KB0180,faq,faq_gimacpay,GIMACPAY,,Comment faire un transfert CEMAC ?,Comment faire un transfert CEMAC ?,Comment faire un transfert CEMAC ? | comment faire un transfert cemac  ?,"Choisissez GIMACPAY, Transfert, Transfert CEMAC, puis le pays, l’opérateur, le numéro et le montant.","Choisissez GIMACPAY, Transfert, Transfert CEMAC, puis le pays, l’opérateur, le numéro et le montant.",,,,,,,,"Never request or disclose a PIN, password, OTP, or biometric data. The user must verify transaction details and confirm only through the secure Moov Money flow.","Escalate when the information is contradictory, the account must be verified, or the issue involves fraud, a blocked account, or an unrecognized transaction.","GIMACPAY, Comment faire un transfert CEMAC ?, faq_gimacpay",fr,https://moovmoney.ga/services/transfert-international/,Comment faire un transfert CEMAC ?,2026-07-21,0.65,À valider
KB0181,faq,faq_remittence,Rémittence,,Puis-je recevoir de l’argent depuis l’étranger ?,Puis-je recevoir de l’argent depuis l’étranger ?,Puis-je recevoir de l’argent depuis l’étranger ? | Puis-je recevoir de l’argent depuis l’etranger ? | puis-je recevoir de l’argent depuis l’étranger  ?,"Oui, depuis les partenaires de rémittence listés par GIMACPAY.","Oui, depuis les partenaires de rémittence listés par GIMACPAY.",,,,,,,,,"Escalate when the information is contradictory, the account must be verified, or the issue involves fraud, a blocked account, or an unrecognized transaction.","Rémittence, Puis-je recevoir de l’argent depuis l’étranger ?, faq_remittence",fr,https://moovmoney.ga/services/remittence-entrante/,Puis-je recevoir de l’argent depuis l’étranger ?,2026-07-21,0.65,À valider
KB0182,faq,faq_remittence,Rémittence,,La réception de rémittence est-elle payante ?,La réception de rémittence est-elle payante ?,La réception de rémittence est-elle payante ? | La reception de remittence est-elle payante ? | la réception de rémittence est-elle payante  ?,Le site l’annonce gratuite pour le receveur.,Le site l’annonce gratuite pour le receveur.,,,,,,,,,"Escalate when the information is contradictory, the account must be verified, or the issue involves fraud, a blocked account, or an unrecognized transaction.","Rémittence, La réception de rémittence est-elle payante ?, faq_remittence",fr,https://moovmoney.ga/services/remittence-entrante/,La réception de rémittence est-elle payante ?,2026-07-21,0.65,À valider
KB0183,faq,banking_uba,Banking,,Puis-je relier mon compte UBA à Moov Money ?,Puis-je relier mon compte UBA à Moov Money ?,Puis-je relier mon compte UBA à Moov Money ? | Puis-je relier mon compte UBA a Moov Money ? | puis-je relier mon compte uba à moov money  ?,"Oui, si le compte UBA et le wallet appartiennent au même particulier et utilisent le numéro enregistré.","Oui, si le compte UBA et le wallet appartiennent au même particulier et utilisent le numéro enregistré.",,,,,,,,,"Escalate when the information is contradictory, the account must be verified, or the issue involves fraud, a blocked account, or an unrecognized transaction.","Banking, Puis-je relier mon compte UBA à Moov Money ?, banking_uba",fr,https://moovmoney.ga/moov-money-uba/,Puis-je relier mon compte UBA à Moov Money ?,2026-07-21,0.65,À valider
KB0184,faq,banking_uba,Banking,,Comment activer Moov Money Banking avec UBA ?,Comment activer Moov Money Banking avec UBA ?,Comment activer Moov Money Banking avec UBA ? | comment activer moov money banking avec uba  ?,"En agence UBA avec formulaire et pièce d’identité, ou par auto-enrôlement via l’application UBA.","En agence UBA avec formulaire et pièce d’identité, ou par auto-enrôlement via l’application UBA.",,,,,,,,"Never request or disclose a PIN, password, OTP, or biometric data. The user must verify transaction details and confirm only through the secure Moov Money flow.","Escalate when the information is contradictory, the account must be verified, or the issue involves fraud, a blocked account, or an unrecognized transaction.","Banking, Comment activer Moov Money Banking avec UBA ?, banking_uba",fr,https://moovmoney.ga/moov-money-uba/,Comment activer Moov Money Banking avec UBA ?,2026-07-21,0.65,À valider
KB0185,faq,banking_uba,Banking,,Combien coûte un transfert de Moov Money vers UBA ?,Combien coûte un transfert de Moov Money vers UBA ?,Combien coûte un transfert de Moov Money vers UBA ? | Combien coute un transfert de Moov Money vers UBA ? | combien coûte un transfert de moov money vers uba  ?,"3% de 1 000 à 160 000 FCFA, puis 5 000 FCFA jusqu’à 500 000 FCFA.","3% de 1 000 à 160 000 FCFA, puis 5 000 FCFA jusqu’à 500 000 FCFA.",,,,,,,,"Never request or disclose a PIN, password, OTP, or biometric data. The user must verify transaction details and confirm only through the secure Moov Money flow.","Escalate when the information is contradictory, the account must be verified, or the issue involves fraud, a blocked account, or an unrecognized transaction.","Banking, Combien coûte un transfert de Moov Money vers UBA ?, banking_uba",fr,https://moovmoney.ga/moov-money-uba/,Combien coûte un transfert de Moov Money vers UBA ?,2026-07-21,0.65,À valider
KB0186,faq,banking_uba,Banking,,Combien coûte un transfert UBA vers Moov Money ?,Combien coûte un transfert UBA vers Moov Money ?,Combien coûte un transfert UBA vers Moov Money ? | Combien coute un transfert UBA vers Moov Money ? | combien coûte un transfert uba vers moov money  ?,La grille publique indique 500 FCFA.,La grille publique indique 500 FCFA.,,,,,,,,"Never request or disclose a PIN, password, OTP, or biometric data. The user must verify transaction details and confirm only through the secure Moov Money flow.","Escalate when the information is contradictory, the account must be verified, or the issue involves fraud, a blocked account, or an unrecognized transaction.","Banking, Combien coûte un transfert UBA vers Moov Money ?, banking_uba",fr,https://moovmoney.ga/moov-money-uba/,Combien coûte un transfert UBA vers Moov Money ?,2026-07-21,0.65,À valider
KB0187,faq,carte_visa,Visa,,Faut-il un compte bancaire classique pour la carte Visa Moov Money ?,Faut-il un compte bancaire classique pour la carte Visa Moov Money ?,Faut-il un compte bancaire classique pour la carte Visa Moov Money ? | faut-il un compte bancaire classique pour la carte visa moov money  ?,"Non, la carte est prépayée et liée au compte Moov Money.","Non, la carte est prépayée et liée au compte Moov Money.",,,,,,,,"Never request or disclose a PIN, password, OTP, or biometric data. The user must verify transaction details and confirm only through the secure Moov Money flow.","Escalate when the information is contradictory, the account must be verified, or the issue involves fraud, a blocked account, or an unrecognized transaction.","Visa, Faut-il un compte bancaire classique pour la carte Visa Moov Money ?, carte_visa",fr,https://moovmoney.ga/carte-visa-uba-moov-money/,Faut-il un compte bancaire classique pour la carte Visa Moov Money ?,2026-07-21,0.65,À valider
KB0188,faq,carte_visa,Visa,,Quel code donne accès à la carte Visa ?,Quel code donne accès à la carte Visa ?,Quel code donne accès à la carte Visa ? | Quel code donne acces a la carte Visa ? | quel code donne accès à la carte visa  ?,Le site indique *555*8*1#.,Le site indique *555*8*1#.,,,,,,,,"Never request or disclose a PIN, password, OTP, or biometric data. The user must verify transaction details and confirm only through the secure Moov Money flow.","Escalate when the information is contradictory, the account must be verified, or the issue involves fraud, a blocked account, or an unrecognized transaction.","Visa, Quel code donne accès à la carte Visa ?, carte_visa",fr,https://moovmoney.ga/carte-visa-uba-moov-money/,Quel code donne accès à la carte Visa ?,2026-07-21,0.65,À valider
KB0189,faq,retrait_argent,Visa,,Combien coûte un retrait sur un GAB UBA ?,Combien coûte un retrait sur un GAB UBA ?,Combien coûte un retrait sur un GAB UBA ? | Combien coute un retrait sur un GAB UBA ? | combien coûte un retrait sur un gab uba  ?,Le retrait sur GAB UBA est annoncé gratuit.,Le retrait sur GAB UBA est annoncé gratuit.,,,,,,,,"Never request or disclose a PIN, password, OTP, or biometric data. The user must verify transaction details and confirm only through the secure Moov Money flow.","Escalate when the information is contradictory, the account must be verified, or the issue involves fraud, a blocked account, or an unrecognized transaction.","Visa, Combien coûte un retrait sur un GAB UBA ?, retrait_argent",fr,https://moovmoney.ga/carte-visa-uba-moov-money/,Combien coûte un retrait sur un GAB UBA ?,2026-07-21,0.65,À valider
KB0190,faq,banking_uba,Visa,,Combien coûte un achat internet international ?,Combien coûte un achat internet international ?,Combien coûte un achat internet international ? | Combien coute un achat internet international ? | combien coûte un achat internet international  ?,"4,5% du montant selon la grille de la carte.","4,5% du montant selon la grille de la carte.",,,,,,,,"Never request or disclose a PIN, password, OTP, or biometric data. The user must verify transaction details and confirm only through the secure Moov Money flow.","Escalate when the information is contradictory, the account must be verified, or the issue involves fraud, a blocked account, or an unrecognized transaction.","Visa, Combien coûte un achat internet international ?, banking_uba",fr,https://moovmoney.ga/carte-visa-uba-moov-money/,Combien coûte un achat internet international ?,2026-07-21,0.65,À valider
KB0191,faq,faq_bgfi,BGFI,,Puis-je retirer sans carte chez BGFIBank ?,Puis-je retirer sans carte chez BGFIBank ?,Puis-je retirer sans carte chez BGFIBank ? | puis-je retirer sans carte chez bgfibank  ?,"Oui, via le service Moov Money Banking dans le réseau de GAB BGFI.","Oui, via le service Moov Money Banking dans le réseau de GAB BGFI.",,,,,,,,"Never request or disclose a PIN, password, OTP, or biometric data. The user must verify transaction details and confirm only through the secure Moov Money flow.","Escalate when the information is contradictory, the account must be verified, or the issue involves fraud, a blocked account, or an unrecognized transaction.","BGFI, Puis-je retirer sans carte chez BGFIBank ?, faq_bgfi",fr,https://moovmoney.ga/moov-money-banking/,Puis-je retirer sans carte chez BGFIBank ?,2026-07-21,0.65,À valider
KB0192,faq,retrait_argent,BGFI,,Combien coûte le retrait BGFI ?,Combien coûte le retrait BGFI ?,Combien coûte le retrait BGFI ? | Combien coute le retrait BGFI ? | combien coûte le retrait bgfi  ?,3% de 5 000 à 165 000 FCFA puis 5 000 FCFA au-delà.,3% de 5 000 à 165 000 FCFA puis 5 000 FCFA au-delà.,,,,,,,,"Never request or disclose a PIN, password, OTP, or biometric data. The user must verify transaction details and confirm only through the secure Moov Money flow.","Escalate when the information is contradictory, the account must be verified, or the issue involves fraud, a blocked account, or an unrecognized transaction.","BGFI, Combien coûte le retrait BGFI ?, retrait_argent",fr,https://moovmoney.ga/moov-money-banking/,Combien coûte le retrait BGFI ?,2026-07-21,0.65,À valider
KB0193,faq,devenir_marchand,Marchand,,Comment devenir marchand standard ?,Comment devenir marchand standard ?,Comment devenir marchand standard ? | comment devenir marchand standard  ?,"Se rapprocher de la Division vente au CENACOM, constituer le dossier et obtenir une SIM liée à un code marchand.","Se rapprocher de la Division vente au CENACOM, constituer le dossier et obtenir une SIM liée à un code marchand.",,,,,,,,,"Escalate when the information is contradictory, the account must be verified, or the issue involves fraud, a blocked account, or an unrecognized transaction.","Marchand, Comment devenir marchand standard ?, devenir_marchand",fr,https://moovmoney.ga/devenir-marchand/,Comment devenir marchand standard ?,2026-07-21,0.65,À valider
KB0194,faq,devenir_marchand,Marchand,,Comment payer un marchand standard ?,Comment payer un marchand standard ?,Comment payer un marchand standard ? | comment payer un marchand standard  ?,"Choisir Paiement puis Marchand, saisir le code marchand, le montant et le PIN.","Choisir Paiement puis Marchand, saisir le code marchand, le montant et le PIN.",,,,,,,,"Never request or disclose a PIN, password, OTP, or biometric data. The user must verify transaction details and confirm only through the secure Moov Money flow.","Escalate when the information is contradictory, the account must be verified, or the issue involves fraud, a blocked account, or an unrecognized transaction.","Marchand, Comment payer un marchand standard ?, devenir_marchand",fr,https://moovmoney.ga/devenir-marchand/,Comment payer un marchand standard ?,2026-07-21,0.65,À valider
KB0195,faq,depot_argent,Revendeur,,Quels documents faut-il pour devenir revendeur ?,Quels documents faut-il pour devenir revendeur ?,Quels documents faut-il pour devenir revendeur ? | quels documents faut-il pour devenir revendeur  ?,"Une pièce d’identité, la fiche circuit de l’activité, un contrat signé et un dépôt initial.","Une pièce d’identité, la fiche circuit de l’activité, un contrat signé et un dépôt initial.",,,,,,,,,"Escalate when the information is contradictory, the account must be verified, or the issue involves fraud, a blocked account, or an unrecognized transaction.","Revendeur, Quels documents faut-il pour devenir revendeur ?, depot_argent",fr,https://moovmoney.ga/devenir-revendeur/,Quels documents faut-il pour devenir revendeur ?,2026-07-21,0.65,À valider
KB0196,faq,devenir_revendeur_plus,Revendeur,,Qu’est-ce qu’un Revendeur Plus ?,Qu’est-ce qu’un Revendeur Plus ?,Qu’est-ce qu’un Revendeur Plus ? | qu’est-ce qu’un revendeur plus  ?,"Un revendeur bénéficiant d’une facilité d’approvisionnement en UV garantie, annoncée jusqu’à 500 000 FCFA.","Un revendeur bénéficiant d’une facilité d’approvisionnement en UV garantie, annoncée jusqu’à 500 000 FCFA.",,,,,,,,,"Escalate when the information is contradictory, the account must be verified, or the issue involves fraud, a blocked account, or an unrecognized transaction.","Revendeur, Qu’est-ce qu’un Revendeur Plus ?, devenir_revendeur_plus",fr,https://moovmoney.ga/devenir-revendeur/,Qu’est-ce qu’un Revendeur Plus ?,2026-07-21,0.65,À valider
KB0197,faq,devenir_revendeur_plus,Revendeur,,Quel code utilise le Revendeur Plus ?,Quel code utilise le Revendeur Plus ?,Quel code utilise le Revendeur Plus ? | quel code utilise le revendeur plus  ?,Le site indique *650# pour demander un approvisionnement automatique.,Le site indique *650# pour demander un approvisionnement automatique.,,,,,,,,,"Escalate when the information is contradictory, the account must be verified, or the issue involves fraud, a blocked account, or an unrecognized transaction.","Revendeur, Quel code utilise le Revendeur Plus ?, devenir_revendeur_plus",fr,https://moovmoney.ga/devenir-revendeur/,Quel code utilise le Revendeur Plus ?,2026-07-21,0.65,À valider
KB0198,faq,devenir_revendeur,Revendeur,,Comment approvisionner un compte revendeur chez BGFIBank ?,Comment approvisionner un compte revendeur chez BGFIBank ?,Comment approvisionner un compte revendeur chez BGFIBank ? | comment approvisionner un compte revendeur chez bgfibank  ?,"Présentez-vous en agence, renseignez le bordereau et votre numéro Moov Money dans le motif; l’agence vérifie puis crédite le compte.","Présentez-vous en agence, renseignez le bordereau et votre numéro Moov Money dans le motif; l’agence vérifie puis crédite le compte.",,,,,,,,,"Escalate when the information is contradictory, the account must be verified, or the issue involves fraud, a blocked account, or an unrecognized transaction.","Revendeur, Comment approvisionner un compte revendeur chez BGFIBank ?, devenir_revendeur",fr,https://moovmoney.ga/devenir-revendeur/,Comment approvisionner un compte revendeur chez BGFIBank ?,2026-07-21,0.65,À valider
KB0199,faq,faq_support,Support,,Quel est le numéro de contact Moov Money SA ?,Quel est le numéro de contact Moov Money SA ?,Quel est le numéro de contact Moov Money SA ? | Quel est le numero de contact Moov Money SA ? | quel est le numéro de contact moov money sa  ?,+241 11 79 22 00 est affiché dans le pied de page du site.,+241 11 79 22 00 est affiché dans le pied de page du site.,,,,,,,,,"Escalate when the information is contradictory, the account must be verified, or the issue involves fraud, a blocked account, or an unrecognized transaction.","Support, Quel est le numéro de contact Moov Money SA ?, faq_support",fr,https://moovmoney.ga/contact/,Quel est le numéro de contact Moov Money SA ?,2026-07-21,0.65,À valider
KB0200,faq,faq_support,Support,,Quel est l’e-mail général Moov Money ?,Quel est l’e-mail général Moov Money ?,Quel est l’e-mail général Moov Money ? | Quel est l’e-mail general Moov Money ? | quel est l’e-mail général moov money  ?,contact@moovmoney.ga est affiché dans le pied de page; une autre adresse apparaît sur la page Contact.,contact@moovmoney.ga est affiché dans le pied de page; une autre adresse apparaît sur la page Contact.,,,,,,,,,"Escalate when the information is contradictory, the account must be verified, or the issue involves fraud, a blocked account, or an unrecognized transaction.","Support, Quel est l’e-mail général Moov Money ?, faq_support",fr,https://moovmoney.ga/contact/,Quel est l’e-mail général Moov Money ?,2026-07-21,0.65,À valider
KB0201,tariff,depot_argent,Moov Money,,Dépôt / achat de crédit,Quels sont les frais de Dépôt / achat de crédit pour un montant compris entre 100 et 1000 FCFA ?,Quels sont les frais de Dépôt / achat de crédit pour un montant de 100 à 1000 FCFA ? | Combien coûte Dépôt / achat de crédit ? | frais depot / achat de credit,"Pour Dépôt / achat de crédit entre 100 et 1000 FCFA, les frais indiqués sont de 0 FCFA (Gratuit).",Frais: 0 FCFA (Gratuit). | Fee type: Gratuit | Fee value: 0 | Unit: FCFA | Minimum amount: 100 | Maximum amount: 1000,,Gratuit: 0 FCFA,100–1000 FCFA,,,,,,,"Moov Money, Dépôt / achat de crédit, depot_argent",fr,https://moovmoney.ga/grille-tarifaire-client/,Dépôt / achat de crédit,2026-07-21,0.95,Official public source
KB0202,tariff,retrait_argent,Moov Money,,Retrait d’espèces,Quels sont les frais de Retrait d’espèces pour un montant compris entre 100 et 1000 FCFA ?,Quels sont les frais de Retrait d’espèces pour un montant de 100 à 1000 FCFA ? | Combien coûte Retrait d’espèces ? | frais retrait d’especes,"Pour Retrait d’espèces entre 100 et 1000 FCFA, les frais indiqués sont de 3 % (Pourcentage).",Frais: 3 % (Pourcentage). | Fee type: Pourcentage | Fee value: 3 | Unit: % | Minimum amount: 100 | Maximum amount: 1000,,Pourcentage: 3 %,100–1000 FCFA,,,,,"Never request or disclose a PIN, password, OTP, or biometric data. The user must verify transaction details and confirm only through the secure Moov Money flow.",,"Moov Money, Retrait d’espèces, retrait_argent",fr,https://moovmoney.ga/grille-tarifaire-client/,Retrait d’espèces,2026-07-21,0.95,Official public source
KB0203,tariff,devenir_marchand,Moov Money,,Paiement marchand,Quels sont les frais de Paiement marchand pour un montant compris entre 100 et 1000 FCFA ?,Quels sont les frais de Paiement marchand pour un montant de 100 à 1000 FCFA ? | Combien coûte Paiement marchand ? | frais paiement marchand,"Pour Paiement marchand entre 100 et 1000 FCFA, les frais indiqués sont de 10 FCFA (Forfait).",Frais: 10 FCFA (Forfait). | Fee type: Forfait | Fee value: 10 | Unit: FCFA | Minimum amount: 100 | Maximum amount: 1000,,Forfait: 10 FCFA,100–1000 FCFA,,,,,"Never request or disclose a PIN, password, OTP, or biometric data. The user must verify transaction details and confirm only through the secure Moov Money flow.",,"Moov Money, Paiement marchand, devenir_marchand",fr,https://moovmoney.ga/grille-tarifaire-client/,Paiement marchand,2026-07-21,0.95,Official public source
KB0204,tariff,moov_money,Moov Money,,Transfert vers Moov Money,Quels sont les frais de Transfert vers Moov Money pour un montant compris entre 100 et 1000 FCFA ?,Quels sont les frais de Transfert vers Moov Money pour un montant de 100 à 1000 FCFA ? | Combien coûte Transfert vers Moov Money ? | frais transfert vers moov money,"Pour Transfert vers Moov Money entre 100 et 1000 FCFA, les frais indiqués sont de 10 FCFA (Forfait).",Frais: 10 FCFA (Forfait). | Fee type: Forfait | Fee value: 10 | Unit: FCFA | Minimum amount: 100 | Maximum amount: 1000,,Forfait: 10 FCFA,100–1000 FCFA,,,,,"Never request or disclose a PIN, password, OTP, or biometric data. The user must verify transaction details and confirm only through the secure Moov Money flow.",,"Moov Money, Transfert vers Moov Money, moov_money",fr,https://moovmoney.ga/grille-tarifaire-client/,Transfert vers Moov Money,2026-07-21,0.95,Official public source
KB0205,tariff,depot_argent,Moov Money,,Dépôt / achat de crédit,Quels sont les frais de Dépôt / achat de crédit pour un montant compris entre 1001 et 5000 FCFA ?,Quels sont les frais de Dépôt / achat de crédit pour un montant de 1001 à 5000 FCFA ? | Combien coûte Dépôt / achat de crédit ? | frais depot / achat de credit,"Pour Dépôt / achat de crédit entre 1001 et 5000 FCFA, les frais indiqués sont de 0 FCFA (Gratuit).",Frais: 0 FCFA (Gratuit). | Fee type: Gratuit | Fee value: 0 | Unit: FCFA | Minimum amount: 1001 | Maximum amount: 5000,,Gratuit: 0 FCFA,1001–5000 FCFA,,,,,,,"Moov Money, Dépôt / achat de crédit, depot_argent",fr,https://moovmoney.ga/grille-tarifaire-client/,Dépôt / achat de crédit,2026-07-21,0.95,Official public source
KB0206,tariff,retrait_argent,Moov Money,,Retrait d’espèces,Quels sont les frais de Retrait d’espèces pour un montant compris entre 1001 et 5000 FCFA ?,Quels sont les frais de Retrait d’espèces pour un montant de 1001 à 5000 FCFA ? | Combien coûte Retrait d’espèces ? | frais retrait d’especes,"Pour Retrait d’espèces entre 1001 et 5000 FCFA, les frais indiqués sont de 3 % (Pourcentage).",Frais: 3 % (Pourcentage). | Fee type: Pourcentage | Fee value: 3 | Unit: % | Minimum amount: 1001 | Maximum amount: 5000,,Pourcentage: 3 %,1001–5000 FCFA,,,,,"Never request or disclose a PIN, password, OTP, or biometric data. The user must verify transaction details and confirm only through the secure Moov Money flow.",,"Moov Money, Retrait d’espèces, retrait_argent",fr,https://moovmoney.ga/grille-tarifaire-client/,Retrait d’espèces,2026-07-21,0.95,Official public source
KB0207,tariff,devenir_marchand,Moov Money,,Paiement marchand,Quels sont les frais de Paiement marchand pour un montant compris entre 1001 et 5000 FCFA ?,Quels sont les frais de Paiement marchand pour un montant de 1001 à 5000 FCFA ? | Combien coûte Paiement marchand ? | frais paiement marchand,"Pour Paiement marchand entre 1001 et 5000 FCFA, les frais indiqués sont de 50 FCFA (Forfait).",Frais: 50 FCFA (Forfait). | Fee type: Forfait | Fee value: 50 | Unit: FCFA | Minimum amount: 1001 | Maximum amount: 5000,,Forfait: 50 FCFA,1001–5000 FCFA,,,,,"Never request or disclose a PIN, password, OTP, or biometric data. The user must verify transaction details and confirm only through the secure Moov Money flow.",,"Moov Money, Paiement marchand, devenir_marchand",fr,https://moovmoney.ga/grille-tarifaire-client/,Paiement marchand,2026-07-21,0.95,Official public source
KB0208,tariff,moov_money,Moov Money,,Transfert vers Moov Money,Quels sont les frais de Transfert vers Moov Money pour un montant compris entre 1001 et 5000 FCFA ?,Quels sont les frais de Transfert vers Moov Money pour un montant de 1001 à 5000 FCFA ? | Combien coûte Transfert vers Moov Money ? | frais transfert vers moov money,"Pour Transfert vers Moov Money entre 1001 et 5000 FCFA, les frais indiqués sont de 50 FCFA (Forfait).",Frais: 50 FCFA (Forfait). | Fee type: Forfait | Fee value: 50 | Unit: FCFA | Minimum amount: 1001 | Maximum amount: 5000,,Forfait: 50 FCFA,1001–5000 FCFA,,,,,"Never request or disclose a PIN, password, OTP, or biometric data. The user must verify transaction details and confirm only through the secure Moov Money flow.",,"Moov Money, Transfert vers Moov Money, moov_money",fr,https://moovmoney.ga/grille-tarifaire-client/,Transfert vers Moov Money,2026-07-21,0.95,Official public source
KB0209,tariff,depot_argent,Moov Money,,Dépôt / achat de crédit,Quels sont les frais de Dépôt / achat de crédit pour un montant compris entre 5001 et 10000 FCFA ?,Quels sont les frais de Dépôt / achat de crédit pour un montant de 5001 à 10000 FCFA ? | Combien coûte Dépôt / achat de crédit ? | frais depot / achat de credit,"Pour Dépôt / achat de crédit entre 5001 et 10000 FCFA, les frais indiqués sont de 0 FCFA (Gratuit).",Frais: 0 FCFA (Gratuit). | Fee type: Gratuit | Fee value: 0 | Unit: FCFA | Minimum amount: 5001 | Maximum amount: 10000,,Gratuit: 0 FCFA,5001–10000 FCFA,,,,,,,"Moov Money, Dépôt / achat de crédit, depot_argent",fr,https://moovmoney.ga/grille-tarifaire-client/,Dépôt / achat de crédit,2026-07-21,0.95,Official public source
KB0210,tariff,retrait_argent,Moov Money,,Retrait d’espèces,Quels sont les frais de Retrait d’espèces pour un montant compris entre 5001 et 10000 FCFA ?,Quels sont les frais de Retrait d’espèces pour un montant de 5001 à 10000 FCFA ? | Combien coûte Retrait d’espèces ? | frais retrait d’especes,"Pour Retrait d’espèces entre 5001 et 10000 FCFA, les frais indiqués sont de 3 % (Pourcentage).",Frais: 3 % (Pourcentage). | Fee type: Pourcentage | Fee value: 3 | Unit: % | Minimum amount: 5001 | Maximum amount: 10000,,Pourcentage: 3 %,5001–10000 FCFA,,,,,"Never request or disclose a PIN, password, OTP, or biometric data. The user must verify transaction details and confirm only through the secure Moov Money flow.",,"Moov Money, Retrait d’espèces, retrait_argent",fr,https://moovmoney.ga/grille-tarifaire-client/,Retrait d’espèces,2026-07-21,0.95,Official public source
KB0211,tariff,devenir_marchand,Moov Money,,Paiement marchand,Quels sont les frais de Paiement marchand pour un montant compris entre 5001 et 10000 FCFA ?,Quels sont les frais de Paiement marchand pour un montant de 5001 à 10000 FCFA ? | Combien coûte Paiement marchand ? | frais paiement marchand,"Pour Paiement marchand entre 5001 et 10000 FCFA, les frais indiqués sont de 100 FCFA (Forfait).",Frais: 100 FCFA (Forfait). | Fee type: Forfait | Fee value: 100 | Unit: FCFA | Minimum amount: 5001 | Maximum amount: 10000,,Forfait: 100 FCFA,5001–10000 FCFA,,,,,"Never request or disclose a PIN, password, OTP, or biometric data. The user must verify transaction details and confirm only through the secure Moov Money flow.",,"Moov Money, Paiement marchand, devenir_marchand",fr,https://moovmoney.ga/grille-tarifaire-client/,Paiement marchand,2026-07-21,0.95,Official public source
KB0212,tariff,moov_money,Moov Money,,Transfert vers Moov Money,Quels sont les frais de Transfert vers Moov Money pour un montant compris entre 5001 et 10000 FCFA ?,Quels sont les frais de Transfert vers Moov Money pour un montant de 5001 à 10000 FCFA ? | Combien coûte Transfert vers Moov Money ? | frais transfert vers moov money,"Pour Transfert vers Moov Money entre 5001 et 10000 FCFA, les frais indiqués sont de 100 FCFA (Forfait).",Frais: 100 FCFA (Forfait). | Fee type: Forfait | Fee value: 100 | Unit: FCFA | Minimum amount: 5001 | Maximum amount: 10000,,Forfait: 100 FCFA,5001–10000 FCFA,,,,,"Never request or disclose a PIN, password, OTP, or biometric data. The user must verify transaction details and confirm only through the secure Moov Money flow.",,"Moov Money, Transfert vers Moov Money, moov_money",fr,https://moovmoney.ga/grille-tarifaire-client/,Transfert vers Moov Money,2026-07-21,0.95,Official public source
KB0213,tariff,depot_argent,Moov Money,,Dépôt / achat de crédit,Quels sont les frais de Dépôt / achat de crédit pour un montant compris entre 10001 et 20000 FCFA ?,Quels sont les frais de Dépôt / achat de crédit pour un montant de 10001 à 20000 FCFA ? | Combien coûte Dépôt / achat de crédit ? | frais depot / achat de credit,"Pour Dépôt / achat de crédit entre 10001 et 20000 FCFA, les frais indiqués sont de 0 FCFA (Gratuit).",Frais: 0 FCFA (Gratuit). | Fee type: Gratuit | Fee value: 0 | Unit: FCFA | Minimum amount: 10001 | Maximum amount: 20000,,Gratuit: 0 FCFA,10001–20000 FCFA,,,,,,,"Moov Money, Dépôt / achat de crédit, depot_argent",fr,https://moovmoney.ga/grille-tarifaire-client/,Dépôt / achat de crédit,2026-07-21,0.95,Official public source
KB0214,tariff,retrait_argent,Moov Money,,Retrait d’espèces,Quels sont les frais de Retrait d’espèces pour un montant compris entre 10001 et 20000 FCFA ?,Quels sont les frais de Retrait d’espèces pour un montant de 10001 à 20000 FCFA ? | Combien coûte Retrait d’espèces ? | frais retrait d’especes,"Pour Retrait d’espèces entre 10001 et 20000 FCFA, les frais indiqués sont de 3 % (Pourcentage).",Frais: 3 % (Pourcentage). | Fee type: Pourcentage | Fee value: 3 | Unit: % | Minimum amount: 10001 | Maximum amount: 20000,,Pourcentage: 3 %,10001–20000 FCFA,,,,,"Never request or disclose a PIN, password, OTP, or biometric data. The user must verify transaction details and confirm only through the secure Moov Money flow.",,"Moov Money, Retrait d’espèces, retrait_argent",fr,https://moovmoney.ga/grille-tarifaire-client/,Retrait d’espèces,2026-07-21,0.95,Official public source
KB0215,tariff,devenir_marchand,Moov Money,,Paiement marchand,Quels sont les frais de Paiement marchand pour un montant compris entre 10001 et 20000 FCFA ?,Quels sont les frais de Paiement marchand pour un montant de 10001 à 20000 FCFA ? | Combien coûte Paiement marchand ? | frais paiement marchand,"Pour Paiement marchand entre 10001 et 20000 FCFA, les frais indiqués sont de 150 FCFA (Forfait).",Frais: 150 FCFA (Forfait). | Fee type: Forfait | Fee value: 150 | Unit: FCFA | Minimum amount: 10001 | Maximum amount: 20000,,Forfait: 150 FCFA,10001–20000 FCFA,,,,,"Never request or disclose a PIN, password, OTP, or biometric data. The user must verify transaction details and confirm only through the secure Moov Money flow.",,"Moov Money, Paiement marchand, devenir_marchand",fr,https://moovmoney.ga/grille-tarifaire-client/,Paiement marchand,2026-07-21,0.95,Official public source
KB0216,tariff,moov_money,Moov Money,,Transfert vers Moov Money,Quels sont les frais de Transfert vers Moov Money pour un montant compris entre 10001 et 20000 FCFA ?,Quels sont les frais de Transfert vers Moov Money pour un montant de 10001 à 20000 FCFA ? | Combien coûte Transfert vers Moov Money ? | frais transfert vers moov money,"Pour Transfert vers Moov Money entre 10001 et 20000 FCFA, les frais indiqués sont de 150 FCFA (Forfait).",Frais: 150 FCFA (Forfait). | Fee type: Forfait | Fee value: 150 | Unit: FCFA | Minimum amount: 10001 | Maximum amount: 20000,,Forfait: 150 FCFA,10001–20000 FCFA,,,,,"Never request or disclose a PIN, password, OTP, or biometric data. The user must verify transaction details and confirm only through the secure Moov Money flow.",,"Moov Money, Transfert vers Moov Money, moov_money",fr,https://moovmoney.ga/grille-tarifaire-client/,Transfert vers Moov Money,2026-07-21,0.95,Official public source
KB0217,tariff,depot_argent,Moov Money,,Dépôt / achat de crédit,Quels sont les frais de Dépôt / achat de crédit pour un montant compris entre 20001 et 30000 FCFA ?,Quels sont les frais de Dépôt / achat de crédit pour un montant de 20001 à 30000 FCFA ? | Combien coûte Dépôt / achat de crédit ? | frais depot / achat de credit,"Pour Dépôt / achat de crédit entre 20001 et 30000 FCFA, les frais indiqués sont de 0 FCFA (Gratuit).",Frais: 0 FCFA (Gratuit). | Fee type: Gratuit | Fee value: 0 | Unit: FCFA | Minimum amount: 20001 | Maximum amount: 30000,,Gratuit: 0 FCFA,20001–30000 FCFA,,,,,,,"Moov Money, Dépôt / achat de crédit, depot_argent",fr,https://moovmoney.ga/grille-tarifaire-client/,Dépôt / achat de crédit,2026-07-21,0.95,Official public source
KB0218,tariff,retrait_argent,Moov Money,,Retrait d’espèces,Quels sont les frais de Retrait d’espèces pour un montant compris entre 20001 et 30000 FCFA ?,Quels sont les frais de Retrait d’espèces pour un montant de 20001 à 30000 FCFA ? | Combien coûte Retrait d’espèces ? | frais retrait d’especes,"Pour Retrait d’espèces entre 20001 et 30000 FCFA, les frais indiqués sont de 3 % (Pourcentage).",Frais: 3 % (Pourcentage). | Fee type: Pourcentage | Fee value: 3 | Unit: % | Minimum amount: 20001 | Maximum amount: 30000,,Pourcentage: 3 %,20001–30000 FCFA,,,,,"Never request or disclose a PIN, password, OTP, or biometric data. The user must verify transaction details and confirm only through the secure Moov Money flow.",,"Moov Money, Retrait d’espèces, retrait_argent",fr,https://moovmoney.ga/grille-tarifaire-client/,Retrait d’espèces,2026-07-21,0.95,Official public source
KB0219,tariff,devenir_marchand,Moov Money,,Paiement marchand,Quels sont les frais de Paiement marchand pour un montant compris entre 20001 et 30000 FCFA ?,Quels sont les frais de Paiement marchand pour un montant de 20001 à 30000 FCFA ? | Combien coûte Paiement marchand ? | frais paiement marchand,"Pour Paiement marchand entre 20001 et 30000 FCFA, les frais indiqués sont de 200 FCFA (Forfait).",Frais: 200 FCFA (Forfait). | Fee type: Forfait | Fee value: 200 | Unit: FCFA | Minimum amount: 20001 | Maximum amount: 30000,,Forfait: 200 FCFA,20001–30000 FCFA,,,,,"Never request or disclose a PIN, password, OTP, or biometric data. The user must verify transaction details and confirm only through the secure Moov Money flow.",,"Moov Money, Paiement marchand, devenir_marchand",fr,https://moovmoney.ga/grille-tarifaire-client/,Paiement marchand,2026-07-21,0.95,Official public source
KB0220,tariff,moov_money,Moov Money,,Transfert vers Moov Money,Quels sont les frais de Transfert vers Moov Money pour un montant compris entre 20001 et 30000 FCFA ?,Quels sont les frais de Transfert vers Moov Money pour un montant de 20001 à 30000 FCFA ? | Combien coûte Transfert vers Moov Money ? | frais transfert vers moov money,"Pour Transfert vers Moov Money entre 20001 et 30000 FCFA, les frais indiqués sont de 200 FCFA (Forfait).",Frais: 200 FCFA (Forfait). | Fee type: Forfait | Fee value: 200 | Unit: FCFA | Minimum amount: 20001 | Maximum amount: 30000,,Forfait: 200 FCFA,20001–30000 FCFA,,,,,"Never request or disclose a PIN, password, OTP, or biometric data. The user must verify transaction details and confirm only through the secure Moov Money flow.",,"Moov Money, Transfert vers Moov Money, moov_money",fr,https://moovmoney.ga/grille-tarifaire-client/,Transfert vers Moov Money,2026-07-21,0.95,Official public source
KB0221,tariff,depot_argent,Moov Money,,Dépôt / achat de crédit,Quels sont les frais de Dépôt / achat de crédit pour un montant compris entre 30001 et 40000 FCFA ?,Quels sont les frais de Dépôt / achat de crédit pour un montant de 30001 à 40000 FCFA ? | Combien coûte Dépôt / achat de crédit ? | frais depot / achat de credit,"Pour Dépôt / achat de crédit entre 30001 et 40000 FCFA, les frais indiqués sont de 0 FCFA (Gratuit).",Frais: 0 FCFA (Gratuit). | Fee type: Gratuit | Fee value: 0 | Unit: FCFA | Minimum amount: 30001 | Maximum amount: 40000,,Gratuit: 0 FCFA,30001–40000 FCFA,,,,,,,"Moov Money, Dépôt / achat de crédit, depot_argent",fr,https://moovmoney.ga/grille-tarifaire-client/,Dépôt / achat de crédit,2026-07-21,0.95,Official public source
KB0222,tariff,retrait_argent,Moov Money,,Retrait d’espèces,Quels sont les frais de Retrait d’espèces pour un montant compris entre 30001 et 40000 FCFA ?,Quels sont les frais de Retrait d’espèces pour un montant de 30001 à 40000 FCFA ? | Combien coûte Retrait d’espèces ? | frais retrait d’especes,"Pour Retrait d’espèces entre 30001 et 40000 FCFA, les frais indiqués sont de 3 % (Pourcentage).",Frais: 3 % (Pourcentage). | Fee type: Pourcentage | Fee value: 3 | Unit: % | Minimum amount: 30001 | Maximum amount: 40000,,Pourcentage: 3 %,30001–40000 FCFA,,,,,"Never request or disclose a PIN, password, OTP, or biometric data. The user must verify transaction details and confirm only through the secure Moov Money flow.",,"Moov Money, Retrait d’espèces, retrait_argent",fr,https://moovmoney.ga/grille-tarifaire-client/,Retrait d’espèces,2026-07-21,0.95,Official public source
KB0223,tariff,devenir_marchand,Moov Money,,Paiement marchand,Quels sont les frais de Paiement marchand pour un montant compris entre 30001 et 40000 FCFA ?,Quels sont les frais de Paiement marchand pour un montant de 30001 à 40000 FCFA ? | Combien coûte Paiement marchand ? | frais paiement marchand,"Pour Paiement marchand entre 30001 et 40000 FCFA, les frais indiqués sont de 250 FCFA (Forfait).",Frais: 250 FCFA (Forfait). | Fee type: Forfait | Fee value: 250 | Unit: FCFA | Minimum amount: 30001 | Maximum amount: 40000,,Forfait: 250 FCFA,30001–40000 FCFA,,,,,"Never request or disclose a PIN, password, OTP, or biometric data. The user must verify transaction details and confirm only through the secure Moov Money flow.",,"Moov Money, Paiement marchand, devenir_marchand",fr,https://moovmoney.ga/grille-tarifaire-client/,Paiement marchand,2026-07-21,0.95,Official public source
KB0224,tariff,moov_money,Moov Money,,Transfert vers Moov Money,Quels sont les frais de Transfert vers Moov Money pour un montant compris entre 30001 et 40000 FCFA ?,Quels sont les frais de Transfert vers Moov Money pour un montant de 30001 à 40000 FCFA ? | Combien coûte Transfert vers Moov Money ? | frais transfert vers moov money,"Pour Transfert vers Moov Money entre 30001 et 40000 FCFA, les frais indiqués sont de 250 FCFA (Forfait).",Frais: 250 FCFA (Forfait). | Fee type: Forfait | Fee value: 250 | Unit: FCFA | Minimum amount: 30001 | Maximum amount: 40000,,Forfait: 250 FCFA,30001–40000 FCFA,,,,,"Never request or disclose a PIN, password, OTP, or biometric data. The user must verify transaction details and confirm only through the secure Moov Money flow.",,"Moov Money, Transfert vers Moov Money, moov_money",fr,https://moovmoney.ga/grille-tarifaire-client/,Transfert vers Moov Money,2026-07-21,0.95,Official public source
KB0225,tariff,depot_argent,Moov Money,,Dépôt / achat de crédit,Quels sont les frais de Dépôt / achat de crédit pour un montant compris entre 40001 et 50000 FCFA ?,Quels sont les frais de Dépôt / achat de crédit pour un montant de 40001 à 50000 FCFA ? | Combien coûte Dépôt / achat de crédit ? | frais depot / achat de credit,"Pour Dépôt / achat de crédit entre 40001 et 50000 FCFA, les frais indiqués sont de 0 FCFA (Gratuit).",Frais: 0 FCFA (Gratuit). | Fee type: Gratuit | Fee value: 0 | Unit: FCFA | Minimum amount: 40001 | Maximum amount: 50000,,Gratuit: 0 FCFA,40001–50000 FCFA,,,,,,,"Moov Money, Dépôt / achat de crédit, depot_argent",fr,https://moovmoney.ga/grille-tarifaire-client/,Dépôt / achat de crédit,2026-07-21,0.95,Official public source
KB0226,tariff,retrait_argent,Moov Money,,Retrait d’espèces,Quels sont les frais de Retrait d’espèces pour un montant compris entre 40001 et 50000 FCFA ?,Quels sont les frais de Retrait d’espèces pour un montant de 40001 à 50000 FCFA ? | Combien coûte Retrait d’espèces ? | frais retrait d’especes,"Pour Retrait d’espèces entre 40001 et 50000 FCFA, les frais indiqués sont de 3 % (Pourcentage).",Frais: 3 % (Pourcentage). | Fee type: Pourcentage | Fee value: 3 | Unit: % | Minimum amount: 40001 | Maximum amount: 50000,,Pourcentage: 3 %,40001–50000 FCFA,,,,,"Never request or disclose a PIN, password, OTP, or biometric data. The user must verify transaction details and confirm only through the secure Moov Money flow.",,"Moov Money, Retrait d’espèces, retrait_argent",fr,https://moovmoney.ga/grille-tarifaire-client/,Retrait d’espèces,2026-07-21,0.95,Official public source
KB0227,tariff,devenir_marchand,Moov Money,,Paiement marchand,Quels sont les frais de Paiement marchand pour un montant compris entre 40001 et 50000 FCFA ?,Quels sont les frais de Paiement marchand pour un montant de 40001 à 50000 FCFA ? | Combien coûte Paiement marchand ? | frais paiement marchand,"Pour Paiement marchand entre 40001 et 50000 FCFA, les frais indiqués sont de 300 FCFA (Forfait).",Frais: 300 FCFA (Forfait). | Fee type: Forfait | Fee value: 300 | Unit: FCFA | Minimum amount: 40001 | Maximum amount: 50000,,Forfait: 300 FCFA,40001–50000 FCFA,,,,,"Never request or disclose a PIN, password, OTP, or biometric data. The user must verify transaction details and confirm only through the secure Moov Money flow.",,"Moov Money, Paiement marchand, devenir_marchand",fr,https://moovmoney.ga/grille-tarifaire-client/,Paiement marchand,2026-07-21,0.95,Official public source
KB0228,tariff,moov_money,Moov Money,,Transfert vers Moov Money,Quels sont les frais de Transfert vers Moov Money pour un montant compris entre 40001 et 50000 FCFA ?,Quels sont les frais de Transfert vers Moov Money pour un montant de 40001 à 50000 FCFA ? | Combien coûte Transfert vers Moov Money ? | frais transfert vers moov money,"Pour Transfert vers Moov Money entre 40001 et 50000 FCFA, les frais indiqués sont de 300 FCFA (Forfait).",Frais: 300 FCFA (Forfait). | Fee type: Forfait | Fee value: 300 | Unit: FCFA | Minimum amount: 40001 | Maximum amount: 50000,,Forfait: 300 FCFA,40001–50000 FCFA,,,,,"Never request or disclose a PIN, password, OTP, or biometric data. The user must verify transaction details and confirm only through the secure Moov Money flow.",,"Moov Money, Transfert vers Moov Money, moov_money",fr,https://moovmoney.ga/grille-tarifaire-client/,Transfert vers Moov Money,2026-07-21,0.95,Official public source
KB0229,tariff,depot_argent,Moov Money,,Dépôt / achat de crédit,Quels sont les frais de Dépôt / achat de crédit pour un montant compris entre 50001 et 60000 FCFA ?,Quels sont les frais de Dépôt / achat de crédit pour un montant de 50001 à 60000 FCFA ? | Combien coûte Dépôt / achat de crédit ? | frais depot / achat de credit,"Pour Dépôt / achat de crédit entre 50001 et 60000 FCFA, les frais indiqués sont de 0 FCFA (Gratuit).",Frais: 0 FCFA (Gratuit). | Fee type: Gratuit | Fee value: 0 | Unit: FCFA | Minimum amount: 50001 | Maximum amount: 60000,,Gratuit: 0 FCFA,50001–60000 FCFA,,,,,,,"Moov Money, Dépôt / achat de crédit, depot_argent",fr,https://moovmoney.ga/grille-tarifaire-client/,Dépôt / achat de crédit,2026-07-21,0.95,Official public source
KB0230,tariff,retrait_argent,Moov Money,,Retrait d’espèces,Quels sont les frais de Retrait d’espèces pour un montant compris entre 50001 et 60000 FCFA ?,Quels sont les frais de Retrait d’espèces pour un montant de 50001 à 60000 FCFA ? | Combien coûte Retrait d’espèces ? | frais retrait d’especes,"Pour Retrait d’espèces entre 50001 et 60000 FCFA, les frais indiqués sont de 3 % (Pourcentage).",Frais: 3 % (Pourcentage). | Fee type: Pourcentage | Fee value: 3 | Unit: % | Minimum amount: 50001 | Maximum amount: 60000,,Pourcentage: 3 %,50001–60000 FCFA,,,,,"Never request or disclose a PIN, password, OTP, or biometric data. The user must verify transaction details and confirm only through the secure Moov Money flow.",,"Moov Money, Retrait d’espèces, retrait_argent",fr,https://moovmoney.ga/grille-tarifaire-client/,Retrait d’espèces,2026-07-21,0.95,Official public source
KB0231,tariff,devenir_marchand,Moov Money,,Paiement marchand,Quels sont les frais de Paiement marchand pour un montant compris entre 50001 et 60000 FCFA ?,Quels sont les frais de Paiement marchand pour un montant de 50001 à 60000 FCFA ? | Combien coûte Paiement marchand ? | frais paiement marchand,"Pour Paiement marchand entre 50001 et 60000 FCFA, les frais indiqués sont de 350 FCFA (Forfait).",Frais: 350 FCFA (Forfait). | Fee type: Forfait | Fee value: 350 | Unit: FCFA | Minimum amount: 50001 | Maximum amount: 60000,,Forfait: 350 FCFA,50001–60000 FCFA,,,,,"Never request or disclose a PIN, password, OTP, or biometric data. The user must verify transaction details and confirm only through the secure Moov Money flow.",,"Moov Money, Paiement marchand, devenir_marchand",fr,https://moovmoney.ga/grille-tarifaire-client/,Paiement marchand,2026-07-21,0.95,Official public source
KB0232,tariff,moov_money,Moov Money,,Transfert vers Moov Money,Quels sont les frais de Transfert vers Moov Money pour un montant compris entre 50001 et 60000 FCFA ?,Quels sont les frais de Transfert vers Moov Money pour un montant de 50001 à 60000 FCFA ? | Combien coûte Transfert vers Moov Money ? | frais transfert vers moov money,"Pour Transfert vers Moov Money entre 50001 et 60000 FCFA, les frais indiqués sont de 350 FCFA (Forfait).",Frais: 350 FCFA (Forfait). | Fee type: Forfait | Fee value: 350 | Unit: FCFA | Minimum amount: 50001 | Maximum amount: 60000,,Forfait: 350 FCFA,50001–60000 FCFA,,,,,"Never request or disclose a PIN, password, OTP, or biometric data. The user must verify transaction details and confirm only through the secure Moov Money flow.",,"Moov Money, Transfert vers Moov Money, moov_money",fr,https://moovmoney.ga/grille-tarifaire-client/,Transfert vers Moov Money,2026-07-21,0.95,Official public source
KB0233,tariff,depot_argent,Moov Money,,Dépôt / achat de crédit,Quels sont les frais de Dépôt / achat de crédit pour un montant compris entre 60001 et 70000 FCFA ?,Quels sont les frais de Dépôt / achat de crédit pour un montant de 60001 à 70000 FCFA ? | Combien coûte Dépôt / achat de crédit ? | frais depot / achat de credit,"Pour Dépôt / achat de crédit entre 60001 et 70000 FCFA, les frais indiqués sont de 0 FCFA (Gratuit).",Frais: 0 FCFA (Gratuit). | Fee type: Gratuit | Fee value: 0 | Unit: FCFA | Minimum amount: 60001 | Maximum amount: 70000,,Gratuit: 0 FCFA,60001–70000 FCFA,,,,,,,"Moov Money, Dépôt / achat de crédit, depot_argent",fr,https://moovmoney.ga/grille-tarifaire-client/,Dépôt / achat de crédit,2026-07-21,0.95,Official public source
KB0234,tariff,retrait_argent,Moov Money,,Retrait d’espèces,Quels sont les frais de Retrait d’espèces pour un montant compris entre 60001 et 70000 FCFA ?,Quels sont les frais de Retrait d’espèces pour un montant de 60001 à 70000 FCFA ? | Combien coûte Retrait d’espèces ? | frais retrait d’especes,"Pour Retrait d’espèces entre 60001 et 70000 FCFA, les frais indiqués sont de 3 % (Pourcentage).",Frais: 3 % (Pourcentage). | Fee type: Pourcentage | Fee value: 3 | Unit: % | Minimum amount: 60001 | Maximum amount: 70000,,Pourcentage: 3 %,60001–70000 FCFA,,,,,"Never request or disclose a PIN, password, OTP, or biometric data. The user must verify transaction details and confirm only through the secure Moov Money flow.",,"Moov Money, Retrait d’espèces, retrait_argent",fr,https://moovmoney.ga/grille-tarifaire-client/,Retrait d’espèces,2026-07-21,0.95,Official public source
KB0235,tariff,devenir_marchand,Moov Money,,Paiement marchand,Quels sont les frais de Paiement marchand pour un montant compris entre 60001 et 70000 FCFA ?,Quels sont les frais de Paiement marchand pour un montant de 60001 à 70000 FCFA ? | Combien coûte Paiement marchand ? | frais paiement marchand,"Pour Paiement marchand entre 60001 et 70000 FCFA, les frais indiqués sont de 400 FCFA (Forfait).",Frais: 400 FCFA (Forfait). | Fee type: Forfait | Fee value: 400 | Unit: FCFA | Minimum amount: 60001 | Maximum amount: 70000,,Forfait: 400 FCFA,60001–70000 FCFA,,,,,"Never request or disclose a PIN, password, OTP, or biometric data. The user must verify transaction details and confirm only through the secure Moov Money flow.",,"Moov Money, Paiement marchand, devenir_marchand",fr,https://moovmoney.ga/grille-tarifaire-client/,Paiement marchand,2026-07-21,0.95,Official public source
KB0236,tariff,moov_money,Moov Money,,Transfert vers Moov Money,Quels sont les frais de Transfert vers Moov Money pour un montant compris entre 60001 et 70000 FCFA ?,Quels sont les frais de Transfert vers Moov Money pour un montant de 60001 à 70000 FCFA ? | Combien coûte Transfert vers Moov Money ? | frais transfert vers moov money,"Pour Transfert vers Moov Money entre 60001 et 70000 FCFA, les frais indiqués sont de 400 FCFA (Forfait).",Frais: 400 FCFA (Forfait). | Fee type: Forfait | Fee value: 400 | Unit: FCFA | Minimum amount: 60001 | Maximum amount: 70000,,Forfait: 400 FCFA,60001–70000 FCFA,,,,,"Never request or disclose a PIN, password, OTP, or biometric data. The user must verify transaction details and confirm only through the secure Moov Money flow.",,"Moov Money, Transfert vers Moov Money, moov_money",fr,https://moovmoney.ga/grille-tarifaire-client/,Transfert vers Moov Money,2026-07-21,0.95,Official public source
KB0237,tariff,depot_argent,Moov Money,,Dépôt / achat de crédit,Quels sont les frais de Dépôt / achat de crédit pour un montant compris entre 70001 et 80000 FCFA ?,Quels sont les frais de Dépôt / achat de crédit pour un montant de 70001 à 80000 FCFA ? | Combien coûte Dépôt / achat de crédit ? | frais depot / achat de credit,"Pour Dépôt / achat de crédit entre 70001 et 80000 FCFA, les frais indiqués sont de 0 FCFA (Gratuit).",Frais: 0 FCFA (Gratuit). | Fee type: Gratuit | Fee value: 0 | Unit: FCFA | Minimum amount: 70001 | Maximum amount: 80000,,Gratuit: 0 FCFA,70001–80000 FCFA,,,,,,,"Moov Money, Dépôt / achat de crédit, depot_argent",fr,https://moovmoney.ga/grille-tarifaire-client/,Dépôt / achat de crédit,2026-07-21,0.95,Official public source
KB0238,tariff,retrait_argent,Moov Money,,Retrait d’espèces,Quels sont les frais de Retrait d’espèces pour un montant compris entre 70001 et 80000 FCFA ?,Quels sont les frais de Retrait d’espèces pour un montant de 70001 à 80000 FCFA ? | Combien coûte Retrait d’espèces ? | frais retrait d’especes,"Pour Retrait d’espèces entre 70001 et 80000 FCFA, les frais indiqués sont de 3 % (Pourcentage).",Frais: 3 % (Pourcentage). | Fee type: Pourcentage | Fee value: 3 | Unit: % | Minimum amount: 70001 | Maximum amount: 80000,,Pourcentage: 3 %,70001–80000 FCFA,,,,,"Never request or disclose a PIN, password, OTP, or biometric data. The user must verify transaction details and confirm only through the secure Moov Money flow.",,"Moov Money, Retrait d’espèces, retrait_argent",fr,https://moovmoney.ga/grille-tarifaire-client/,Retrait d’espèces,2026-07-21,0.95,Official public source
KB0239,tariff,devenir_marchand,Moov Money,,Paiement marchand,Quels sont les frais de Paiement marchand pour un montant compris entre 70001 et 80000 FCFA ?,Quels sont les frais de Paiement marchand pour un montant de 70001 à 80000 FCFA ? | Combien coûte Paiement marchand ? | frais paiement marchand,"Pour Paiement marchand entre 70001 et 80000 FCFA, les frais indiqués sont de 450 FCFA (Forfait).",Frais: 450 FCFA (Forfait). | Fee type: Forfait | Fee value: 450 | Unit: FCFA | Minimum amount: 70001 | Maximum amount: 80000,,Forfait: 450 FCFA,70001–80000 FCFA,,,,,"Never request or disclose a PIN, password, OTP, or biometric data. The user must verify transaction details and confirm only through the secure Moov Money flow.",,"Moov Money, Paiement marchand, devenir_marchand",fr,https://moovmoney.ga/grille-tarifaire-client/,Paiement marchand,2026-07-21,0.95,Official public source
KB0240,tariff,moov_money,Moov Money,,Transfert vers Moov Money,Quels sont les frais de Transfert vers Moov Money pour un montant compris entre 70001 et 80000 FCFA ?,Quels sont les frais de Transfert vers Moov Money pour un montant de 70001 à 80000 FCFA ? | Combien coûte Transfert vers Moov Money ? | frais transfert vers moov money,"Pour Transfert vers Moov Money entre 70001 et 80000 FCFA, les frais indiqués sont de 450 FCFA (Forfait).",Frais: 450 FCFA (Forfait). | Fee type: Forfait | Fee value: 450 | Unit: FCFA | Minimum amount: 70001 | Maximum amount: 80000,,Forfait: 450 FCFA,70001–80000 FCFA,,,,,"Never request or disclose a PIN, password, OTP, or biometric data. The user must verify transaction details and confirm only through the secure Moov Money flow.",,"Moov Money, Transfert vers Moov Money, moov_money",fr,https://moovmoney.ga/grille-tarifaire-client/,Transfert vers Moov Money,2026-07-21,0.95,Official public source
KB0241,tariff,depot_argent,Moov Money,,Dépôt / achat de crédit,Quels sont les frais de Dépôt / achat de crédit pour un montant compris entre 80001 et 90000 FCFA ?,Quels sont les frais de Dépôt / achat de crédit pour un montant de 80001 à 90000 FCFA ? | Combien coûte Dépôt / achat de crédit ? | frais depot / achat de credit,"Pour Dépôt / achat de crédit entre 80001 et 90000 FCFA, les frais indiqués sont de 0 FCFA (Gratuit).",Frais: 0 FCFA (Gratuit). | Fee type: Gratuit | Fee value: 0 | Unit: FCFA | Minimum amount: 80001 | Maximum amount: 90000,,Gratuit: 0 FCFA,80001–90000 FCFA,,,,,,,"Moov Money, Dépôt / achat de crédit, depot_argent",fr,https://moovmoney.ga/grille-tarifaire-client/,Dépôt / achat de crédit,2026-07-21,0.95,Official public source
KB0242,tariff,retrait_argent,Moov Money,,Retrait d’espèces,Quels sont les frais de Retrait d’espèces pour un montant compris entre 80001 et 90000 FCFA ?,Quels sont les frais de Retrait d’espèces pour un montant de 80001 à 90000 FCFA ? | Combien coûte Retrait d’espèces ? | frais retrait d’especes,"Pour Retrait d’espèces entre 80001 et 90000 FCFA, les frais indiqués sont de 3 % (Pourcentage).",Frais: 3 % (Pourcentage). | Fee type: Pourcentage | Fee value: 3 | Unit: % | Minimum amount: 80001 | Maximum amount: 90000,,Pourcentage: 3 %,80001–90000 FCFA,,,,,"Never request or disclose a PIN, password, OTP, or biometric data. The user must verify transaction details and confirm only through the secure Moov Money flow.",,"Moov Money, Retrait d’espèces, retrait_argent",fr,https://moovmoney.ga/grille-tarifaire-client/,Retrait d’espèces,2026-07-21,0.95,Official public source
KB0243,tariff,devenir_marchand,Moov Money,,Paiement marchand,Quels sont les frais de Paiement marchand pour un montant compris entre 80001 et 90000 FCFA ?,Quels sont les frais de Paiement marchand pour un montant de 80001 à 90000 FCFA ? | Combien coûte Paiement marchand ? | frais paiement marchand,"Pour Paiement marchand entre 80001 et 90000 FCFA, les frais indiqués sont de 500 FCFA (Forfait).",Frais: 500 FCFA (Forfait). | Fee type: Forfait | Fee value: 500 | Unit: FCFA | Minimum amount: 80001 | Maximum amount: 90000,,Forfait: 500 FCFA,80001–90000 FCFA,,,,,"Never request or disclose a PIN, password, OTP, or biometric data. The user must verify transaction details and confirm only through the secure Moov Money flow.",,"Moov Money, Paiement marchand, devenir_marchand",fr,https://moovmoney.ga/grille-tarifaire-client/,Paiement marchand,2026-07-21,0.95,Official public source
KB0244,tariff,moov_money,Moov Money,,Transfert vers Moov Money,Quels sont les frais de Transfert vers Moov Money pour un montant compris entre 80001 et 90000 FCFA ?,Quels sont les frais de Transfert vers Moov Money pour un montant de 80001 à 90000 FCFA ? | Combien coûte Transfert vers Moov Money ? | frais transfert vers moov money,"Pour Transfert vers Moov Money entre 80001 et 90000 FCFA, les frais indiqués sont de 500 FCFA (Forfait).",Frais: 500 FCFA (Forfait). | Fee type: Forfait | Fee value: 500 | Unit: FCFA | Minimum amount: 80001 | Maximum amount: 90000,,Forfait: 500 FCFA,80001–90000 FCFA,,,,,"Never request or disclose a PIN, password, OTP, or biometric data. The user must verify transaction details and confirm only through the secure Moov Money flow.",,"Moov Money, Transfert vers Moov Money, moov_money",fr,https://moovmoney.ga/grille-tarifaire-client/,Transfert vers Moov Money,2026-07-21,0.95,Official public source
KB0245,tariff,depot_argent,Moov Money,,Dépôt / achat de crédit,Quels sont les frais de Dépôt / achat de crédit pour un montant compris entre 90001 et 100000 FCFA ?,Quels sont les frais de Dépôt / achat de crédit pour un montant de 90001 à 100000 FCFA ? | Combien coûte Dépôt / achat de crédit ? | frais depot / achat de credit,"Pour Dépôt / achat de crédit entre 90001 et 100000 FCFA, les frais indiqués sont de 0 FCFA (Gratuit).",Frais: 0 FCFA (Gratuit). | Fee type: Gratuit | Fee value: 0 | Unit: FCFA | Minimum amount: 90001 | Maximum amount: 100000,,Gratuit: 0 FCFA,90001–100000 FCFA,,,,,,,"Moov Money, Dépôt / achat de crédit, depot_argent",fr,https://moovmoney.ga/grille-tarifaire-client/,Dépôt / achat de crédit,2026-07-21,0.95,Official public source
KB0246,tariff,retrait_argent,Moov Money,,Retrait d’espèces,Quels sont les frais de Retrait d’espèces pour un montant compris entre 90001 et 100000 FCFA ?,Quels sont les frais de Retrait d’espèces pour un montant de 90001 à 100000 FCFA ? | Combien coûte Retrait d’espèces ? | frais retrait d’especes,"Pour Retrait d’espèces entre 90001 et 100000 FCFA, les frais indiqués sont de 3 % (Pourcentage).",Frais: 3 % (Pourcentage). | Fee type: Pourcentage | Fee value: 3 | Unit: % | Minimum amount: 90001 | Maximum amount: 100000,,Pourcentage: 3 %,90001–100000 FCFA,,,,,"Never request or disclose a PIN, password, OTP, or biometric data. The user must verify transaction details and confirm only through the secure Moov Money flow.",,"Moov Money, Retrait d’espèces, retrait_argent",fr,https://moovmoney.ga/grille-tarifaire-client/,Retrait d’espèces,2026-07-21,0.95,Official public source
KB0247,tariff,devenir_marchand,Moov Money,,Paiement marchand,Quels sont les frais de Paiement marchand pour un montant compris entre 90001 et 100000 FCFA ?,Quels sont les frais de Paiement marchand pour un montant de 90001 à 100000 FCFA ? | Combien coûte Paiement marchand ? | frais paiement marchand,"Pour Paiement marchand entre 90001 et 100000 FCFA, les frais indiqués sont de 550 FCFA (Forfait).",Frais: 550 FCFA (Forfait). | Fee type: Forfait | Fee value: 550 | Unit: FCFA | Minimum amount: 90001 | Maximum amount: 100000,,Forfait: 550 FCFA,90001–100000 FCFA,,,,,"Never request or disclose a PIN, password, OTP, or biometric data. The user must verify transaction details and confirm only through the secure Moov Money flow.",,"Moov Money, Paiement marchand, devenir_marchand",fr,https://moovmoney.ga/grille-tarifaire-client/,Paiement marchand,2026-07-21,0.95,Official public source
KB0248,tariff,moov_money,Moov Money,,Transfert vers Moov Money,Quels sont les frais de Transfert vers Moov Money pour un montant compris entre 90001 et 100000 FCFA ?,Quels sont les frais de Transfert vers Moov Money pour un montant de 90001 à 100000 FCFA ? | Combien coûte Transfert vers Moov Money ? | frais transfert vers moov money,"Pour Transfert vers Moov Money entre 90001 et 100000 FCFA, les frais indiqués sont de 550 FCFA (Forfait).",Frais: 550 FCFA (Forfait). | Fee type: Forfait | Fee value: 550 | Unit: FCFA | Minimum amount: 90001 | Maximum amount: 100000,,Forfait: 550 FCFA,90001–100000 FCFA,,,,,"Never request or disclose a PIN, password, OTP, or biometric data. The user must verify transaction details and confirm only through the secure Moov Money flow.",,"Moov Money, Transfert vers Moov Money, moov_money",fr,https://moovmoney.ga/grille-tarifaire-client/,Transfert vers Moov Money,2026-07-21,0.95,Official public source
KB0249,tariff,depot_argent,Moov Money,,Dépôt / achat de crédit,Quels sont les frais de Dépôt / achat de crédit pour un montant compris entre 100001 et 150000 FCFA ?,Quels sont les frais de Dépôt / achat de crédit pour un montant de 100001 à 150000 FCFA ? | Combien coûte Dépôt / achat de crédit ? | frais depot / achat de credit,"Pour Dépôt / achat de crédit entre 100001 et 150000 FCFA, les frais indiqués sont de 0 FCFA (Gratuit).",Frais: 0 FCFA (Gratuit). | Fee type: Gratuit | Fee value: 0 | Unit: FCFA | Minimum amount: 100001 | Maximum amount: 150000,,Gratuit: 0 FCFA,100001–150000 FCFA,,,,,,,"Moov Money, Dépôt / achat de crédit, depot_argent",fr,https://moovmoney.ga/grille-tarifaire-client/,Dépôt / achat de crédit,2026-07-21,0.95,Official public source
KB0250,tariff,retrait_argent,Moov Money,,Retrait d’espèces,Quels sont les frais de Retrait d’espèces pour un montant compris entre 100001 et 150000 FCFA ?,Quels sont les frais de Retrait d’espèces pour un montant de 100001 à 150000 FCFA ? | Combien coûte Retrait d’espèces ? | frais retrait d’especes,"Pour Retrait d’espèces entre 100001 et 150000 FCFA, les frais indiqués sont de 3 % (Pourcentage).",Frais: 3 % (Pourcentage). | Fee type: Pourcentage | Fee value: 3 | Unit: % | Minimum amount: 100001 | Maximum amount: 150000,,Pourcentage: 3 %,100001–150000 FCFA,,,,,"Never request or disclose a PIN, password, OTP, or biometric data. The user must verify transaction details and confirm only through the secure Moov Money flow.",,"Moov Money, Retrait d’espèces, retrait_argent",fr,https://moovmoney.ga/grille-tarifaire-client/,Retrait d’espèces,2026-07-21,0.95,Official public source
KB0251,tariff,devenir_marchand,Moov Money,,Paiement marchand,Quels sont les frais de Paiement marchand pour un montant compris entre 100001 et 150000 FCFA ?,Quels sont les frais de Paiement marchand pour un montant de 100001 à 150000 FCFA ? | Combien coûte Paiement marchand ? | frais paiement marchand,"Pour Paiement marchand entre 100001 et 150000 FCFA, les frais indiqués sont de 600 FCFA (Forfait).",Frais: 600 FCFA (Forfait). | Fee type: Forfait | Fee value: 600 | Unit: FCFA | Minimum amount: 100001 | Maximum amount: 150000,,Forfait: 600 FCFA,100001–150000 FCFA,,,,,"Never request or disclose a PIN, password, OTP, or biometric data. The user must verify transaction details and confirm only through the secure Moov Money flow.",,"Moov Money, Paiement marchand, devenir_marchand",fr,https://moovmoney.ga/grille-tarifaire-client/,Paiement marchand,2026-07-21,0.95,Official public source
KB0252,tariff,moov_money,Moov Money,,Transfert vers Moov Money,Quels sont les frais de Transfert vers Moov Money pour un montant compris entre 100001 et 150000 FCFA ?,Quels sont les frais de Transfert vers Moov Money pour un montant de 100001 à 150000 FCFA ? | Combien coûte Transfert vers Moov Money ? | frais transfert vers moov money,"Pour Transfert vers Moov Money entre 100001 et 150000 FCFA, les frais indiqués sont de 600 FCFA (Forfait).",Frais: 600 FCFA (Forfait). | Fee type: Forfait | Fee value: 600 | Unit: FCFA | Minimum amount: 100001 | Maximum amount: 150000,,Forfait: 600 FCFA,100001–150000 FCFA,,,,,"Never request or disclose a PIN, password, OTP, or biometric data. The user must verify transaction details and confirm only through the secure Moov Money flow.",,"Moov Money, Transfert vers Moov Money, moov_money",fr,https://moovmoney.ga/grille-tarifaire-client/,Transfert vers Moov Money,2026-07-21,0.95,Official public source
KB0253,tariff,depot_argent,Moov Money,,Dépôt / achat de crédit,Quels sont les frais de Dépôt / achat de crédit pour un montant compris entre 150001 et 160000 FCFA ?,Quels sont les frais de Dépôt / achat de crédit pour un montant de 150001 à 160000 FCFA ? | Combien coûte Dépôt / achat de crédit ? | frais depot / achat de credit,"Pour Dépôt / achat de crédit entre 150001 et 160000 FCFA, les frais indiqués sont de 0 FCFA (Gratuit).",Frais: 0 FCFA (Gratuit). | Fee type: Gratuit | Fee value: 0 | Unit: FCFA | Minimum amount: 150001 | Maximum amount: 160000,,Gratuit: 0 FCFA,150001–160000 FCFA,,,,,,,"Moov Money, Dépôt / achat de crédit, depot_argent",fr,https://moovmoney.ga/grille-tarifaire-client/,Dépôt / achat de crédit,2026-07-21,0.95,Official public source
KB0254,tariff,retrait_argent,Moov Money,,Retrait d’espèces,Quels sont les frais de Retrait d’espèces pour un montant compris entre 150001 et 160000 FCFA ?,Quels sont les frais de Retrait d’espèces pour un montant de 150001 à 160000 FCFA ? | Combien coûte Retrait d’espèces ? | frais retrait d’especes,"Pour Retrait d’espèces entre 150001 et 160000 FCFA, les frais indiqués sont de 3 % (Pourcentage).",Frais: 3 % (Pourcentage). | Fee type: Pourcentage | Fee value: 3 | Unit: % | Minimum amount: 150001 | Maximum amount: 160000,,Pourcentage: 3 %,150001–160000 FCFA,,,,,"Never request or disclose a PIN, password, OTP, or biometric data. The user must verify transaction details and confirm only through the secure Moov Money flow.",,"Moov Money, Retrait d’espèces, retrait_argent",fr,https://moovmoney.ga/grille-tarifaire-client/,Retrait d’espèces,2026-07-21,0.95,Official public source
KB0255,tariff,devenir_marchand,Moov Money,,Paiement marchand,Quels sont les frais de Paiement marchand pour un montant compris entre 150001 et 160000 FCFA ?,Quels sont les frais de Paiement marchand pour un montant de 150001 à 160000 FCFA ? | Combien coûte Paiement marchand ? | frais paiement marchand,"Pour Paiement marchand entre 150001 et 160000 FCFA, les frais indiqués sont de 650 FCFA (Forfait).",Frais: 650 FCFA (Forfait). | Fee type: Forfait | Fee value: 650 | Unit: FCFA | Minimum amount: 150001 | Maximum amount: 160000,,Forfait: 650 FCFA,150001–160000 FCFA,,,,,"Never request or disclose a PIN, password, OTP, or biometric data. The user must verify transaction details and confirm only through the secure Moov Money flow.",,"Moov Money, Paiement marchand, devenir_marchand",fr,https://moovmoney.ga/grille-tarifaire-client/,Paiement marchand,2026-07-21,0.95,Official public source
KB0256,tariff,moov_money,Moov Money,,Transfert vers Moov Money,Quels sont les frais de Transfert vers Moov Money pour un montant compris entre 150001 et 160000 FCFA ?,Quels sont les frais de Transfert vers Moov Money pour un montant de 150001 à 160000 FCFA ? | Combien coûte Transfert vers Moov Money ? | frais transfert vers moov money,"Pour Transfert vers Moov Money entre 150001 et 160000 FCFA, les frais indiqués sont de 650 FCFA (Forfait).",Frais: 650 FCFA (Forfait). | Fee type: Forfait | Fee value: 650 | Unit: FCFA | Minimum amount: 150001 | Maximum amount: 160000,,Forfait: 650 FCFA,150001–160000 FCFA,,,,,"Never request or disclose a PIN, password, OTP, or biometric data. The user must verify transaction details and confirm only through the secure Moov Money flow.",,"Moov Money, Transfert vers Moov Money, moov_money",fr,https://moovmoney.ga/grille-tarifaire-client/,Transfert vers Moov Money,2026-07-21,0.95,Official public source
KB0257,tariff,depot_argent,Moov Money,,Dépôt / achat de crédit,Quels sont les frais de Dépôt / achat de crédit pour un montant compris entre 160001 et 250000 FCFA ?,Quels sont les frais de Dépôt / achat de crédit pour un montant de 160001 à 250000 FCFA ? | Combien coûte Dépôt / achat de crédit ? | frais depot / achat de credit,"Pour Dépôt / achat de crédit entre 160001 et 250000 FCFA, les frais indiqués sont de 0 FCFA (Gratuit).",Frais: 0 FCFA (Gratuit). | Fee type: Gratuit | Fee value: 0 | Unit: FCFA | Minimum amount: 160001 | Maximum amount: 250000,,Gratuit: 0 FCFA,160001–250000 FCFA,,,,,,,"Moov Money, Dépôt / achat de crédit, depot_argent",fr,https://moovmoney.ga/grille-tarifaire-client/,Dépôt / achat de crédit,2026-07-21,0.95,Official public source
KB0258,tariff,retrait_argent,Moov Money,,Retrait d’espèces,Quels sont les frais de Retrait d’espèces pour un montant compris entre 160001 et 250000 FCFA ?,Quels sont les frais de Retrait d’espèces pour un montant de 160001 à 250000 FCFA ? | Combien coûte Retrait d’espèces ? | frais retrait d’especes,"Pour Retrait d’espèces entre 160001 et 250000 FCFA, les frais indiqués sont de 5000 FCFA (Forfait).",Frais: 5000 FCFA (Forfait). | Fee type: Forfait | Fee value: 5000 | Unit: FCFA | Minimum amount: 160001 | Maximum amount: 250000,,Forfait: 5000 FCFA,160001–250000 FCFA,,,,,"Never request or disclose a PIN, password, OTP, or biometric data. The user must verify transaction details and confirm only through the secure Moov Money flow.",,"Moov Money, Retrait d’espèces, retrait_argent",fr,https://moovmoney.ga/grille-tarifaire-client/,Retrait d’espèces,2026-07-21,0.95,Official public source
KB0259,tariff,devenir_marchand,Moov Money,,Paiement marchand,Quels sont les frais de Paiement marchand pour un montant compris entre 160001 et 250000 FCFA ?,Quels sont les frais de Paiement marchand pour un montant de 160001 à 250000 FCFA ? | Combien coûte Paiement marchand ? | frais paiement marchand,"Pour Paiement marchand entre 160001 et 250000 FCFA, les frais indiqués sont de 700 FCFA (Forfait).",Frais: 700 FCFA (Forfait). | Fee type: Forfait | Fee value: 700 | Unit: FCFA | Minimum amount: 160001 | Maximum amount: 250000,,Forfait: 700 FCFA,160001–250000 FCFA,,,,,"Never request or disclose a PIN, password, OTP, or biometric data. The user must verify transaction details and confirm only through the secure Moov Money flow.",,"Moov Money, Paiement marchand, devenir_marchand",fr,https://moovmoney.ga/grille-tarifaire-client/,Paiement marchand,2026-07-21,0.95,Official public source
KB0260,tariff,moov_money,Moov Money,,Transfert vers Moov Money,Quels sont les frais de Transfert vers Moov Money pour un montant compris entre 160001 et 250000 FCFA ?,Quels sont les frais de Transfert vers Moov Money pour un montant de 160001 à 250000 FCFA ? | Combien coûte Transfert vers Moov Money ? | frais transfert vers moov money,"Pour Transfert vers Moov Money entre 160001 et 250000 FCFA, les frais indiqués sont de 700 FCFA (Forfait).",Frais: 700 FCFA (Forfait). | Fee type: Forfait | Fee value: 700 | Unit: FCFA | Minimum amount: 160001 | Maximum amount: 250000,,Forfait: 700 FCFA,160001–250000 FCFA,,,,,"Never request or disclose a PIN, password, OTP, or biometric data. The user must verify transaction details and confirm only through the secure Moov Money flow.",,"Moov Money, Transfert vers Moov Money, moov_money",fr,https://moovmoney.ga/grille-tarifaire-client/,Transfert vers Moov Money,2026-07-21,0.95,Official public source
KB0261,tariff,depot_argent,Moov Money,,Dépôt / achat de crédit,Quels sont les frais de Dépôt / achat de crédit pour un montant compris entre 250001 et 300000 FCFA ?,Quels sont les frais de Dépôt / achat de crédit pour un montant de 250001 à 300000 FCFA ? | Combien coûte Dépôt / achat de crédit ? | frais depot / achat de credit,"Pour Dépôt / achat de crédit entre 250001 et 300000 FCFA, les frais indiqués sont de 0 FCFA (Gratuit).",Frais: 0 FCFA (Gratuit). | Fee type: Gratuit | Fee value: 0 | Unit: FCFA | Minimum amount: 250001 | Maximum amount: 300000,,Gratuit: 0 FCFA,250001–300000 FCFA,,,,,,,"Moov Money, Dépôt / achat de crédit, depot_argent",fr,https://moovmoney.ga/grille-tarifaire-client/,Dépôt / achat de crédit,2026-07-21,0.95,Official public source
KB0262,tariff,retrait_argent,Moov Money,,Retrait d’espèces,Quels sont les frais de Retrait d’espèces pour un montant compris entre 250001 et 300000 FCFA ?,Quels sont les frais de Retrait d’espèces pour un montant de 250001 à 300000 FCFA ? | Combien coûte Retrait d’espèces ? | frais retrait d’especes,"Pour Retrait d’espèces entre 250001 et 300000 FCFA, les frais indiqués sont de 5000 FCFA (Forfait).",Frais: 5000 FCFA (Forfait). | Fee type: Forfait | Fee value: 5000 | Unit: FCFA | Minimum amount: 250001 | Maximum amount: 300000,,Forfait: 5000 FCFA,250001–300000 FCFA,,,,,"Never request or disclose a PIN, password, OTP, or biometric data. The user must verify transaction details and confirm only through the secure Moov Money flow.",,"Moov Money, Retrait d’espèces, retrait_argent",fr,https://moovmoney.ga/grille-tarifaire-client/,Retrait d’espèces,2026-07-21,0.95,Official public source
KB0263,tariff,devenir_marchand,Moov Money,,Paiement marchand,Quels sont les frais de Paiement marchand pour un montant compris entre 250001 et 300000 FCFA ?,Quels sont les frais de Paiement marchand pour un montant de 250001 à 300000 FCFA ? | Combien coûte Paiement marchand ? | frais paiement marchand,"Pour Paiement marchand entre 250001 et 300000 FCFA, les frais indiqués sont de 750 FCFA (Forfait).",Frais: 750 FCFA (Forfait). | Fee type: Forfait | Fee value: 750 | Unit: FCFA | Minimum amount: 250001 | Maximum amount: 300000,,Forfait: 750 FCFA,250001–300000 FCFA,,,,,"Never request or disclose a PIN, password, OTP, or biometric data. The user must verify transaction details and confirm only through the secure Moov Money flow.",,"Moov Money, Paiement marchand, devenir_marchand",fr,https://moovmoney.ga/grille-tarifaire-client/,Paiement marchand,2026-07-21,0.95,Official public source
KB0264,tariff,moov_money,Moov Money,,Transfert vers Moov Money,Quels sont les frais de Transfert vers Moov Money pour un montant compris entre 250001 et 300000 FCFA ?,Quels sont les frais de Transfert vers Moov Money pour un montant de 250001 à 300000 FCFA ? | Combien coûte Transfert vers Moov Money ? | frais transfert vers moov money,"Pour Transfert vers Moov Money entre 250001 et 300000 FCFA, les frais indiqués sont de 750 FCFA (Forfait).",Frais: 750 FCFA (Forfait). | Fee type: Forfait | Fee value: 750 | Unit: FCFA | Minimum amount: 250001 | Maximum amount: 300000,,Forfait: 750 FCFA,250001–300000 FCFA,,,,,"Never request or disclose a PIN, password, OTP, or biometric data. The user must verify transaction details and confirm only through the secure Moov Money flow.",,"Moov Money, Transfert vers Moov Money, moov_money",fr,https://moovmoney.ga/grille-tarifaire-client/,Transfert vers Moov Money,2026-07-21,0.95,Official public source
KB0265,tariff,depot_argent,Moov Money,,Dépôt / achat de crédit,Quels sont les frais de Dépôt / achat de crédit pour un montant compris entre 300001 et 350000 FCFA ?,Quels sont les frais de Dépôt / achat de crédit pour un montant de 300001 à 350000 FCFA ? | Combien coûte Dépôt / achat de crédit ? | frais depot / achat de credit,"Pour Dépôt / achat de crédit entre 300001 et 350000 FCFA, les frais indiqués sont de 0 FCFA (Gratuit).",Frais: 0 FCFA (Gratuit). | Fee type: Gratuit | Fee value: 0 | Unit: FCFA | Minimum amount: 300001 | Maximum amount: 350000,,Gratuit: 0 FCFA,300001–350000 FCFA,,,,,,,"Moov Money, Dépôt / achat de crédit, depot_argent",fr,https://moovmoney.ga/grille-tarifaire-client/,Dépôt / achat de crédit,2026-07-21,0.95,Official public source
KB0266,tariff,retrait_argent,Moov Money,,Retrait d’espèces,Quels sont les frais de Retrait d’espèces pour un montant compris entre 300001 et 350000 FCFA ?,Quels sont les frais de Retrait d’espèces pour un montant de 300001 à 350000 FCFA ? | Combien coûte Retrait d’espèces ? | frais retrait d’especes,"Pour Retrait d’espèces entre 300001 et 350000 FCFA, les frais indiqués sont de 5000 FCFA (Forfait).",Frais: 5000 FCFA (Forfait). | Fee type: Forfait | Fee value: 5000 | Unit: FCFA | Minimum amount: 300001 | Maximum amount: 350000,,Forfait: 5000 FCFA,300001–350000 FCFA,,,,,"Never request or disclose a PIN, password, OTP, or biometric data. The user must verify transaction details and confirm only through the secure Moov Money flow.",,"Moov Money, Retrait d’espèces, retrait_argent",fr,https://moovmoney.ga/grille-tarifaire-client/,Retrait d’espèces,2026-07-21,0.95,Official public source
KB0267,tariff,devenir_marchand,Moov Money,,Paiement marchand,Quels sont les frais de Paiement marchand pour un montant compris entre 300001 et 350000 FCFA ?,Quels sont les frais de Paiement marchand pour un montant de 300001 à 350000 FCFA ? | Combien coûte Paiement marchand ? | frais paiement marchand,"Pour Paiement marchand entre 300001 et 350000 FCFA, les frais indiqués sont de 800 FCFA (Forfait).",Frais: 800 FCFA (Forfait). | Fee type: Forfait | Fee value: 800 | Unit: FCFA | Minimum amount: 300001 | Maximum amount: 350000,,Forfait: 800 FCFA,300001–350000 FCFA,,,,,"Never request or disclose a PIN, password, OTP, or biometric data. The user must verify transaction details and confirm only through the secure Moov Money flow.",,"Moov Money, Paiement marchand, devenir_marchand",fr,https://moovmoney.ga/grille-tarifaire-client/,Paiement marchand,2026-07-21,0.95,Official public source
KB0268,tariff,moov_money,Moov Money,,Transfert vers Moov Money,Quels sont les frais de Transfert vers Moov Money pour un montant compris entre 300001 et 350000 FCFA ?,Quels sont les frais de Transfert vers Moov Money pour un montant de 300001 à 350000 FCFA ? | Combien coûte Transfert vers Moov Money ? | frais transfert vers moov money,"Pour Transfert vers Moov Money entre 300001 et 350000 FCFA, les frais indiqués sont de 800 FCFA (Forfait).",Frais: 800 FCFA (Forfait). | Fee type: Forfait | Fee value: 800 | Unit: FCFA | Minimum amount: 300001 | Maximum amount: 350000,,Forfait: 800 FCFA,300001–350000 FCFA,,,,,"Never request or disclose a PIN, password, OTP, or biometric data. The user must verify transaction details and confirm only through the secure Moov Money flow.",,"Moov Money, Transfert vers Moov Money, moov_money",fr,https://moovmoney.ga/grille-tarifaire-client/,Transfert vers Moov Money,2026-07-21,0.95,Official public source
KB0269,tariff,depot_argent,Moov Money,,Dépôt / achat de crédit,Quels sont les frais de Dépôt / achat de crédit pour un montant compris entre 350001 et 400000 FCFA ?,Quels sont les frais de Dépôt / achat de crédit pour un montant de 350001 à 400000 FCFA ? | Combien coûte Dépôt / achat de crédit ? | frais depot / achat de credit,"Pour Dépôt / achat de crédit entre 350001 et 400000 FCFA, les frais indiqués sont de 0 FCFA (Gratuit).",Frais: 0 FCFA (Gratuit). | Fee type: Gratuit | Fee value: 0 | Unit: FCFA | Minimum amount: 350001 | Maximum amount: 400000,,Gratuit: 0 FCFA,350001–400000 FCFA,,,,,,,"Moov Money, Dépôt / achat de crédit, depot_argent",fr,https://moovmoney.ga/grille-tarifaire-client/,Dépôt / achat de crédit,2026-07-21,0.95,Official public source
KB0270,tariff,retrait_argent,Moov Money,,Retrait d’espèces,Quels sont les frais de Retrait d’espèces pour un montant compris entre 350001 et 400000 FCFA ?,Quels sont les frais de Retrait d’espèces pour un montant de 350001 à 400000 FCFA ? | Combien coûte Retrait d’espèces ? | frais retrait d’especes,"Pour Retrait d’espèces entre 350001 et 400000 FCFA, les frais indiqués sont de 5000 FCFA (Forfait).",Frais: 5000 FCFA (Forfait). | Fee type: Forfait | Fee value: 5000 | Unit: FCFA | Minimum amount: 350001 | Maximum amount: 400000,,Forfait: 5000 FCFA,350001–400000 FCFA,,,,,"Never request or disclose a PIN, password, OTP, or biometric data. The user must verify transaction details and confirm only through the secure Moov Money flow.",,"Moov Money, Retrait d’espèces, retrait_argent",fr,https://moovmoney.ga/grille-tarifaire-client/,Retrait d’espèces,2026-07-21,0.95,Official public source
KB0271,tariff,devenir_marchand,Moov Money,,Paiement marchand,Quels sont les frais de Paiement marchand pour un montant compris entre 350001 et 400000 FCFA ?,Quels sont les frais de Paiement marchand pour un montant de 350001 à 400000 FCFA ? | Combien coûte Paiement marchand ? | frais paiement marchand,"Pour Paiement marchand entre 350001 et 400000 FCFA, les frais indiqués sont de 850 FCFA (Forfait).",Frais: 850 FCFA (Forfait). | Fee type: Forfait | Fee value: 850 | Unit: FCFA | Minimum amount: 350001 | Maximum amount: 400000,,Forfait: 850 FCFA,350001–400000 FCFA,,,,,"Never request or disclose a PIN, password, OTP, or biometric data. The user must verify transaction details and confirm only through the secure Moov Money flow.",,"Moov Money, Paiement marchand, devenir_marchand",fr,https://moovmoney.ga/grille-tarifaire-client/,Paiement marchand,2026-07-21,0.95,Official public source
KB0272,tariff,moov_money,Moov Money,,Transfert vers Moov Money,Quels sont les frais de Transfert vers Moov Money pour un montant compris entre 350001 et 400000 FCFA ?,Quels sont les frais de Transfert vers Moov Money pour un montant de 350001 à 400000 FCFA ? | Combien coûte Transfert vers Moov Money ? | frais transfert vers moov money,"Pour Transfert vers Moov Money entre 350001 et 400000 FCFA, les frais indiqués sont de 850 FCFA (Forfait).",Frais: 850 FCFA (Forfait). | Fee type: Forfait | Fee value: 850 | Unit: FCFA | Minimum amount: 350001 | Maximum amount: 400000,,Forfait: 850 FCFA,350001–400000 FCFA,,,,,"Never request or disclose a PIN, password, OTP, or biometric data. The user must verify transaction details and confirm only through the secure Moov Money flow.",,"Moov Money, Transfert vers Moov Money, moov_money",fr,https://moovmoney.ga/grille-tarifaire-client/,Transfert vers Moov Money,2026-07-21,0.95,Official public source
KB0273,tariff,depot_argent,Moov Money,,Dépôt / achat de crédit,Quels sont les frais de Dépôt / achat de crédit pour un montant compris entre 400001 et 450000 FCFA ?,Quels sont les frais de Dépôt / achat de crédit pour un montant de 400001 à 450000 FCFA ? | Combien coûte Dépôt / achat de crédit ? | frais depot / achat de credit,"Pour Dépôt / achat de crédit entre 400001 et 450000 FCFA, les frais indiqués sont de 0 FCFA (Gratuit).",Frais: 0 FCFA (Gratuit). | Fee type: Gratuit | Fee value: 0 | Unit: FCFA | Minimum amount: 400001 | Maximum amount: 450000,,Gratuit: 0 FCFA,400001–450000 FCFA,,,,,,,"Moov Money, Dépôt / achat de crédit, depot_argent",fr,https://moovmoney.ga/grille-tarifaire-client/,Dépôt / achat de crédit,2026-07-21,0.95,Official public source
KB0274,tariff,retrait_argent,Moov Money,,Retrait d’espèces,Quels sont les frais de Retrait d’espèces pour un montant compris entre 400001 et 450000 FCFA ?,Quels sont les frais de Retrait d’espèces pour un montant de 400001 à 450000 FCFA ? | Combien coûte Retrait d’espèces ? | frais retrait d’especes,"Pour Retrait d’espèces entre 400001 et 450000 FCFA, les frais indiqués sont de 5000 FCFA (Forfait).",Frais: 5000 FCFA (Forfait). | Fee type: Forfait | Fee value: 5000 | Unit: FCFA | Minimum amount: 400001 | Maximum amount: 450000,,Forfait: 5000 FCFA,400001–450000 FCFA,,,,,"Never request or disclose a PIN, password, OTP, or biometric data. The user must verify transaction details and confirm only through the secure Moov Money flow.",,"Moov Money, Retrait d’espèces, retrait_argent",fr,https://moovmoney.ga/grille-tarifaire-client/,Retrait d’espèces,2026-07-21,0.95,Official public source
KB0275,tariff,devenir_marchand,Moov Money,,Paiement marchand,Quels sont les frais de Paiement marchand pour un montant compris entre 400001 et 450000 FCFA ?,Quels sont les frais de Paiement marchand pour un montant de 400001 à 450000 FCFA ? | Combien coûte Paiement marchand ? | frais paiement marchand,"Pour Paiement marchand entre 400001 et 450000 FCFA, les frais indiqués sont de 900 FCFA (Forfait).",Frais: 900 FCFA (Forfait). | Fee type: Forfait | Fee value: 900 | Unit: FCFA | Minimum amount: 400001 | Maximum amount: 450000,,Forfait: 900 FCFA,400001–450000 FCFA,,,,,"Never request or disclose a PIN, password, OTP, or biometric data. The user must verify transaction details and confirm only through the secure Moov Money flow.",,"Moov Money, Paiement marchand, devenir_marchand",fr,https://moovmoney.ga/grille-tarifaire-client/,Paiement marchand,2026-07-21,0.95,Official public source
KB0276,tariff,moov_money,Moov Money,,Transfert vers Moov Money,Quels sont les frais de Transfert vers Moov Money pour un montant compris entre 400001 et 450000 FCFA ?,Quels sont les frais de Transfert vers Moov Money pour un montant de 400001 à 450000 FCFA ? | Combien coûte Transfert vers Moov Money ? | frais transfert vers moov money,"Pour Transfert vers Moov Money entre 400001 et 450000 FCFA, les frais indiqués sont de 900 FCFA (Forfait).",Frais: 900 FCFA (Forfait). | Fee type: Forfait | Fee value: 900 | Unit: FCFA | Minimum amount: 400001 | Maximum amount: 450000,,Forfait: 900 FCFA,400001–450000 FCFA,,,,,"Never request or disclose a PIN, password, OTP, or biometric data. The user must verify transaction details and confirm only through the secure Moov Money flow.",,"Moov Money, Transfert vers Moov Money, moov_money",fr,https://moovmoney.ga/grille-tarifaire-client/,Transfert vers Moov Money,2026-07-21,0.95,Official public source
KB0277,tariff,depot_argent,Moov Money,,Dépôt / achat de crédit,Quels sont les frais de Dépôt / achat de crédit pour un montant compris entre 450001 et 500000 FCFA ?,Quels sont les frais de Dépôt / achat de crédit pour un montant de 450001 à 500000 FCFA ? | Combien coûte Dépôt / achat de crédit ? | frais depot / achat de credit,"Pour Dépôt / achat de crédit entre 450001 et 500000 FCFA, les frais indiqués sont de 0 FCFA (Gratuit).",Frais: 0 FCFA (Gratuit). | Fee type: Gratuit | Fee value: 0 | Unit: FCFA | Minimum amount: 450001 | Maximum amount: 500000,,Gratuit: 0 FCFA,450001–500000 FCFA,,,,,,,"Moov Money, Dépôt / achat de crédit, depot_argent",fr,https://moovmoney.ga/grille-tarifaire-client/,Dépôt / achat de crédit,2026-07-21,0.95,Official public source
KB0278,tariff,retrait_argent,Moov Money,,Retrait d’espèces,Quels sont les frais de Retrait d’espèces pour un montant compris entre 450001 et 500000 FCFA ?,Quels sont les frais de Retrait d’espèces pour un montant de 450001 à 500000 FCFA ? | Combien coûte Retrait d’espèces ? | frais retrait d’especes,"Pour Retrait d’espèces entre 450001 et 500000 FCFA, les frais indiqués sont de 5000 FCFA (Forfait).",Frais: 5000 FCFA (Forfait). | Fee type: Forfait | Fee value: 5000 | Unit: FCFA | Minimum amount: 450001 | Maximum amount: 500000,,Forfait: 5000 FCFA,450001–500000 FCFA,,,,,"Never request or disclose a PIN, password, OTP, or biometric data. The user must verify transaction details and confirm only through the secure Moov Money flow.",,"Moov Money, Retrait d’espèces, retrait_argent",fr,https://moovmoney.ga/grille-tarifaire-client/,Retrait d’espèces,2026-07-21,0.95,Official public source
KB0279,tariff,devenir_marchand,Moov Money,,Paiement marchand,Quels sont les frais de Paiement marchand pour un montant compris entre 450001 et 500000 FCFA ?,Quels sont les frais de Paiement marchand pour un montant de 450001 à 500000 FCFA ? | Combien coûte Paiement marchand ? | frais paiement marchand,"Pour Paiement marchand entre 450001 et 500000 FCFA, les frais indiqués sont de 1000 FCFA (Forfait).",Frais: 1000 FCFA (Forfait). | Fee type: Forfait | Fee value: 1000 | Unit: FCFA | Minimum amount: 450001 | Maximum amount: 500000,,Forfait: 1000 FCFA,450001–500000 FCFA,,,,,"Never request or disclose a PIN, password, OTP, or biometric data. The user must verify transaction details and confirm only through the secure Moov Money flow.",,"Moov Money, Paiement marchand, devenir_marchand",fr,https://moovmoney.ga/grille-tarifaire-client/,Paiement marchand,2026-07-21,0.95,Official public source
KB0280,tariff,moov_money,Moov Money,,Transfert vers Moov Money,Quels sont les frais de Transfert vers Moov Money pour un montant compris entre 450001 et 500000 FCFA ?,Quels sont les frais de Transfert vers Moov Money pour un montant de 450001 à 500000 FCFA ? | Combien coûte Transfert vers Moov Money ? | frais transfert vers moov money,"Pour Transfert vers Moov Money entre 450001 et 500000 FCFA, les frais indiqués sont de 1000 FCFA (Forfait).",Frais: 1000 FCFA (Forfait). | Fee type: Forfait | Fee value: 1000 | Unit: FCFA | Minimum amount: 450001 | Maximum amount: 500000,,Forfait: 1000 FCFA,450001–500000 FCFA,,,,,"Never request or disclose a PIN, password, OTP, or biometric data. The user must verify transaction details and confirm only through the secure Moov Money flow.",,"Moov Money, Transfert vers Moov Money, moov_money",fr,https://moovmoney.ga/grille-tarifaire-client/,Transfert vers Moov Money,2026-07-21,0.95,Official public source
KB0281,tariff,moov_money,Moov Money,,Consultation de solde,Quels sont les frais de Consultation de solde ?,Quels sont les frais de Consultation de solde ? | Combien coûte Consultation de solde ? | frais consultation de solde,Frais: 0 FCFA (Gratuit).,Frais: 0 FCFA (Gratuit). | Fee type: Gratuit | Fee value: 0 | Unit: FCFA,,Gratuit: 0 FCFA,None–None FCFA,,,,,,,"Moov Money, Consultation de solde, moov_money",fr,https://moovmoney.ga/grille-tarifaire-client/,Consultation de solde,2026-07-21,0.95,Official public source
KB0282,tariff,moov_money,Moov Money,,Changement de mot de passe,Quels sont les frais de Changement de mot de passe ?,Quels sont les frais de Changement de mot de passe ? | Combien coûte Changement de mot de passe ? | frais changement de mot de passe,Frais: 0 FCFA (Gratuit).,Frais: 0 FCFA (Gratuit). | Fee type: Gratuit | Fee value: 0 | Unit: FCFA,,Gratuit: 0 FCFA,None–None FCFA,,,,,"Never request or disclose a PIN, password, OTP, or biometric data. The user must verify transaction details and confirm only through the secure Moov Money flow.",,"Moov Money, Changement de mot de passe, moov_money",fr,https://moovmoney.ga/grille-tarifaire-client/,Changement de mot de passe,2026-07-21,0.95,Official public source
KB0283,tariff,moov_money,Moov Money,,Changement de surnom,Quels sont les frais de Changement de surnom ?,Quels sont les frais de Changement de surnom ? | Combien coûte Changement de surnom ? | frais changement de surnom,Frais: 10 FCFA (Forfait).,Frais: 10 FCFA (Forfait). | Fee type: Forfait | Fee value: 10 | Unit: FCFA,,Forfait: 10 FCFA,None–None FCFA,,,,,,,"Moov Money, Changement de surnom, moov_money",fr,https://moovmoney.ga/grille-tarifaire-client/,Changement de surnom,2026-07-21,0.95,Official public source
KB0284,tariff,moov_money,Moov Money,,Rapport de transactions,Quels sont les frais de Rapport de transactions ?,Quels sont les frais de Rapport de transactions ? | Combien coûte Rapport de transactions ? | frais rapport de transactions,Frais: 10 FCFA (Forfait).,Frais: 10 FCFA (Forfait). | Fee type: Forfait | Fee value: 10 | Unit: FCFA,,Forfait: 10 FCFA,None–None FCFA,,,,,"Never request or disclose a PIN, password, OTP, or biometric data. The user must verify transaction details and confirm only through the secure Moov Money flow.",,"Moov Money, Rapport de transactions, moov_money",fr,https://moovmoney.ga/grille-tarifaire-client/,Rapport de transactions,2026-07-21,0.95,Official public source
KB0285,tariff,moov_money,Moov Money,,Informations,Quels sont les frais de Informations ?,Quels sont les frais de Informations ? | Combien coûte Informations ? | frais informations,Frais: 0 FCFA (Gratuit).,Frais: 0 FCFA (Gratuit). | Fee type: Gratuit | Fee value: 0 | Unit: FCFA,,Gratuit: 0 FCFA,None–None FCFA,,,,,,,"Moov Money, Informations, moov_money",fr,https://moovmoney.ga/grille-tarifaire-client/,Informations,2026-07-21,0.95,Official public source
KB0286,tariff,moov_money,Moov Money,,Création de compte,Quels sont les frais de Création de compte ?,Quels sont les frais de Création de compte ? | Combien coûte Création de compte ? | frais creation de compte,Frais: 0 FCFA (Gratuit).,Frais: 0 FCFA (Gratuit). | Fee type: Gratuit | Fee value: 0 | Unit: FCFA,,Gratuit: 0 FCFA,None–None FCFA,,,,,,,"Moov Money, Création de compte, moov_money",fr,https://moovmoney.ga/grille-tarifaire-client/,Création de compte,2026-07-21,0.95,Official public source
KB0287,tariff,moov_money,Moov Money,,Annulation P2P,Quels sont les frais de Annulation P2P ?,Quels sont les frais de Annulation P2P ? | Combien coûte Annulation P2P ? | frais annulation p2p,Frais: 200 FCFA (Forfait).,Frais: 200 FCFA (Forfait). | Fee type: Forfait | Fee value: 200 | Unit: FCFA,,Forfait: 200 FCFA,None–None FCFA,,,,,,,"Moov Money, Annulation P2P, moov_money",fr,https://moovmoney.ga/grille-tarifaire-client/,Annulation P2P,2026-07-21,0.95,Official public source
KB0288,tariff,banking_uba,UBA Banking,,Moov Money vers banque,Quels sont les frais de Moov Money vers banque pour un montant compris entre 1000 et 160000 FCFA ?,Quels sont les frais de Moov Money vers banque pour un montant de 1000 à 160000 FCFA ? | Combien coûte Moov Money vers banque ? | frais moov money vers banque,"Pour Moov Money vers banque entre 1000 et 160000 FCFA, les frais indiqués sont de 3 % (Pourcentage).",Frais: 3 % (Pourcentage). | Fee type: Pourcentage | Fee value: 3 | Unit: % | Minimum amount: 1000 | Maximum amount: 160000,,Pourcentage: 3 %,1000–160000 FCFA,,,,,,,"UBA Banking, Moov Money vers banque, banking_uba",fr,https://moovmoney.ga/grille-tarifaire-client/,Moov Money vers banque,2026-07-21,0.95,Official public source
KB0289,tariff,banking_uba,UBA Banking,,Moov Money vers banque,Quels sont les frais de Moov Money vers banque pour un montant compris entre 160001 et 500000 FCFA ?,Quels sont les frais de Moov Money vers banque pour un montant de 160001 à 500000 FCFA ? | Combien coûte Moov Money vers banque ? | frais moov money vers banque,"Pour Moov Money vers banque entre 160001 et 500000 FCFA, les frais indiqués sont de 5000 FCFA (Forfait).",Frais: 5000 FCFA (Forfait). | Fee type: Forfait | Fee value: 5000 | Unit: FCFA | Minimum amount: 160001 | Maximum amount: 500000,,Forfait: 5000 FCFA,160001–500000 FCFA,,,,,,,"UBA Banking, Moov Money vers banque, banking_uba",fr,https://moovmoney.ga/grille-tarifaire-client/,Moov Money vers banque,2026-07-21,0.95,Official public source
KB0290,tariff,banking_uba,UBA Banking,,Banque vers Moov Money,Quels sont les frais de Banque vers Moov Money pour un montant compris entre 1000 et 500000 FCFA ?,Quels sont les frais de Banque vers Moov Money pour un montant de 1000 à 500000 FCFA ? | Combien coûte Banque vers Moov Money ? | frais banque vers moov money,"Pour Banque vers Moov Money entre 1000 et 500000 FCFA, les frais indiqués sont de 500 FCFA (Forfait).",Frais: 500 FCFA (Forfait). | Fee type: Forfait | Fee value: 500 | Unit: FCFA | Minimum amount: 1000 | Maximum amount: 500000,,Forfait: 500 FCFA,1000–500000 FCFA,,,,,,,"UBA Banking, Banque vers Moov Money, banking_uba",fr,https://moovmoney.ga/grille-tarifaire-client/,Banque vers Moov Money,2026-07-21,0.95,Official public source
KB0291,tariff,banking_uba,UBA Banking,,Consultation solde bancaire,Quels sont les frais de Consultation solde bancaire ?,Quels sont les frais de Consultation solde bancaire ? | Combien coûte Consultation solde bancaire ? | frais consultation solde bancaire,Frais: 100 FCFA (Forfait).,Frais: 100 FCFA (Forfait). | Fee type: Forfait | Fee value: 100 | Unit: FCFA,,Forfait: 100 FCFA,None–None FCFA,,,,,,,"UBA Banking, Consultation solde bancaire, banking_uba",fr,https://moovmoney.ga/grille-tarifaire-client/,Consultation solde bancaire,2026-07-21,0.95,Official public source
KB0292,tariff,banking_uba,UBA Banking,,Consultation historique bancaire,Quels sont les frais de Consultation historique bancaire ?,Quels sont les frais de Consultation historique bancaire ? | Combien coûte Consultation historique bancaire ? | frais consultation historique bancaire,Frais: 100 FCFA (Forfait).,Frais: 100 FCFA (Forfait). | Fee type: Forfait | Fee value: 100 | Unit: FCFA,,Forfait: 100 FCFA,None–None FCFA,,,,,,,"UBA Banking, Consultation historique bancaire, banking_uba",fr,https://moovmoney.ga/grille-tarifaire-client/,Consultation historique bancaire,2026-07-21,0.95,Official public source
KB0293,tariff,retrait_argent,BGFI GAB,,Retrait sans carte,Quels sont les frais de Retrait sans carte pour un montant compris entre 5000 et 165000 FCFA ?,Quels sont les frais de Retrait sans carte pour un montant de 5000 à 165000 FCFA ? | Combien coûte Retrait sans carte ? | frais retrait sans carte,"Pour Retrait sans carte entre 5000 et 165000 FCFA, les frais indiqués sont de 3 % (Pourcentage).",Frais: 3 % (Pourcentage). | Fee type: Pourcentage | Fee value: 3 | Unit: % | Minimum amount: 5000 | Maximum amount: 165000,,Pourcentage: 3 %,5000–165000 FCFA,,,,,"Never request or disclose a PIN, password, OTP, or biometric data. The user must verify transaction details and confirm only through the secure Moov Money flow.",,"BGFI GAB, Retrait sans carte, retrait_argent",fr,https://moovmoney.ga/grille-tarifaire-client/,Retrait sans carte,2026-07-21,0.95,Official public source
KB0294,tariff,retrait_argent,BGFI GAB,,Retrait sans carte,Quels sont les frais de Retrait sans carte ?,Quels sont les frais de Retrait sans carte ? | Combien coûte Retrait sans carte ? | frais retrait sans carte,Frais: 5000 FCFA (Forfait).,Frais: 5000 FCFA (Forfait). | Fee type: Forfait | Fee value: 5000 | Unit: FCFA | Minimum amount: 165001,,Forfait: 5000 FCFA,165001–None FCFA,,,,,"Never request or disclose a PIN, password, OTP, or biometric data. The user must verify transaction details and confirm only through the secure Moov Money flow.",,"BGFI GAB, Retrait sans carte, retrait_argent",fr,https://moovmoney.ga/grille-tarifaire-client/,Retrait sans carte,2026-07-21,0.95,Official public source
KB0295,tariff,partenaire,Partenaire,,Achat unités MobileDan,Quels sont les frais de Achat unités MobileDan ?,Quels sont les frais de Achat unités MobileDan ? | Combien coûte Achat unités MobileDan ? | frais achat unites mobiledan,Frais: 100 FCFA (Forfait).,Frais: 100 FCFA (Forfait). | Fee type: Forfait | Fee value: 100 | Unit: FCFA,,Forfait: 100 FCFA,None–None FCFA,,,,,,,"Partenaire, Achat unités MobileDan, partenaire",fr,https://moovmoney.ga/grille-tarifaire-client/,Achat unités MobileDan,2026-07-21,0.95,Official public source
KB0296,tariff,partenaire,Partenaire,,Paiement facture SEEG,Quels sont les frais de Paiement facture SEEG ?,Quels sont les frais de Paiement facture SEEG ? | Combien coûte Paiement facture SEEG ? | frais paiement facture seeg,Frais: 500 FCFA (Forfait).,Frais: 500 FCFA (Forfait). | Fee type: Forfait | Fee value: 500 | Unit: FCFA,,Forfait: 500 FCFA,None–None FCFA,,,,,"Never request or disclose a PIN, password, OTP, or biometric data. The user must verify transaction details and confirm only through the secure Moov Money flow.",,"Partenaire, Paiement facture SEEG, partenaire",fr,https://moovmoney.ga/grille-tarifaire-client/,Paiement facture SEEG,2026-07-21,0.95,Official public source
KB0297,tariff,payer_canal,Partenaire,,Réabonnement Canal+,Quels sont les frais de Réabonnement Canal+ ?,Quels sont les frais de Réabonnement Canal+ ? | Combien coûte Réabonnement Canal+ ? | frais reabonnement canal+,Frais: 0 FCFA (Gratuit).,Frais: 0 FCFA (Gratuit). | Fee type: Gratuit | Fee value: 0 | Unit: FCFA,,Gratuit: 0 FCFA,None–None FCFA,,,,,,,"Partenaire, Réabonnement Canal+, payer_canal",fr,https://moovmoney.ga/grille-tarifaire-client/,Réabonnement Canal+,2026-07-21,0.95,Official public source
KB0298,tariff,payer_satcon,Partenaire,,Réabonnement SATCON,Quels sont les frais de Réabonnement SATCON ?,Quels sont les frais de Réabonnement SATCON ? | Combien coûte Réabonnement SATCON ? | frais reabonnement satcon,Frais: 0 FCFA (Gratuit).,Frais: 0 FCFA (Gratuit). | Fee type: Gratuit | Fee value: 0 | Unit: FCFA,,Gratuit: 0 FCFA,None–None FCFA,,,,,,,"Partenaire, Réabonnement SATCON, payer_satcon",fr,https://moovmoney.ga/grille-tarifaire-client/,Réabonnement SATCON,2026-07-21,0.95,Official public source
KB0299,tariff,partenaire,Partenaire,,Inscription Université Omar Bongo,Quels sont les frais de Inscription Université Omar Bongo ?,Quels sont les frais de Inscription Université Omar Bongo ? | Combien coûte Inscription Université Omar Bongo ? | frais inscription universite omar bongo,Frais: 0 FCFA (Gratuit).,Frais: 0 FCFA (Gratuit). | Fee type: Gratuit | Fee value: 0 | Unit: FCFA,,Gratuit: 0 FCFA,None–None FCFA,,,,,,,"Partenaire, Inscription Université Omar Bongo, partenaire",fr,https://moovmoney.ga/grille-tarifaire-client/,Inscription Université Omar Bongo,2026-07-21,0.95,Official public source
KB0300,tariff,payer_campus_france,Partenaire,,Paiement Campus France,Quels sont les frais de Paiement Campus France ?,Quels sont les frais de Paiement Campus France ? | Combien coûte Paiement Campus France ? | frais paiement campus france,Frais: 350 FCFA (Forfait).,Frais: 350 FCFA (Forfait). | Fee type: Forfait | Fee value: 350 | Unit: FCFA,,Forfait: 350 FCFA,None–None FCFA,,,,,"Never request or disclose a PIN, password, OTP, or biometric data. The user must verify transaction details and confirm only through the secure Moov Money flow.",,"Partenaire, Paiement Campus France, payer_campus_france",fr,https://moovmoney.ga/grille-tarifaire-client/,Paiement Campus France,2026-07-21,0.95,Official public source
KB0301,tariff,partenaire,Partenaire,,Recharge Total Card,Quels sont les frais de Recharge Total Card ?,Quels sont les frais de Recharge Total Card ? | Combien coûte Recharge Total Card ? | frais recharge total card,Frais: 10–1000 FCFA (Fourchette).,Frais: 10–1000 FCFA (Fourchette). | Fee type: Fourchette | Fee value: 10–1000 | Unit: FCFA,,Fourchette: 10–1000 FCFA,None–None FCFA,,,,,,,"Partenaire, Recharge Total Card, partenaire",fr,https://moovmoney.ga/grille-tarifaire-client/,Recharge Total Card,2026-07-21,0.95,Official public source
KB0302,tariff,carte_visa,Carte Visa,,Carte Visa vers Moov Money,Quels sont les frais de Carte Visa vers Moov Money ?,Quels sont les frais de Carte Visa vers Moov Money ? | Combien coûte Carte Visa vers Moov Money ? | frais carte visa vers moov money,Frais: 1000 FCFA (Forfait).,Frais: 1000 FCFA (Forfait). | Fee type: Forfait | Fee value: 1000 | Unit: FCFA,,Forfait: 1000 FCFA,None–None FCFA,,,,,"Never request or disclose a PIN, password, OTP, or biometric data. The user must verify transaction details and confirm only through the secure Moov Money flow.",,"Carte Visa, Carte Visa vers Moov Money, carte_visa",fr,https://moovmoney.ga/carte-visa-uba-moov-money/,Carte Visa vers Moov Money,2026-07-21,0.95,Official public source
KB0303,tariff,carte_visa,Carte Visa,,Moov Money vers Carte Visa,Quels sont les frais de Moov Money vers Carte Visa ?,Quels sont les frais de Moov Money vers Carte Visa ? | Combien coûte Moov Money vers Carte Visa ? | frais moov money vers carte visa,Frais: 1.5 % (Pourcentage).,Frais: 1.5 % (Pourcentage). | Fee type: Pourcentage | Fee value: 1.5 | Unit: %,,Pourcentage: 1.5 %,None–None FCFA,,,,,"Never request or disclose a PIN, password, OTP, or biometric data. The user must verify transaction details and confirm only through the secure Moov Money flow.",,"Carte Visa, Moov Money vers Carte Visa, carte_visa",fr,https://moovmoney.ga/carte-visa-uba-moov-money/,Moov Money vers Carte Visa,2026-07-21,0.95,Official public source
KB0304,tariff,carte_visa,Carte Visa,,Consultation solde,Quels sont les frais de Consultation solde ?,Quels sont les frais de Consultation solde ? | Combien coûte Consultation solde ? | frais consultation solde,Frais: 100 FCFA (Forfait).,Frais: 100 FCFA (Forfait). | Fee type: Forfait | Fee value: 100 | Unit: FCFA,,Forfait: 100 FCFA,None–None FCFA,,,,,,,"Carte Visa, Consultation solde, carte_visa",fr,https://moovmoney.ga/carte-visa-uba-moov-money/,Consultation solde,2026-07-21,0.95,Official public source
KB0305,tariff,carte_visa,Carte Visa,,Consultation 5 dernières transactions,Quels sont les frais de Consultation 5 dernières transactions ?,Quels sont les frais de Consultation 5 dernières transactions ? | Combien coûte Consultation 5 dernières transactions ? | frais consultation 5 dernieres transactions,Frais: 100 FCFA (Forfait).,Frais: 100 FCFA (Forfait). | Fee type: Forfait | Fee value: 100 | Unit: FCFA,,Forfait: 100 FCFA,None–None FCFA,,,,,"Never request or disclose a PIN, password, OTP, or biometric data. The user must verify transaction details and confirm only through the secure Moov Money flow.",,"Carte Visa, Consultation 5 dernières transactions, carte_visa",fr,https://moovmoney.ga/carte-visa-uba-moov-money/,Consultation 5 dernières transactions,2026-07-21,0.95,Official public source
KB0306,tariff,carte_visa,Carte Visa,,Transfert carte à carte,Quels sont les frais de Transfert carte à carte ?,Quels sont les frais de Transfert carte à carte ? | Combien coûte Transfert carte à carte ? | frais transfert carte a carte,Frais: 2380 FCFA (Forfait).,Frais: 2380 FCFA (Forfait). | Fee type: Forfait | Fee value: 2380 | Unit: FCFA,,Forfait: 2380 FCFA,None–None FCFA,,,,,"Never request or disclose a PIN, password, OTP, or biometric data. The user must verify transaction details and confirm only through the secure Moov Money flow.",,"Carte Visa, Transfert carte à carte, carte_visa",fr,https://moovmoney.ga/carte-visa-uba-moov-money/,Transfert carte à carte,2026-07-21,0.95,Official public source
KB0307,tariff,carte_visa,Carte Visa,,Maintenance mensuelle,Quels sont les frais de Maintenance mensuelle ?,Quels sont les frais de Maintenance mensuelle ? | Combien coûte Maintenance mensuelle ? | frais maintenance mensuelle,Frais: 2380 FCFA (Forfait).,Frais: 2380 FCFA (Forfait). | Fee type: Forfait | Fee value: 2380 | Unit: FCFA,,Forfait: 2380 FCFA,None–None FCFA,,,,,,,"Carte Visa, Maintenance mensuelle, carte_visa",fr,https://moovmoney.ga/carte-visa-uba-moov-money/,Maintenance mensuelle,2026-07-21,0.95,Official public source
KB0308,tariff,carte_visa,Carte Visa,,Achat sur TPE UBA,Quels sont les frais de Achat sur TPE UBA ?,Quels sont les frais de Achat sur TPE UBA ? | Combien coûte Achat sur TPE UBA ? | frais achat sur tpe uba,Frais: 1190 FCFA (Forfait).,Frais: 1190 FCFA (Forfait). | Fee type: Forfait | Fee value: 1190 | Unit: FCFA,,Forfait: 1190 FCFA,None–None FCFA,,,,,,,"Carte Visa, Achat sur TPE UBA, carte_visa",fr,https://moovmoney.ga/carte-visa-uba-moov-money/,Achat sur TPE UBA,2026-07-21,0.95,Official public source
KB0309,tariff,carte_visa,Carte Visa,,Achat internet international / TPE hors UBA,Quels sont les frais de Achat internet international / TPE hors UBA ?,Quels sont les frais de Achat internet international / TPE hors UBA ? | Combien coûte Achat internet international / TPE hors UBA ? | frais achat internet international / tpe hors uba,Frais: 4.5 % (Pourcentage).,Frais: 4.5 % (Pourcentage). | Fee type: Pourcentage | Fee value: 4.5 | Unit: %,,Pourcentage: 4.5 %,None–None FCFA,,,,,,,"Carte Visa, Achat internet international / TPE hors UBA, carte_visa",fr,https://moovmoney.ga/carte-visa-uba-moov-money/,Achat internet international / TPE hors UBA,2026-07-21,0.95,Official public source
KB0310,tariff,retrait_argent,Carte Visa,,Retrait GAB UBA,Quels sont les frais de Retrait GAB UBA ?,Quels sont les frais de Retrait GAB UBA ? | Combien coûte Retrait GAB UBA ? | frais retrait gab uba,Frais: 0 FCFA (Gratuit).,Frais: 0 FCFA (Gratuit). | Fee type: Gratuit | Fee value: 0 | Unit: FCFA,,Gratuit: 0 FCFA,None–None FCFA,,,,,"Never request or disclose a PIN, password, OTP, or biometric data. The user must verify transaction details and confirm only through the secure Moov Money flow.",,"Carte Visa, Retrait GAB UBA, retrait_argent",fr,https://moovmoney.ga/carte-visa-uba-moov-money/,Retrait GAB UBA,2026-07-21,0.95,Official public source
KB0311,tariff,retrait_argent,Carte Visa,,Retrait autre banque locale GIMAC,Quels sont les frais de Retrait autre banque locale GIMAC ?,Quels sont les frais de Retrait autre banque locale GIMAC ? | Combien coûte Retrait autre banque locale GIMAC ? | frais retrait autre banque locale gimac,Frais: 1000 FCFA (Forfait).,Frais: 1000 FCFA (Forfait). | Fee type: Forfait | Fee value: 1000 | Unit: FCFA,,Forfait: 1000 FCFA,None–None FCFA,,,,,"Never request or disclose a PIN, password, OTP, or biometric data. The user must verify transaction details and confirm only through the secure Moov Money flow.",,"Carte Visa, Retrait autre banque locale GIMAC, retrait_argent",fr,https://moovmoney.ga/carte-visa-uba-moov-money/,Retrait autre banque locale GIMAC,2026-07-21,0.95,Official public source
KB0312,tariff,retrait_argent,Carte Visa,,Retrait autre banque locale non-GIMAC,Quels sont les frais de Retrait autre banque locale non-GIMAC ?,Quels sont les frais de Retrait autre banque locale non-GIMAC ? | Combien coûte Retrait autre banque locale non-GIMAC ? | frais retrait autre banque locale non-gimac,Frais: 2380 FCFA (Forfait).,Frais: 2380 FCFA (Forfait). | Fee type: Forfait | Fee value: 2380 | Unit: FCFA,,Forfait: 2380 FCFA,None–None FCFA,,,,,"Never request or disclose a PIN, password, OTP, or biometric data. The user must verify transaction details and confirm only through the secure Moov Money flow.",,"Carte Visa, Retrait autre banque locale non-GIMAC, retrait_argent",fr,https://moovmoney.ga/carte-visa-uba-moov-money/,Retrait autre banque locale non-GIMAC,2026-07-21,0.95,Official public source
KB0313,tariff,retrait_argent,Carte Visa,,Retrait GAB zone euro,Quels sont les frais de Retrait GAB zone euro ?,Quels sont les frais de Retrait GAB zone euro ? | Combien coûte Retrait GAB zone euro ? | frais retrait gab zone euro,Frais: 5 % (Pourcentage).,Frais: 5 % (Pourcentage). | Fee type: Pourcentage | Fee value: 5 | Unit: %,,Pourcentage: 5 %,None–None FCFA,,,,,"Never request or disclose a PIN, password, OTP, or biometric data. The user must verify transaction details and confirm only through the secure Moov Money flow.",,"Carte Visa, Retrait GAB zone euro, retrait_argent",fr,https://moovmoney.ga/carte-visa-uba-moov-money/,Retrait GAB zone euro,2026-07-21,0.95,Official public source
KB0314,tariff,retrait_argent,Carte Visa,,Retrait autre devise,Quels sont les frais de Retrait autre devise ?,Quels sont les frais de Retrait autre devise ? | Combien coûte Retrait autre devise ? | frais retrait autre devise,Frais: 8 % (Pourcentage).,Frais: 8 % (Pourcentage). | Fee type: Pourcentage | Fee value: 8 | Unit: %,,Pourcentage: 8 %,None–None FCFA,,,,,"Never request or disclose a PIN, password, OTP, or biometric data. The user must verify transaction details and confirm only through the secure Moov Money flow.",,"Carte Visa, Retrait autre devise, retrait_argent",fr,https://moovmoney.ga/carte-visa-uba-moov-money/,Retrait autre devise,2026-07-21,0.95,Official public source
KB0315,bundle,data,Data,,Forfait Data 200 MB,Quel est le prix et la validité de Forfait Data 200 MB ?,Quel est le prix de Forfait Data 200 MB ? | Comment acheter Forfait Data 200 MB ? | forfait forfait data 200 mb,"200 MB à 100 FCFA, valable 1 heure.","200 MB à 100 FCFA, valable 1 heure. | Validity: 1 heure | Price: 100 | Currency: FCFA | Volume: 200 | Volume unit: MB",,100 FCFA,200 MB / 1 heure,,,,,,,"Data, Forfait Data 200 MB, data",fr,https://moovmoney.ga/services/achat-de-forfait/,Forfait Data 200 MB,2026-07-21,0.95,Official public source
KB0316,bundle,data,Data,,Forfait Data 1 GB,Quel est le prix et la validité de Forfait Data 1 GB ?,Quel est le prix de Forfait Data 1 GB ? | Comment acheter Forfait Data 1 GB ? | forfait forfait data 1 gb,"1 GB à 500 FCFA, valable 1 jour.","1 GB à 500 FCFA, valable 1 jour. | Validity: 1 jour | Price: 500 | Currency: FCFA | Volume: 1 | Volume unit: GB",,500 FCFA,1 GB / 1 jour,,,,,,,"Data, Forfait Data 1 GB, data",fr,https://moovmoney.ga/services/achat-de-forfait/,Forfait Data 1 GB,2026-07-21,0.95,Official public source
KB0317,bundle,data,Data,,Forfait Data 2 GB,Quel est le prix et la validité de Forfait Data 2 GB ?,Quel est le prix de Forfait Data 2 GB ? | Comment acheter Forfait Data 2 GB ? | forfait forfait data 2 gb,"2 GB à 1000 FCFA, valable 3 jours.","2 GB à 1000 FCFA, valable 3 jours. | Validity: 3 jours | Price: 1000 | Currency: FCFA | Volume: 2 | Volume unit: GB",,1000 FCFA,2 GB / 3 jours,,,,,,,"Data, Forfait Data 2 GB, data",fr,https://moovmoney.ga/services/achat-de-forfait/,Forfait Data 2 GB,2026-07-21,0.95,Official public source
KB0318,bundle,data,Data,,Forfait Data 5 GB,Quel est le prix et la validité de Forfait Data 5 GB ?,Quel est le prix de Forfait Data 5 GB ? | Comment acheter Forfait Data 5 GB ? | forfait forfait data 5 gb,"5 GB à 2000 FCFA, valable 7 jours.","5 GB à 2000 FCFA, valable 7 jours. | Validity: 7 jours | Price: 2000 | Currency: FCFA | Volume: 5 | Volume unit: GB",,2000 FCFA,5 GB / 7 jours,,,,,,,"Data, Forfait Data 5 GB, data",fr,https://moovmoney.ga/services/achat-de-forfait/,Forfait Data 5 GB,2026-07-21,0.95,Official public source
KB0319,bundle,data,Data,,Forfait Data 14 GB,Quel est le prix et la validité de Forfait Data 14 GB ?,Quel est le prix de Forfait Data 14 GB ? | Comment acheter Forfait Data 14 GB ? | forfait forfait data 14 gb,"14 GB à 5000 FCFA, valable 14 jours.","14 GB à 5000 FCFA, valable 14 jours. | Validity: 14 jours | Price: 5000 | Currency: FCFA | Volume: 14 | Volume unit: GB",,5000 FCFA,14 GB / 14 jours,,,,,,,"Data, Forfait Data 14 GB, data",fr,https://moovmoney.ga/services/achat-de-forfait/,Forfait Data 14 GB,2026-07-21,0.95,Official public source
KB0320,bundle,data,Data,,Forfait Data 30 GB,Quel est le prix et la validité de Forfait Data 30 GB ?,Quel est le prix de Forfait Data 30 GB ? | Comment acheter Forfait Data 30 GB ? | forfait forfait data 30 gb,"30 GB à 10000 FCFA, valable 30 jours.","30 GB à 10000 FCFA, valable 30 jours. | Validity: 30 jours | Price: 10000 | Currency: FCFA | Volume: 30 | Volume unit: GB",,10000 FCFA,30 GB / 30 jours,,,,,,,"Data, Forfait Data 30 GB, data",fr,https://moovmoney.ga/services/achat-de-forfait/,Forfait Data 30 GB,2026-07-21,0.95,Official public source
KB0321,bundle,acheter_forfait_voix,Voix,,Forfait Voix 30 minutes,Quel est le prix et la validité de Forfait Voix 30 minutes ?,Quel est le prix de Forfait Voix 30 minutes ? | Comment acheter Forfait Voix 30 minutes ? | forfait forfait voix 30 minutes,"30 minutes à 100 FCFA, valable 1 heure.","30 minutes à 100 FCFA, valable 1 heure. | Validity: 1 heure | Price: 100 | Currency: FCFA | Volume: 30 | Volume unit: minutes",,100 FCFA,30 minutes / 1 heure,,,,,,,"Voix, Forfait Voix 30 minutes, acheter_forfait_voix",fr,https://moovmoney.ga/services/achat-de-forfait/,Forfait Voix 30 minutes,2026-07-21,0.95,Official public source
KB0322,bundle,acheter_forfait_voix,Voix,,Forfait Voix 90 minutes,Quel est le prix et la validité de Forfait Voix 90 minutes ?,Quel est le prix de Forfait Voix 90 minutes ? | Comment acheter Forfait Voix 90 minutes ? | forfait forfait voix 90 minutes,"90 minutes à 500 FCFA, valable 1 jour.","90 minutes à 500 FCFA, valable 1 jour. | Validity: 1 jour | Price: 500 | Currency: FCFA | Volume: 90 | Volume unit: minutes",,500 FCFA,90 minutes / 1 jour,,,,,,,"Voix, Forfait Voix 90 minutes, acheter_forfait_voix",fr,https://moovmoney.ga/services/achat-de-forfait/,Forfait Voix 90 minutes,2026-07-21,0.95,Official public source
KB0323,bundle,acheter_forfait_voix,Voix,,Forfait Voix 3 heures,Quel est le prix et la validité de Forfait Voix 3 heures ?,Quel est le prix de Forfait Voix 3 heures ? | Comment acheter Forfait Voix 3 heures ? | forfait forfait voix 3 heures,"3 heures à 1000 FCFA, valable 3 jours.","3 heures à 1000 FCFA, valable 3 jours. | Validity: 3 jours | Price: 1000 | Currency: FCFA | Volume: 3 | Volume unit: heures",,1000 FCFA,3 heures / 3 jours,,,,,,,"Voix, Forfait Voix 3 heures, acheter_forfait_voix",fr,https://moovmoney.ga/services/achat-de-forfait/,Forfait Voix 3 heures,2026-07-21,0.95,Official public source
KB0324,bundle,acheter_forfait_voix,Voix,,Forfait Voix 6 heures,Quel est le prix et la validité de Forfait Voix 6 heures ?,Quel est le prix de Forfait Voix 6 heures ? | Comment acheter Forfait Voix 6 heures ? | forfait forfait voix 6 heures,"6 heures à 2000 FCFA, valable 7 jours.","6 heures à 2000 FCFA, valable 7 jours. | Validity: 7 jours | Price: 2000 | Currency: FCFA | Volume: 6 | Volume unit: heures",,2000 FCFA,6 heures / 7 jours,,,,,,,"Voix, Forfait Voix 6 heures, acheter_forfait_voix",fr,https://moovmoney.ga/services/achat-de-forfait/,Forfait Voix 6 heures,2026-07-21,0.95,Official public source
KB0325,bundle,acheter_forfait_voix,Voix,,Forfait Voix 16 heures,Quel est le prix et la validité de Forfait Voix 16 heures ?,Quel est le prix de Forfait Voix 16 heures ? | Comment acheter Forfait Voix 16 heures ? | forfait forfait voix 16 heures,"16 heures à 5000 FCFA, valable 14 jours.","16 heures à 5000 FCFA, valable 14 jours. | Validity: 14 jours | Price: 5000 | Currency: FCFA | Volume: 16 | Volume unit: heures",,5000 FCFA,16 heures / 14 jours,,,,,,,"Voix, Forfait Voix 16 heures, acheter_forfait_voix",fr,https://moovmoney.ga/services/achat-de-forfait/,Forfait Voix 16 heures,2026-07-21,0.95,Official public source
KB0326,bundle,acheter_forfait_voix,Voix,,Forfait Voix 40 heures,Quel est le prix et la validité de Forfait Voix 40 heures ?,Quel est le prix de Forfait Voix 40 heures ? | Comment acheter Forfait Voix 40 heures ? | forfait forfait voix 40 heures,"40 heures à 10000 FCFA, valable 30 jours.","40 heures à 10000 FCFA, valable 30 jours. | Validity: 30 jours | Price: 10000 | Currency: FCFA | Volume: 40 | Volume unit: heures",,10000 FCFA,40 heures / 30 jours,,,,,,,"Voix, Forfait Voix 40 heures, acheter_forfait_voix",fr,https://moovmoney.ga/services/achat-de-forfait/,Forfait Voix 40 heures,2026-07-21,0.95,Official public source
KB0327,merchant,paiement_online,Moov Money Online,,Sauce Créole,Puis-je payer chez Sauce Créole avec Moov Money ?,Est-ce que Sauce Créole accepte Moov Money ? | Puis-je payer chez Sauce Créole avec Moov Money ? | marchand sauce creole,Sauce Créole est listé comme partenaire Moov Money Online dans la catégorie Restaurant.,Sauce Créole est listé comme partenaire Moov Money Online dans la catégorie Restaurant. | Channel: Moov Money Online | Merchant category: Restaurant | Location: Non précisé,,,,,,Moov Money Online,,,,"Moov Money Online, Sauce Créole, paiement_online, Restaurant",fr,https://moovmoney.ga/moov-money-online-client/,Sauce Créole,2026-07-21,0.95,Official public source
KB0328,merchant,paiement_online,Moov Money Online,,Bidzi Shop,Puis-je payer chez Bidzi Shop avec Moov Money ?,Est-ce que Bidzi Shop accepte Moov Money ? | Puis-je payer chez Bidzi Shop avec Moov Money ? | marchand bidzi shop,Bidzi Shop est listé comme partenaire Moov Money Online dans la catégorie Restaurant.,Bidzi Shop est listé comme partenaire Moov Money Online dans la catégorie Restaurant. | Channel: Moov Money Online | Merchant category: Restaurant | Location: Non précisé,,,,,,Moov Money Online,,,,"Moov Money Online, Bidzi Shop, paiement_online, Restaurant",fr,https://moovmoney.ga/moov-money-online-client/,Bidzi Shop,2026-07-21,0.95,Official public source
KB0329,merchant,paiement_online,Moov Money Online,,Yves Le Grand,Puis-je payer chez Yves Le Grand avec Moov Money ?,Est-ce que Yves Le Grand accepte Moov Money ? | Puis-je payer chez Yves Le Grand avec Moov Money ? | marchand yves le grand,Yves Le Grand est listé comme partenaire Moov Money Online dans la catégorie Cosmétique.,Yves Le Grand est listé comme partenaire Moov Money Online dans la catégorie Cosmétique. | Channel: Moov Money Online | Merchant category: Cosmétique | Location: Non précisé,,,,,,Moov Money Online,,,,"Moov Money Online, Yves Le Grand, paiement_online, Cosmétique",fr,https://moovmoney.ga/moov-money-online-client/,Yves Le Grand,2026-07-21,0.95,Official public source
KB0330,merchant,paiement_online,Moov Money Online,,Caprices de Femme,Puis-je payer chez Caprices de Femme avec Moov Money ?,Est-ce que Caprices de Femme accepte Moov Money ? | Puis-je payer chez Caprices de Femme avec Moov Money ? | marchand caprices de femme,Caprices de Femme est listé comme partenaire Moov Money Online dans la catégorie Cosmétique.,Caprices de Femme est listé comme partenaire Moov Money Online dans la catégorie Cosmétique. | Channel: Moov Money Online | Merchant category: Cosmétique | Location: Non précisé,,,,,,Moov Money Online,,,,"Moov Money Online, Caprices de Femme, paiement_online, Cosmétique",fr,https://moovmoney.ga/moov-money-online-client/,Caprices de Femme,2026-07-21,0.95,Official public source
KB0331,merchant,paiement_online,Moov Money Online,,Gabomaa,Puis-je payer chez Gabomaa avec Moov Money ?,Est-ce que Gabomaa accepte Moov Money ? | Puis-je payer chez Gabomaa avec Moov Money ? | marchand gabomaa,Gabomaa est listé comme partenaire Moov Money Online dans la catégorie E-commerce.,Gabomaa est listé comme partenaire Moov Money Online dans la catégorie E-commerce. | Channel: Moov Money Online | Merchant category: E-commerce | Location: Non précisé,,,,,,Moov Money Online,,,,"Moov Money Online, Gabomaa, paiement_online, E-commerce",fr,https://moovmoney.ga/moov-money-online-client/,Gabomaa,2026-07-21,0.95,Official public source
KB0332,merchant,paiement_online,Moov Money Online,,Bet Street,Puis-je payer chez Bet Street avec Moov Money ?,Est-ce que Bet Street accepte Moov Money ? | Puis-je payer chez Bet Street avec Moov Money ? | marchand bet street,Bet Street est listé comme partenaire Moov Money Online dans la catégorie E-commerce.,Bet Street est listé comme partenaire Moov Money Online dans la catégorie E-commerce. | Channel: Moov Money Online | Merchant category: E-commerce | Location: Non précisé,,,,,,Moov Money Online,,,,"Moov Money Online, Bet Street, paiement_online, E-commerce",fr,https://moovmoney.ga/moov-money-online-client/,Bet Street,2026-07-21,0.95,Official public source
KB0333,merchant,paiement_online,Moov Money Online,,IT Services / Pharmacies241,Puis-je payer chez IT Services / Pharmacies241 avec Moov Money ?,Est-ce que IT Services / Pharmacies241 accepte Moov Money ? | Puis-je payer chez IT Services / Pharmacies241 avec Moov Money ? | marchand it services / pharmacies241,IT Services / Pharmacies241 est listé comme partenaire Moov Money Online dans la catégorie E-commerce.,IT Services / Pharmacies241 est listé comme partenaire Moov Money Online dans la catégorie E-commerce. | Channel: Moov Money Online | Merchant category: E-commerce | Location: Non précisé,,,,,,Moov Money Online,,,,"Moov Money Online, IT Services / Pharmacies241, paiement_online, E-commerce",fr,https://moovmoney.ga/moov-money-online-client/,IT Services / Pharmacies241,2026-07-21,0.95,Official public source
KB0334,merchant,paiement_online,Moov Money Online,,Online Store Gabon,Puis-je payer chez Online Store Gabon avec Moov Money ?,Est-ce que Online Store Gabon accepte Moov Money ? | Puis-je payer chez Online Store Gabon avec Moov Money ? | marchand online store gabon,Online Store Gabon est listé comme partenaire Moov Money Online dans la catégorie E-commerce.,Online Store Gabon est listé comme partenaire Moov Money Online dans la catégorie E-commerce. | Channel: Moov Money Online | Merchant category: E-commerce | Location: Non précisé,,,,,,Moov Money Online,,,,"Moov Money Online, Online Store Gabon, paiement_online, E-commerce",fr,https://moovmoney.ga/moov-money-online-client/,Online Store Gabon,2026-07-21,0.95,Official public source
KB0335,merchant,paiement_online,Moov Money Online,,Gounasse PK18,Puis-je payer chez Gounasse PK18 avec Moov Money ?,Est-ce que Gounasse PK18 accepte Moov Money ? | Puis-je payer chez Gounasse PK18 avec Moov Money ? | marchand gounasse pk18,Gounasse PK18 est listé comme partenaire Moov Money Online dans la catégorie Alimentation.,Gounasse PK18 est listé comme partenaire Moov Money Online dans la catégorie Alimentation. | Channel: Moov Money Online | Merchant category: Alimentation | Location: PK18,,,,,,Moov Money Online,,,,"Moov Money Online, Gounasse PK18, paiement_online, Alimentation",fr,https://moovmoney.ga/moov-money-online-client/,Gounasse PK18,2026-07-21,0.95,Official public source
KB0336,merchant,paiement_online,Moov Money Online,,Tamboura Angondje,Puis-je payer chez Tamboura Angondje avec Moov Money ?,Est-ce que Tamboura Angondje accepte Moov Money ? | Puis-je payer chez Tamboura Angondje avec Moov Money ? | marchand tamboura angondje,Tamboura Angondje est listé comme partenaire Moov Money Online dans la catégorie Alimentation.,Tamboura Angondje est listé comme partenaire Moov Money Online dans la catégorie Alimentation. | Channel: Moov Money Online | Merchant category: Alimentation | Location: Angondje,,,,,,Moov Money Online,,,,"Moov Money Online, Tamboura Angondje, paiement_online, Alimentation",fr,https://moovmoney.ga/moov-money-online-client/,Tamboura Angondje,2026-07-21,0.95,Official public source
KB0337,merchant,paiement_online,Moov Money Online,,Oumar Angondje,Puis-je payer chez Oumar Angondje avec Moov Money ?,Est-ce que Oumar Angondje accepte Moov Money ? | Puis-je payer chez Oumar Angondje avec Moov Money ? | marchand oumar angondje,Oumar Angondje est listé comme partenaire Moov Money Online dans la catégorie Alimentation.,Oumar Angondje est listé comme partenaire Moov Money Online dans la catégorie Alimentation. | Channel: Moov Money Online | Merchant category: Alimentation | Location: Angondje,,,,,,Moov Money Online,,,,"Moov Money Online, Oumar Angondje, paiement_online, Alimentation",fr,https://moovmoney.ga/moov-money-online-client/,Oumar Angondje,2026-07-21,0.95,Official public source
KB0338,merchant,paiement_online,Moov Money Online,,Supérette Le Campagnard,Puis-je payer chez Supérette Le Campagnard avec Moov Money ?,Est-ce que Supérette Le Campagnard accepte Moov Money ? | Puis-je payer chez Supérette Le Campagnard avec Moov Money ? | marchand superette le campagnard,Supérette Le Campagnard est listé comme partenaire Moov Money Online dans la catégorie Alimentation.,Supérette Le Campagnard est listé comme partenaire Moov Money Online dans la catégorie Alimentation. | Channel: Moov Money Online | Merchant category: Alimentation | Location: Centre-ville,,,,,,Moov Money Online,,,,"Moov Money Online, Supérette Le Campagnard, paiement_online, Alimentation",fr,https://moovmoney.ga/moov-money-online-client/,Supérette Le Campagnard,2026-07-21,0.95,Official public source
KB0339,merchant,paiement_online,Moov Money Online,,Sitimobile,Puis-je payer chez Sitimobile avec Moov Money ?,Est-ce que Sitimobile accepte Moov Money ? | Puis-je payer chez Sitimobile avec Moov Money ? | marchand sitimobile,Sitimobile est listé comme partenaire Moov Money Online dans la catégorie Télécom.,Sitimobile est listé comme partenaire Moov Money Online dans la catégorie Télécom. | Channel: Moov Money Online | Merchant category: Télécom | Location: Non précisé,,,,,,Moov Money Online,,,,"Moov Money Online, Sitimobile, paiement_online, Télécom",fr,https://moovmoney.ga/moov-money-online-client/,Sitimobile,2026-07-21,0.95,Official public source
KB0340,merchant,paiement_online,Moov Money Online,,Goueme Telecom,Puis-je payer chez Goueme Telecom avec Moov Money ?,Est-ce que Goueme Telecom accepte Moov Money ? | Puis-je payer chez Goueme Telecom avec Moov Money ? | marchand goueme telecom,Goueme Telecom est listé comme partenaire Moov Money Online dans la catégorie Télécom.,Goueme Telecom est listé comme partenaire Moov Money Online dans la catégorie Télécom. | Channel: Moov Money Online | Merchant category: Télécom | Location: Angondje,,,,,,Moov Money Online,,,,"Moov Money Online, Goueme Telecom, paiement_online, Télécom",fr,https://moovmoney.ga/moov-money-online-client/,Goueme Telecom,2026-07-21,0.95,Official public source
KB0341,merchant,paiement_online,Moov Money Online,,En Vogue,Puis-je payer chez En Vogue avec Moov Money ?,Est-ce que En Vogue accepte Moov Money ? | Puis-je payer chez En Vogue avec Moov Money ? | marchand en vogue,En Vogue est listé comme partenaire Moov Money Online dans la catégorie Habillement.,En Vogue est listé comme partenaire Moov Money Online dans la catégorie Habillement. | Channel: Moov Money Online | Merchant category: Habillement | Location: Mont-Bouët,,,,,,Moov Money Online,,,,"Moov Money Online, En Vogue, paiement_online, Habillement",fr,https://moovmoney.ga/moov-money-online-client/,En Vogue,2026-07-21,0.95,Official public source
KB0342,merchant,paiement_online,Moov Money Online,,Adams Shopping,Puis-je payer chez Adams Shopping avec Moov Money ?,Est-ce que Adams Shopping accepte Moov Money ? | Puis-je payer chez Adams Shopping avec Moov Money ? | marchand adams shopping,Adams Shopping est listé comme partenaire Moov Money Online dans la catégorie Habillement.,Adams Shopping est listé comme partenaire Moov Money Online dans la catégorie Habillement. | Channel: Moov Money Online | Merchant category: Habillement | Location: Nkembo,,,,,,Moov Money Online,,"Never request or disclose a PIN, password, OTP, or biometric data. The user must verify transaction details and confirm only through the secure Moov Money flow.",,"Moov Money Online, Adams Shopping, paiement_online, Habillement",fr,https://moovmoney.ga/moov-money-online-client/,Adams Shopping,2026-07-21,0.95,Official public source
KB0343,merchant,paiement_online,Moov Money Online,,La Sape,Puis-je payer chez La Sape avec Moov Money ?,Est-ce que La Sape accepte Moov Money ? | Puis-je payer chez La Sape avec Moov Money ? | marchand la sape,La Sape est listé comme partenaire Moov Money Online dans la catégorie Habillement.,La Sape est listé comme partenaire Moov Money Online dans la catégorie Habillement. | Channel: Moov Money Online | Merchant category: Habillement | Location: Lalala Dakar,,,,,,Moov Money Online,,,,"Moov Money Online, La Sape, paiement_online, Habillement",fr,https://moovmoney.ga/moov-money-online-client/,La Sape,2026-07-21,0.95,Official public source
KB0344,merchant,paiement_online,Moov Money Online,,Luna Voyages,Puis-je payer chez Luna Voyages avec Moov Money ?,Est-ce que Luna Voyages accepte Moov Money ? | Puis-je payer chez Luna Voyages avec Moov Money ? | marchand luna voyages,Luna Voyages est listé comme partenaire Moov Money Online dans la catégorie Voyage.,Luna Voyages est listé comme partenaire Moov Money Online dans la catégorie Voyage. | Channel: Moov Money Online | Merchant category: Voyage | Location: Charbonnages,,,,,,Moov Money Online,,,,"Moov Money Online, Luna Voyages, paiement_online, Voyage",fr,https://moovmoney.ga/moov-money-online-client/,Luna Voyages,2026-07-21,0.95,Official public source
KB0345,merchant,paiement_online,Moov Money Online,,Grace Services,Puis-je payer chez Grace Services avec Moov Money ?,Est-ce que Grace Services accepte Moov Money ? | Puis-je payer chez Grace Services avec Moov Money ? | marchand grace services,Grace Services est listé comme partenaire Moov Money Online dans la catégorie Voyage.,Grace Services est listé comme partenaire Moov Money Online dans la catégorie Voyage. | Channel: Moov Money Online | Merchant category: Voyage | Location: Okala,,,,,,Moov Money Online,,,,"Moov Money Online, Grace Services, paiement_online, Voyage",fr,https://moovmoney.ga/moov-money-online-client/,Grace Services,2026-07-21,0.95,Official public source
KB0346,merchant,paiement_online,Moov Money Online,,Ngomes,Puis-je payer chez Ngomes avec Moov Money ?,Est-ce que Ngomes accepte Moov Money ? | Puis-je payer chez Ngomes avec Moov Money ? | marchand ngomes,Ngomes est listé comme partenaire Moov Money Online dans la catégorie Services.,Ngomes est listé comme partenaire Moov Money Online dans la catégorie Services. | Channel: Moov Money Online | Merchant category: Services | Location: Angondje,,,,,,Moov Money Online,,,,"Moov Money Online, Ngomes, paiement_online, Services",fr,https://moovmoney.ga/moov-money-online-client/,Ngomes,2026-07-21,0.95,Official public source
KB0347,merchant,paiement_online,Moov Money Online,,Ouedraogo Services,Puis-je payer chez Ouedraogo Services avec Moov Money ?,Est-ce que Ouedraogo Services accepte Moov Money ? | Puis-je payer chez Ouedraogo Services avec Moov Money ? | marchand ouedraogo services,Ouedraogo Services est listé comme partenaire Moov Money Online dans la catégorie Services.,Ouedraogo Services est listé comme partenaire Moov Money Online dans la catégorie Services. | Channel: Moov Money Online | Merchant category: Services | Location: Okala,,,,,,Moov Money Online,,,,"Moov Money Online, Ouedraogo Services, paiement_online, Services",fr,https://moovmoney.ga/moov-money-online-client/,Ouedraogo Services,2026-07-21,0.95,Official public source
KB0348,merchant,paiement_online,Moov Money Online,,Ogoouescience,Puis-je payer chez Ogoouescience avec Moov Money ?,Est-ce que Ogoouescience accepte Moov Money ? | Puis-je payer chez Ogoouescience avec Moov Money ? | marchand ogoouescience,Ogoouescience est listé comme partenaire Moov Money Online dans la catégorie Services.,Ogoouescience est listé comme partenaire Moov Money Online dans la catégorie Services. | Channel: Moov Money Online | Merchant category: Services | Location: Non précisé,,,,,,Moov Money Online,,,,"Moov Money Online, Ogoouescience, paiement_online, Services",fr,https://moovmoney.ga/moov-money-online-client/,Ogoouescience,2026-07-21,0.95,Official public source
KB0349,merchant,paiement_online,Moov Money Online,,Le Point du Jour,Puis-je payer chez Le Point du Jour avec Moov Money ?,Est-ce que Le Point du Jour accepte Moov Money ? | Puis-je payer chez Le Point du Jour avec Moov Money ? | marchand le point du jour,Le Point du Jour est listé comme partenaire Moov Money Online dans la catégorie Presse.,Le Point du Jour est listé comme partenaire Moov Money Online dans la catégorie Presse. | Channel: Moov Money Online | Merchant category: Presse | Location: Cité Damas,,,,,,Moov Money Online,,,,"Moov Money Online, Le Point du Jour, paiement_online, Presse",fr,https://moovmoney.ga/moov-money-online-client/,Le Point du Jour,2026-07-21,0.95,Official public source
KB0350,merchant,paiement_online,Moov Money Online,,La Peyrie,Puis-je payer chez La Peyrie avec Moov Money ?,Est-ce que La Peyrie accepte Moov Money ? | Puis-je payer chez La Peyrie avec Moov Money ? | marchand la peyrie,La Peyrie est listé comme partenaire Moov Money Online dans la catégorie Microfinance.,La Peyrie est listé comme partenaire Moov Money Online dans la catégorie Microfinance. | Channel: Moov Money Online | Merchant category: Microfinance | Location: La Peyrie,,,,,,Moov Money Online,,,,"Moov Money Online, La Peyrie, paiement_online, Microfinance",fr,https://moovmoney.ga/moov-money-online-client/,La Peyrie,2026-07-21,0.95,Official public source
KB0351,merchant,paiement_online,Moov Money Online,,Interaxis,Puis-je payer chez Interaxis avec Moov Money ?,Est-ce que Interaxis accepte Moov Money ? | Puis-je payer chez Interaxis avec Moov Money ? | marchand interaxis,Interaxis est listé comme partenaire Moov Money Online dans la catégorie Assurance.,Interaxis est listé comme partenaire Moov Money Online dans la catégorie Assurance. | Channel: Moov Money Online | Merchant category: Assurance | Location: Non précisé,,,,,,Moov Money Online,,,,"Moov Money Online, Interaxis, paiement_online, Assurance",fr,https://moovmoney.ga/moov-money-online-client/,Interaxis,2026-07-21,0.95,Official public source
KB0352,merchant,paiement_payxpress,PayXpress,,Idiora,Puis-je payer chez Idiora avec Moov Money ?,Est-ce que Idiora accepte Moov Money ? | Puis-je payer chez Idiora avec Moov Money ? | marchand idiora,Idiora est listé comme partenaire PayXpress dans la catégorie Restaurant.,Idiora est listé comme partenaire PayXpress dans la catégorie Restaurant. | Channel: PayXpress | Merchant category: Restaurant | Location: Mbolo / Majestic,,,,,,PayXpress,,,,"PayXpress, Idiora, paiement_payxpress, Restaurant",fr,https://moovmoney.ga/payxpress-client/,Idiora,2026-07-21,0.95,Official public source
KB0353,merchant,paiement_payxpress,PayXpress,,La Piazza,Puis-je payer chez La Piazza avec Moov Money ?,Est-ce que La Piazza accepte Moov Money ? | Puis-je payer chez La Piazza avec Moov Money ? | marchand la piazza,La Piazza est listé comme partenaire PayXpress dans la catégorie Restaurant.,La Piazza est listé comme partenaire PayXpress dans la catégorie Restaurant. | Channel: PayXpress | Merchant category: Restaurant | Location: Glass,,,,,,PayXpress,,,,"PayXpress, La Piazza, paiement_payxpress, Restaurant",fr,https://moovmoney.ga/payxpress-client/,La Piazza,2026-07-21,0.95,Official public source
KB0354,merchant,paiement_payxpress,PayXpress,,Le Calypso,Puis-je payer chez Le Calypso avec Moov Money ?,Est-ce que Le Calypso accepte Moov Money ? | Puis-je payer chez Le Calypso avec Moov Money ? | marchand le calypso,Le Calypso est listé comme partenaire PayXpress dans la catégorie Restaurant.,Le Calypso est listé comme partenaire PayXpress dans la catégorie Restaurant. | Channel: PayXpress | Merchant category: Restaurant | Location: Louis,,,,,,PayXpress,,,,"PayXpress, Le Calypso, paiement_payxpress, Restaurant",fr,https://moovmoney.ga/payxpress-client/,Le Calypso,2026-07-21,0.95,Official public source
KB0355,merchant,paiement_payxpress,PayXpress,,L’Emir,Puis-je payer chez L’Emir avec Moov Money ?,Est-ce que L’Emir accepte Moov Money ? | Puis-je payer chez L’Emir avec Moov Money ? | marchand l’emir,L’Emir est listé comme partenaire PayXpress dans la catégorie Restaurant.,L’Emir est listé comme partenaire PayXpress dans la catégorie Restaurant. | Channel: PayXpress | Merchant category: Restaurant | Location: Centre-ville,,,,,,PayXpress,,,,"PayXpress, L’Emir, paiement_payxpress, Restaurant",fr,https://moovmoney.ga/payxpress-client/,L’Emir,2026-07-21,0.95,Official public source
KB0356,merchant,paiement_payxpress,PayXpress,,Centr’Affaires Distribution,Puis-je payer chez Centr’Affaires Distribution avec Moov Money ?,Est-ce que Centr’Affaires Distribution accepte Moov Money ? | Puis-je payer chez Centr’Affaires Distribution avec Moov Money ? | marchand centr’affaires distribution,Centr’Affaires Distribution est listé comme partenaire PayXpress dans la catégorie Boutique/électronique.,Centr’Affaires Distribution est listé comme partenaire PayXpress dans la catégorie Boutique/électronique. | Channel: PayXpress | Merchant category: Boutique/électronique | Location: Non précisé,,,,,,PayXpress,,,,"PayXpress, Centr’Affaires Distribution, paiement_payxpress, Boutique/électronique",fr,https://moovmoney.ga/payxpress-client/,Centr’Affaires Distribution,2026-07-21,0.95,Official public source
KB0357,merchant,paiement_payxpress,PayXpress,,Disco Type,Puis-je payer chez Disco Type avec Moov Money ?,Est-ce que Disco Type accepte Moov Money ? | Puis-je payer chez Disco Type avec Moov Money ? | marchand disco type,Disco Type est listé comme partenaire PayXpress dans la catégorie Boutique/électronique.,Disco Type est listé comme partenaire PayXpress dans la catégorie Boutique/électronique. | Channel: PayXpress | Merchant category: Boutique/électronique | Location: Non précisé,,,,,,PayXpress,,,,"PayXpress, Disco Type, paiement_payxpress, Boutique/électronique",fr,https://moovmoney.ga/payxpress-client/,Disco Type,2026-07-21,0.95,Official public source
KB0358,merchant,paiement_payxpress,PayXpress,,Electro Lux,Puis-je payer chez Electro Lux avec Moov Money ?,Est-ce que Electro Lux accepte Moov Money ? | Puis-je payer chez Electro Lux avec Moov Money ? | marchand electro lux,Electro Lux est listé comme partenaire PayXpress dans la catégorie Boutique/électronique.,Electro Lux est listé comme partenaire PayXpress dans la catégorie Boutique/électronique. | Channel: PayXpress | Merchant category: Boutique/électronique | Location: Non précisé,,,,,,PayXpress,,,,"PayXpress, Electro Lux, paiement_payxpress, Boutique/électronique",fr,https://moovmoney.ga/payxpress-client/,Electro Lux,2026-07-21,0.95,Official public source
KB0359,merchant,paiement_payxpress,PayXpress,,En Vogue,Puis-je payer chez En Vogue avec Moov Money ?,Est-ce que En Vogue accepte Moov Money ? | Puis-je payer chez En Vogue avec Moov Money ? | marchand en vogue,En Vogue est listé comme partenaire PayXpress dans la catégorie Boutique/électronique.,En Vogue est listé comme partenaire PayXpress dans la catégorie Boutique/électronique. | Channel: PayXpress | Merchant category: Boutique/électronique | Location: Mont-Bouët,,,,,,PayXpress,,,,"PayXpress, En Vogue, paiement_payxpress, Boutique/électronique",fr,https://moovmoney.ga/payxpress-client/,En Vogue,2026-07-21,0.95,Official public source
KB0360,merchant,paiement_payxpress,PayXpress,,Nassirou Gabon,Puis-je payer chez Nassirou Gabon avec Moov Money ?,Est-ce que Nassirou Gabon accepte Moov Money ? | Puis-je payer chez Nassirou Gabon avec Moov Money ? | marchand nassirou gabon,Nassirou Gabon est listé comme partenaire PayXpress dans la catégorie Boutique/électronique.,Nassirou Gabon est listé comme partenaire PayXpress dans la catégorie Boutique/électronique. | Channel: PayXpress | Merchant category: Boutique/électronique | Location: Non précisé,,,,,,PayXpress,,,,"PayXpress, Nassirou Gabon, paiement_payxpress, Boutique/électronique",fr,https://moovmoney.ga/payxpress-client/,Nassirou Gabon,2026-07-21,0.95,Official public source
KB0361,merchant,paiement_payxpress,PayXpress,,Sana Electronic,Puis-je payer chez Sana Electronic avec Moov Money ?,Est-ce que Sana Electronic accepte Moov Money ? | Puis-je payer chez Sana Electronic avec Moov Money ? | marchand sana electronic,Sana Electronic est listé comme partenaire PayXpress dans la catégorie Boutique/électronique.,Sana Electronic est listé comme partenaire PayXpress dans la catégorie Boutique/électronique. | Channel: PayXpress | Merchant category: Boutique/électronique | Location: Non précisé,,,,,,PayXpress,,,,"PayXpress, Sana Electronic, paiement_payxpress, Boutique/électronique",fr,https://moovmoney.ga/payxpress-client/,Sana Electronic,2026-07-21,0.95,Official public source
KB0362,merchant,paiement_payxpress,PayXpress,,Société Glamour,Puis-je payer chez Société Glamour avec Moov Money ?,Est-ce que Société Glamour accepte Moov Money ? | Puis-je payer chez Société Glamour avec Moov Money ? | marchand societe glamour,Société Glamour est listé comme partenaire PayXpress dans la catégorie Boutique/électronique.,Société Glamour est listé comme partenaire PayXpress dans la catégorie Boutique/électronique. | Channel: PayXpress | Merchant category: Boutique/électronique | Location: Non précisé,,,,,,PayXpress,,,,"PayXpress, Société Glamour, paiement_payxpress, Boutique/électronique",fr,https://moovmoney.ga/payxpress-client/,Société Glamour,2026-07-21,0.95,Official public source
KB0363,merchant,paiement_payxpress,PayXpress,,Gounasse PK18,Puis-je payer chez Gounasse PK18 avec Moov Money ?,Est-ce que Gounasse PK18 accepte Moov Money ? | Puis-je payer chez Gounasse PK18 avec Moov Money ? | marchand gounasse pk18,Gounasse PK18 est listé comme partenaire PayXpress dans la catégorie Alimentation.,Gounasse PK18 est listé comme partenaire PayXpress dans la catégorie Alimentation. | Channel: PayXpress | Merchant category: Alimentation | Location: PK18,,,,,,PayXpress,,,,"PayXpress, Gounasse PK18, paiement_payxpress, Alimentation",fr,https://moovmoney.ga/payxpress-client/,Gounasse PK18,2026-07-21,0.95,Official public source
KB0364,merchant,paiement_payxpress,PayXpress,,Tamboura Angondje,Puis-je payer chez Tamboura Angondje avec Moov Money ?,Est-ce que Tamboura Angondje accepte Moov Money ? | Puis-je payer chez Tamboura Angondje avec Moov Money ? | marchand tamboura angondje,Tamboura Angondje est listé comme partenaire PayXpress dans la catégorie Alimentation.,Tamboura Angondje est listé comme partenaire PayXpress dans la catégorie Alimentation. | Channel: PayXpress | Merchant category: Alimentation | Location: Angondje,,,,,,PayXpress,,,,"PayXpress, Tamboura Angondje, paiement_payxpress, Alimentation",fr,https://moovmoney.ga/payxpress-client/,Tamboura Angondje,2026-07-21,0.95,Official public source
KB0365,merchant,paiement_payxpress,PayXpress,,Oumar Angondje,Puis-je payer chez Oumar Angondje avec Moov Money ?,Est-ce que Oumar Angondje accepte Moov Money ? | Puis-je payer chez Oumar Angondje avec Moov Money ? | marchand oumar angondje,Oumar Angondje est listé comme partenaire PayXpress dans la catégorie Alimentation.,Oumar Angondje est listé comme partenaire PayXpress dans la catégorie Alimentation. | Channel: PayXpress | Merchant category: Alimentation | Location: Angondje,,,,,,PayXpress,,,,"PayXpress, Oumar Angondje, paiement_payxpress, Alimentation",fr,https://moovmoney.ga/payxpress-client/,Oumar Angondje,2026-07-21,0.95,Official public source
KB0366,merchant,paiement_payxpress,PayXpress,,Supérette Le Campagnard,Puis-je payer chez Supérette Le Campagnard avec Moov Money ?,Est-ce que Supérette Le Campagnard accepte Moov Money ? | Puis-je payer chez Supérette Le Campagnard avec Moov Money ? | marchand superette le campagnard,Supérette Le Campagnard est listé comme partenaire PayXpress dans la catégorie Alimentation.,Supérette Le Campagnard est listé comme partenaire PayXpress dans la catégorie Alimentation. | Channel: PayXpress | Merchant category: Alimentation | Location: Centre-ville,,,,,,PayXpress,,,,"PayXpress, Supérette Le Campagnard, paiement_payxpress, Alimentation",fr,https://moovmoney.ga/payxpress-client/,Supérette Le Campagnard,2026-07-21,0.95,Official public source
KB0367,merchant,paiement_payxpress,PayXpress,,Sitimobile,Puis-je payer chez Sitimobile avec Moov Money ?,Est-ce que Sitimobile accepte Moov Money ? | Puis-je payer chez Sitimobile avec Moov Money ? | marchand sitimobile,Sitimobile est listé comme partenaire PayXpress dans la catégorie Télécom.,Sitimobile est listé comme partenaire PayXpress dans la catégorie Télécom. | Channel: PayXpress | Merchant category: Télécom | Location: Non précisé,,,,,,PayXpress,,,,"PayXpress, Sitimobile, paiement_payxpress, Télécom",fr,https://moovmoney.ga/payxpress-client/,Sitimobile,2026-07-21,0.95,Official public source
KB0368,merchant,paiement_payxpress,PayXpress,,Goueme Telecom,Puis-je payer chez Goueme Telecom avec Moov Money ?,Est-ce que Goueme Telecom accepte Moov Money ? | Puis-je payer chez Goueme Telecom avec Moov Money ? | marchand goueme telecom,Goueme Telecom est listé comme partenaire PayXpress dans la catégorie Télécom.,Goueme Telecom est listé comme partenaire PayXpress dans la catégorie Télécom. | Channel: PayXpress | Merchant category: Télécom | Location: Angondje,,,,,,PayXpress,,,,"PayXpress, Goueme Telecom, paiement_payxpress, Télécom",fr,https://moovmoney.ga/payxpress-client/,Goueme Telecom,2026-07-21,0.95,Official public source
KB0369,merchant,paiement_payxpress,PayXpress,,En Vogue,Puis-je payer chez En Vogue avec Moov Money ?,Est-ce que En Vogue accepte Moov Money ? | Puis-je payer chez En Vogue avec Moov Money ? | marchand en vogue,En Vogue est listé comme partenaire PayXpress dans la catégorie Habillement.,En Vogue est listé comme partenaire PayXpress dans la catégorie Habillement. | Channel: PayXpress | Merchant category: Habillement | Location: Mont-Bouët,,,,,,PayXpress,,,,"PayXpress, En Vogue, paiement_payxpress, Habillement",fr,https://moovmoney.ga/payxpress-client/,En Vogue,2026-07-21,0.95,Official public source
KB0370,merchant,paiement_payxpress,PayXpress,,Adams Shopping,Puis-je payer chez Adams Shopping avec Moov Money ?,Est-ce que Adams Shopping accepte Moov Money ? | Puis-je payer chez Adams Shopping avec Moov Money ? | marchand adams shopping,Adams Shopping est listé comme partenaire PayXpress dans la catégorie Habillement.,Adams Shopping est listé comme partenaire PayXpress dans la catégorie Habillement. | Channel: PayXpress | Merchant category: Habillement | Location: Nkembo,,,,,,PayXpress,,"Never request or disclose a PIN, password, OTP, or biometric data. The user must verify transaction details and confirm only through the secure Moov Money flow.",,"PayXpress, Adams Shopping, paiement_payxpress, Habillement",fr,https://moovmoney.ga/payxpress-client/,Adams Shopping,2026-07-21,0.95,Official public source
KB0371,merchant,paiement_payxpress,PayXpress,,La Sape,Puis-je payer chez La Sape avec Moov Money ?,Est-ce que La Sape accepte Moov Money ? | Puis-je payer chez La Sape avec Moov Money ? | marchand la sape,La Sape est listé comme partenaire PayXpress dans la catégorie Habillement.,La Sape est listé comme partenaire PayXpress dans la catégorie Habillement. | Channel: PayXpress | Merchant category: Habillement | Location: Lalala Dakar,,,,,,PayXpress,,,,"PayXpress, La Sape, paiement_payxpress, Habillement",fr,https://moovmoney.ga/payxpress-client/,La Sape,2026-07-21,0.95,Official public source
KB0372,merchant,paiement_payxpress,PayXpress,,Luna Voyages,Puis-je payer chez Luna Voyages avec Moov Money ?,Est-ce que Luna Voyages accepte Moov Money ? | Puis-je payer chez Luna Voyages avec Moov Money ? | marchand luna voyages,Luna Voyages est listé comme partenaire PayXpress dans la catégorie Voyage.,Luna Voyages est listé comme partenaire PayXpress dans la catégorie Voyage. | Channel: PayXpress | Merchant category: Voyage | Location: Charbonnages,,,,,,PayXpress,,,,"PayXpress, Luna Voyages, paiement_payxpress, Voyage",fr,https://moovmoney.ga/payxpress-client/,Luna Voyages,2026-07-21,0.95,Official public source
KB0373,merchant,paiement_payxpress,PayXpress,,Grace Services,Puis-je payer chez Grace Services avec Moov Money ?,Est-ce que Grace Services accepte Moov Money ? | Puis-je payer chez Grace Services avec Moov Money ? | marchand grace services,Grace Services est listé comme partenaire PayXpress dans la catégorie Voyage.,Grace Services est listé comme partenaire PayXpress dans la catégorie Voyage. | Channel: PayXpress | Merchant category: Voyage | Location: Okala,,,,,,PayXpress,,,,"PayXpress, Grace Services, paiement_payxpress, Voyage",fr,https://moovmoney.ga/payxpress-client/,Grace Services,2026-07-21,0.95,Official public source
KB0374,merchant,paiement_payxpress,PayXpress,,La Peyrie,Puis-je payer chez La Peyrie avec Moov Money ?,Est-ce que La Peyrie accepte Moov Money ? | Puis-je payer chez La Peyrie avec Moov Money ? | marchand la peyrie,La Peyrie est listé comme partenaire PayXpress dans la catégorie Microfinance.,La Peyrie est listé comme partenaire PayXpress dans la catégorie Microfinance. | Channel: PayXpress | Merchant category: Microfinance | Location: La Peyrie,,,,,,PayXpress,,,,"PayXpress, La Peyrie, paiement_payxpress, Microfinance",fr,https://moovmoney.ga/payxpress-client/,La Peyrie,2026-07-21,0.95,Official public source
KB0375,merchant,paiement_payxpress,PayXpress,,Ngomes,Puis-je payer chez Ngomes avec Moov Money ?,Est-ce que Ngomes accepte Moov Money ? | Puis-je payer chez Ngomes avec Moov Money ? | marchand ngomes,Ngomes est listé comme partenaire PayXpress dans la catégorie Services.,Ngomes est listé comme partenaire PayXpress dans la catégorie Services. | Channel: PayXpress | Merchant category: Services | Location: Angondje,,,,,,PayXpress,,,,"PayXpress, Ngomes, paiement_payxpress, Services",fr,https://moovmoney.ga/payxpress-client/,Ngomes,2026-07-21,0.95,Official public source
KB0376,merchant,paiement_payxpress,PayXpress,,Ouedraogo Services,Puis-je payer chez Ouedraogo Services avec Moov Money ?,Est-ce que Ouedraogo Services accepte Moov Money ? | Puis-je payer chez Ouedraogo Services avec Moov Money ? | marchand ouedraogo services,Ouedraogo Services est listé comme partenaire PayXpress dans la catégorie Services.,Ouedraogo Services est listé comme partenaire PayXpress dans la catégorie Services. | Channel: PayXpress | Merchant category: Services | Location: Okala,,,,,,PayXpress,,,,"PayXpress, Ouedraogo Services, paiement_payxpress, Services",fr,https://moovmoney.ga/payxpress-client/,Ouedraogo Services,2026-07-21,0.95,Official public source
KB0377,merchant,paiement_payxpress,PayXpress,,Ogoouescience,Puis-je payer chez Ogoouescience avec Moov Money ?,Est-ce que Ogoouescience accepte Moov Money ? | Puis-je payer chez Ogoouescience avec Moov Money ? | marchand ogoouescience,Ogoouescience est listé comme partenaire PayXpress dans la catégorie Services.,Ogoouescience est listé comme partenaire PayXpress dans la catégorie Services. | Channel: PayXpress | Merchant category: Services | Location: Non précisé,,,,,,PayXpress,,,,"PayXpress, Ogoouescience, paiement_payxpress, Services",fr,https://moovmoney.ga/payxpress-client/,Ogoouescience,2026-07-21,0.95,Official public source
KB0378,merchant,paiement_payxpress,PayXpress,,Le Point du Jour,Puis-je payer chez Le Point du Jour avec Moov Money ?,Est-ce que Le Point du Jour accepte Moov Money ? | Puis-je payer chez Le Point du Jour avec Moov Money ? | marchand le point du jour,Le Point du Jour est listé comme partenaire PayXpress dans la catégorie Presse.,Le Point du Jour est listé comme partenaire PayXpress dans la catégorie Presse. | Channel: PayXpress | Merchant category: Presse | Location: Cité Damas,,,,,,PayXpress,,,,"PayXpress, Le Point du Jour, paiement_payxpress, Presse",fr,https://moovmoney.ga/payxpress-client/,Le Point du Jour,2026-07-21,0.95,Official public source
KB0379,merchant,paiement_payxpress,PayXpress,,Interaxis Libreville,Puis-je payer chez Interaxis Libreville avec Moov Money ?,Est-ce que Interaxis Libreville accepte Moov Money ? | Puis-je payer chez Interaxis Libreville avec Moov Money ? | marchand interaxis libreville,Interaxis Libreville est listé comme partenaire PayXpress dans la catégorie Assurance.,Interaxis Libreville est listé comme partenaire PayXpress dans la catégorie Assurance. | Channel: PayXpress | Merchant category: Assurance | Location: Nombakélé,,,,,,PayXpress,,,,"PayXpress, Interaxis Libreville, paiement_payxpress, Assurance",fr,https://moovmoney.ga/payxpress-client/,Interaxis Libreville,2026-07-21,0.95,Official public source
KB0380,merchant,paiement_payxpress,PayXpress,,Interaxis Koulamoutou,Puis-je payer chez Interaxis Koulamoutou avec Moov Money ?,Est-ce que Interaxis Koulamoutou accepte Moov Money ? | Puis-je payer chez Interaxis Koulamoutou avec Moov Money ? | marchand interaxis koulamoutou,Interaxis Koulamoutou est listé comme partenaire PayXpress dans la catégorie Assurance.,Interaxis Koulamoutou est listé comme partenaire PayXpress dans la catégorie Assurance. | Channel: PayXpress | Merchant category: Assurance | Location: Centre-ville,,,,,,PayXpress,,,,"PayXpress, Interaxis Koulamoutou, paiement_payxpress, Assurance",fr,https://moovmoney.ga/payxpress-client/,Interaxis Koulamoutou,2026-07-21,0.95,Official public source
KB0381,merchant,paiement_payxpress,PayXpress,,Livre+,Puis-je payer chez Livre+ avec Moov Money ?,Est-ce que Livre+ accepte Moov Money ? | Puis-je payer chez Livre+ avec Moov Money ? | marchand livre+,Livre+ est listé comme partenaire PayXpress dans la catégorie Librairie.,Livre+ est listé comme partenaire PayXpress dans la catégorie Librairie. | Channel: PayXpress | Merchant category: Librairie | Location: Glass,,,,,,PayXpress,,,,"PayXpress, Livre+, paiement_payxpress, Librairie",fr,https://moovmoney.ga/payxpress-client/,Livre+,2026-07-21,0.95,Official public source
KB0382,merchant,paiement_payxpress,PayXpress,,GIPA,Puis-je payer chez GIPA avec Moov Money ?,Est-ce que GIPA accepte Moov Money ? | Puis-je payer chez GIPA avec Moov Money ? | marchand gipa,GIPA est listé comme partenaire PayXpress dans la catégorie Librairie.,GIPA est listé comme partenaire PayXpress dans la catégorie Librairie. | Channel: PayXpress | Merchant category: Librairie | Location: Centre-ville,,,,,,PayXpress,,,,"PayXpress, GIPA, paiement_payxpress, Librairie",fr,https://moovmoney.ga/payxpress-client/,GIPA,2026-07-21,0.95,Official public source
KB0383,merchant,devenir_marchand,Marchand Online — partenaires,,Pharmacie Sainte Marie,Puis-je payer chez Pharmacie Sainte Marie avec Moov Money ?,Est-ce que Pharmacie Sainte Marie accepte Moov Money ? | Puis-je payer chez Pharmacie Sainte Marie avec Moov Money ? | marchand pharmacie sainte marie,Pharmacie Sainte Marie est listé comme partenaire Marchand Online — partenaires dans la catégorie Santé.,Pharmacie Sainte Marie est listé comme partenaire Marchand Online — partenaires dans la catégorie Santé. | Channel: Marchand Online — partenaires | Merchant category: Santé | Location: Non précisé,,,,,,Marchand Online — partenaires,,,,"Marchand Online — partenaires, Pharmacie Sainte Marie, devenir_marchand, Santé",fr,https://moovmoney.ga/marchand/moov-money-online-marchand/,Pharmacie Sainte Marie,2026-07-21,0.95,Official public source
KB0384,merchant,devenir_marchand,Marchand Online — partenaires,,Deedo,Puis-je payer chez Deedo avec Moov Money ?,Est-ce que Deedo accepte Moov Money ? | Puis-je payer chez Deedo avec Moov Money ? | marchand deedo,Deedo est listé comme partenaire Marchand Online — partenaires dans la catégorie Musique.,Deedo est listé comme partenaire Marchand Online — partenaires dans la catégorie Musique. | Channel: Marchand Online — partenaires | Merchant category: Musique | Location: Non précisé,,,,,,Marchand Online — partenaires,,,,"Marchand Online — partenaires, Deedo, devenir_marchand, Musique",fr,https://moovmoney.ga/marchand/moov-money-online-marchand/,Deedo,2026-07-21,0.95,Official public source
KB0385,merchant,devenir_marchand,Marchand Online — partenaires,,Bola Service,Puis-je payer chez Bola Service avec Moov Money ?,Est-ce que Bola Service accepte Moov Money ? | Puis-je payer chez Bola Service avec Moov Money ? | marchand bola service,Bola Service est listé comme partenaire Marchand Online — partenaires dans la catégorie Services.,Bola Service est listé comme partenaire Marchand Online — partenaires dans la catégorie Services. | Channel: Marchand Online — partenaires | Merchant category: Services | Location: Non précisé,,,,,,Marchand Online — partenaires,,,,"Marchand Online — partenaires, Bola Service, devenir_marchand, Services",fr,https://moovmoney.ga/marchand/moov-money-online-marchand/,Bola Service,2026-07-21,0.95,Official public source
KB0386,merchant,devenir_marchand,Marchand Online — partenaires,,Wakhanda,Puis-je payer chez Wakhanda avec Moov Money ?,Est-ce que Wakhanda accepte Moov Money ? | Puis-je payer chez Wakhanda avec Moov Money ? | marchand wakhanda,Wakhanda est listé comme partenaire Marchand Online — partenaires dans la catégorie Services.,Wakhanda est listé comme partenaire Marchand Online — partenaires dans la catégorie Services. | Channel: Marchand Online — partenaires | Merchant category: Services | Location: Non précisé,,,,,,Marchand Online — partenaires,,,,"Marchand Online — partenaires, Wakhanda, devenir_marchand, Services",fr,https://moovmoney.ga/marchand/moov-money-online-marchand/,Wakhanda,2026-07-21,0.95,Official public source
KB0387,merchant,devenir_marchand,Marchand Online — partenaires,,BSPTECH,Puis-je payer chez BSPTECH avec Moov Money ?,Est-ce que BSPTECH accepte Moov Money ? | Puis-je payer chez BSPTECH avec Moov Money ? | marchand bsptech,BSPTECH est listé comme partenaire Marchand Online — partenaires dans la catégorie Services.,BSPTECH est listé comme partenaire Marchand Online — partenaires dans la catégorie Services. | Channel: Marchand Online — partenaires | Merchant category: Services | Location: Non précisé,,,,,,Marchand Online — partenaires,,,,"Marchand Online — partenaires, BSPTECH, devenir_marchand, Services",fr,https://moovmoney.ga/marchand/moov-money-online-marchand/,BSPTECH,2026-07-21,0.95,Official public source
KB0388,merchant,devenir_marchand,Marchand Online — partenaires,,Gles William,Puis-je payer chez Gles William avec Moov Money ?,Est-ce que Gles William accepte Moov Money ? | Puis-je payer chez Gles William avec Moov Money ? | marchand gles william,Gles William est listé comme partenaire Marchand Online — partenaires dans la catégorie Services.,Gles William est listé comme partenaire Marchand Online — partenaires dans la catégorie Services. | Channel: Marchand Online — partenaires | Merchant category: Services | Location: Non précisé,,,,,,Marchand Online — partenaires,,,,"Marchand Online — partenaires, Gles William, devenir_marchand, Services",fr,https://moovmoney.ga/marchand/moov-money-online-marchand/,Gles William,2026-07-21,0.95,Official public source
KB0389,merchant,devenir_marchand,Marchand Online — partenaires,,Kinda,Puis-je payer chez Kinda avec Moov Money ?,Est-ce que Kinda accepte Moov Money ? | Puis-je payer chez Kinda avec Moov Money ? | marchand kinda,Kinda est listé comme partenaire Marchand Online — partenaires dans la catégorie Services.,Kinda est listé comme partenaire Marchand Online — partenaires dans la catégorie Services. | Channel: Marchand Online — partenaires | Merchant category: Services | Location: Non précisé,,,,,,Marchand Online — partenaires,,,,"Marchand Online — partenaires, Kinda, devenir_marchand, Services",fr,https://moovmoney.ga/marchand/moov-money-online-marchand/,Kinda,2026-07-21,0.95,Official public source
KB0390,partner,consulter_partenaires,GIMACPAY,,Gabon,Quelle est la relation entre Gabon et ce service Moov Money ?,Gabon est-il couvert par ce service ? | Quel est le rôle de Gabon ? | partenaire gabon,"Gabon est référencé dans le périmètre GIMACPAY, avec le rôle suivant : CEMAC.",Gabon — CEMAC. | Partner type: Pays | Role: CEMAC | Scope: GIMACPAY,,,,,,,,,,"GIMACPAY, Gabon, consulter_partenaires, CEMAC",fr,https://moovmoney.ga/services/interoperabilite-gimacpay/,Gabon,2026-07-21,0.95,Official public source
KB0391,partner,consulter_partenaires,GIMACPAY,,Cameroun,Quelle est la relation entre Cameroun et ce service Moov Money ?,Cameroun est-il couvert par ce service ? | Quel est le rôle de Cameroun ? | partenaire cameroun,"Cameroun est référencé dans le périmètre GIMACPAY, avec le rôle suivant : CEMAC.",Cameroun — CEMAC. | Partner type: Pays | Role: CEMAC | Scope: GIMACPAY,,,,,,,,,,"GIMACPAY, Cameroun, consulter_partenaires, CEMAC",fr,https://moovmoney.ga/services/interoperabilite-gimacpay/,Cameroun,2026-07-21,0.95,Official public source
KB0392,partner,consulter_partenaires,GIMACPAY,,Congo,Quelle est la relation entre Congo et ce service Moov Money ?,Congo est-il couvert par ce service ? | Quel est le rôle de Congo ? | partenaire congo,"Congo est référencé dans le périmètre GIMACPAY, avec le rôle suivant : CEMAC.",Congo — CEMAC. | Partner type: Pays | Role: CEMAC | Scope: GIMACPAY,,,,,,,,,,"GIMACPAY, Congo, consulter_partenaires, CEMAC",fr,https://moovmoney.ga/services/interoperabilite-gimacpay/,Congo,2026-07-21,0.95,Official public source
KB0393,partner,consulter_partenaires,GIMACPAY,,Tchad,Quelle est la relation entre Tchad et ce service Moov Money ?,Tchad est-il couvert par ce service ? | Quel est le rôle de Tchad ? | partenaire tchad,"Tchad est référencé dans le périmètre GIMACPAY, avec le rôle suivant : CEMAC.",Tchad — CEMAC. | Partner type: Pays | Role: CEMAC | Scope: GIMACPAY,,,,,,,,,,"GIMACPAY, Tchad, consulter_partenaires, CEMAC",fr,https://moovmoney.ga/services/interoperabilite-gimacpay/,Tchad,2026-07-21,0.95,Official public source
KB0394,partner,consulter_partenaires,GIMACPAY,,République centrafricaine,Quelle est la relation entre République centrafricaine et ce service Moov Money ?,République centrafricaine est-il couvert par ce service ? | Quel est le rôle de République centrafricaine ? | partenaire republique centrafricaine,"République centrafricaine est référencé dans le périmètre GIMACPAY, avec le rôle suivant : CEMAC.",République centrafricaine — CEMAC. | Partner type: Pays | Role: CEMAC | Scope: GIMACPAY,,,,,,,,,,"GIMACPAY, République centrafricaine, consulter_partenaires, CEMAC",fr,https://moovmoney.ga/services/interoperabilite-gimacpay/,République centrafricaine,2026-07-21,0.95,Official public source
KB0395,partner,consulter_partenaires,GIMACPAY,,Guinée équatoriale,Quelle est la relation entre Guinée équatoriale et ce service Moov Money ?,Guinée équatoriale est-il couvert par ce service ? | Quel est le rôle de Guinée équatoriale ? | partenaire guinee equatoriale,"Guinée équatoriale est référencé dans le périmètre GIMACPAY, avec le rôle suivant : CEMAC.",Guinée équatoriale — CEMAC. | Partner type: Pays | Role: CEMAC | Scope: GIMACPAY,,,,,,,,,,"GIMACPAY, Guinée équatoriale, consulter_partenaires, CEMAC",fr,https://moovmoney.ga/services/interoperabilite-gimacpay/,Guinée équatoriale,2026-07-21,0.95,Official public source
KB0396,partner,consulter_partenaires,GIMACPAY,,Orange Money,Quelle est la relation entre Orange Money et ce service Moov Money ?,Orange Money est-il couvert par ce service ? | Quel est le rôle de Orange Money ? | partenaire orange money,"Orange Money est référencé dans le périmètre GIMACPAY, avec le rôle suivant : Interopérabilité.",Orange Money — Interopérabilité. | Partner type: Opérateur/banque | Role: Interopérabilité | Scope: GIMACPAY,,,,,,,,,,"GIMACPAY, Orange Money, consulter_partenaires, Interopérabilité",fr,https://moovmoney.ga/services/interoperabilite-gimacpay/,Orange Money,2026-07-21,0.95,Official public source
KB0397,partner,consulter_partenaires,GIMACPAY,,MTN,Quelle est la relation entre MTN et ce service Moov Money ?,MTN est-il couvert par ce service ? | Quel est le rôle de MTN ? | partenaire mtn,"MTN est référencé dans le périmètre GIMACPAY, avec le rôle suivant : Interopérabilité.",MTN — Interopérabilité. | Partner type: Opérateur/banque | Role: Interopérabilité | Scope: GIMACPAY,,,,,,,,,,"GIMACPAY, MTN, consulter_partenaires, Interopérabilité",fr,https://moovmoney.ga/services/interoperabilite-gimacpay/,MTN,2026-07-21,0.95,Official public source
KB0398,partner,consulter_partenaires,GIMACPAY,,CBC,Quelle est la relation entre CBC et ce service Moov Money ?,CBC est-il couvert par ce service ? | Quel est le rôle de CBC ? | partenaire cbc,"CBC est référencé dans le périmètre GIMACPAY, avec le rôle suivant : Interopérabilité.",CBC — Interopérabilité. | Partner type: Opérateur/banque | Role: Interopérabilité | Scope: GIMACPAY,,,,,,,,,,"GIMACPAY, CBC, consulter_partenaires, Interopérabilité",fr,https://moovmoney.ga/services/interoperabilite-gimacpay/,CBC,2026-07-21,0.95,Official public source
KB0399,partner,consulter_partenaires,GIMACPAY,,BICEC,Quelle est la relation entre BICEC et ce service Moov Money ?,BICEC est-il couvert par ce service ? | Quel est le rôle de BICEC ? | partenaire bicec,"BICEC est référencé dans le périmètre GIMACPAY, avec le rôle suivant : Interopérabilité.",BICEC — Interopérabilité. | Partner type: Opérateur/banque | Role: Interopérabilité | Scope: GIMACPAY,,,,,,,,,,"GIMACPAY, BICEC, consulter_partenaires, Interopérabilité",fr,https://moovmoney.ga/services/interoperabilite-gimacpay/,BICEC,2026-07-21,0.95,Official public source
KB0400,partner,consulter_partenaires,GIMACPAY,,CCA Bank,Quelle est la relation entre CCA Bank et ce service Moov Money ?,CCA Bank est-il couvert par ce service ? | Quel est le rôle de CCA Bank ? | partenaire cca bank,"CCA Bank est référencé dans le périmètre GIMACPAY, avec le rôle suivant : Interopérabilité.",CCA Bank — Interopérabilité. | Partner type: Opérateur/banque | Role: Interopérabilité | Scope: GIMACPAY,,,,,,,,,,"GIMACPAY, CCA Bank, consulter_partenaires, Interopérabilité",fr,https://moovmoney.ga/services/interoperabilite-gimacpay/,CCA Bank,2026-07-21,0.95,Official public source
KB0401,partner,consulter_partenaires,GIMACPAY,,Express Union Mobile,Quelle est la relation entre Express Union Mobile et ce service Moov Money ?,Express Union Mobile est-il couvert par ce service ? | Quel est le rôle de Express Union Mobile ? | partenaire express union mobile,"Express Union Mobile est référencé dans le périmètre GIMACPAY, avec le rôle suivant : Interopérabilité.",Express Union Mobile — Interopérabilité. | Partner type: Opérateur/banque | Role: Interopérabilité | Scope: GIMACPAY,,,,,,,,,,"GIMACPAY, Express Union Mobile, consulter_partenaires, Interopérabilité",fr,https://moovmoney.ga/services/interoperabilite-gimacpay/,Express Union Mobile,2026-07-21,0.95,Official public source
KB0402,partner,consulter_partenaires,GIMACPAY,,YUP Société Générale,Quelle est la relation entre YUP Société Générale et ce service Moov Money ?,YUP Société Générale est-il couvert par ce service ? | Quel est le rôle de YUP Société Générale ? | partenaire yup societe generale,"YUP Société Générale est référencé dans le périmètre GIMACPAY, avec le rôle suivant : Interopérabilité.",YUP Société Générale — Interopérabilité. | Partner type: Opérateur/banque | Role: Interopérabilité | Scope: GIMACPAY,,,,,,,,,,"GIMACPAY, YUP Société Générale, consulter_partenaires, Interopérabilité",fr,https://moovmoney.ga/services/interoperabilite-gimacpay/,YUP Société Générale,2026-07-21,0.95,Official public source
KB0403,partner,consulter_partenaires,GIMACPAY,,Ananas Money,Quelle est la relation entre Ananas Money et ce service Moov Money ?,Ananas Money est-il couvert par ce service ? | Quel est le rôle de Ananas Money ? | partenaire ananas money,"Ananas Money est référencé dans le périmètre GIMACPAY, avec le rôle suivant : Interopérabilité.",Ananas Money — Interopérabilité. | Partner type: Opérateur/banque | Role: Interopérabilité | Scope: GIMACPAY,,,,,,,,,,"GIMACPAY, Ananas Money, consulter_partenaires, Interopérabilité",fr,https://moovmoney.ga/services/interoperabilite-gimacpay/,Ananas Money,2026-07-21,0.95,Official public source
KB0404,partner,consulter_partenaires,GIMACPAY,,La Régionale,Quelle est la relation entre La Régionale et ce service Moov Money ?,La Régionale est-il couvert par ce service ? | Quel est le rôle de La Régionale ? | partenaire la regionale,"La Régionale est référencé dans le périmètre GIMACPAY, avec le rôle suivant : Interopérabilité.",La Régionale — Interopérabilité. | Partner type: Opérateur/banque | Role: Interopérabilité | Scope: GIMACPAY,,,,,,,,,,"GIMACPAY, La Régionale, consulter_partenaires, Interopérabilité",fr,https://moovmoney.ga/services/interoperabilite-gimacpay/,La Régionale,2026-07-21,0.95,Official public source
KB0405,partner,consulter_partenaires,GIMACPAY,,UBC,Quelle est la relation entre UBC et ce service Moov Money ?,UBC est-il couvert par ce service ? | Quel est le rôle de UBC ? | partenaire ubc,"UBC est référencé dans le périmètre GIMACPAY, avec le rôle suivant : Interopérabilité.",UBC — Interopérabilité. | Partner type: Opérateur/banque | Role: Interopérabilité | Scope: GIMACPAY,,,,,,,,,,"GIMACPAY, UBC, consulter_partenaires, Interopérabilité",fr,https://moovmoney.ga/services/interoperabilite-gimacpay/,UBC,2026-07-21,0.95,Official public source
KB0406,partner,consulter_partenaires,GIMACPAY,,Afriland,Quelle est la relation entre Afriland et ce service Moov Money ?,Afriland est-il couvert par ce service ? | Quel est le rôle de Afriland ? | partenaire afriland,"Afriland est référencé dans le périmètre GIMACPAY, avec le rôle suivant : Interopérabilité.",Afriland — Interopérabilité. | Partner type: Opérateur/banque | Role: Interopérabilité | Scope: GIMACPAY,,,,,,,,,,"GIMACPAY, Afriland, consulter_partenaires, Interopérabilité",fr,https://moovmoney.ga/services/interoperabilite-gimacpay/,Afriland,2026-07-21,0.95,Official public source
KB0407,partner,consulter_partenaires,GIMACPAY,,CCEI Mobile,Quelle est la relation entre CCEI Mobile et ce service Moov Money ?,CCEI Mobile est-il couvert par ce service ? | Quel est le rôle de CCEI Mobile ? | partenaire ccei mobile,"CCEI Mobile est référencé dans le périmètre GIMACPAY, avec le rôle suivant : Interopérabilité.",CCEI Mobile — Interopérabilité. | Partner type: Opérateur/banque | Role: Interopérabilité | Scope: GIMACPAY,,,,,,,,,,"GIMACPAY, CCEI Mobile, consulter_partenaires, Interopérabilité",fr,https://moovmoney.ga/services/interoperabilite-gimacpay/,CCEI Mobile,2026-07-21,0.95,Official public source
KB0408,partner,consulter_partenaires,GIMACPAY,,Moov Tchad,Quelle est la relation entre Moov Tchad et ce service Moov Money ?,Moov Tchad est-il couvert par ce service ? | Quel est le rôle de Moov Tchad ? | partenaire moov tchad,"Moov Tchad est référencé dans le périmètre GIMACPAY, avec le rôle suivant : Interopérabilité.",Moov Tchad — Interopérabilité. | Partner type: Opérateur/banque | Role: Interopérabilité | Scope: GIMACPAY,,,,,,,,,,"GIMACPAY, Moov Tchad, consulter_partenaires, Interopérabilité",fr,https://moovmoney.ga/services/interoperabilite-gimacpay/,Moov Tchad,2026-07-21,0.95,Official public source
KB0409,partner,consulter_partenaires,GIMACPAY,,Airtel Tchad,Quelle est la relation entre Airtel Tchad et ce service Moov Money ?,Airtel Tchad est-il couvert par ce service ? | Quel est le rôle de Airtel Tchad ? | partenaire airtel tchad,"Airtel Tchad est référencé dans le périmètre GIMACPAY, avec le rôle suivant : Interopérabilité.",Airtel Tchad — Interopérabilité. | Partner type: Opérateur/banque | Role: Interopérabilité | Scope: GIMACPAY,,,,,,,,,,"GIMACPAY, Airtel Tchad, consulter_partenaires, Interopérabilité",fr,https://moovmoney.ga/services/interoperabilite-gimacpay/,Airtel Tchad,2026-07-21,0.95,Official public source
KB0410,partner,consulter_partenaires,GIMACPAY,,Airtel Congo,Quelle est la relation entre Airtel Congo et ce service Moov Money ?,Airtel Congo est-il couvert par ce service ? | Quel est le rôle de Airtel Congo ? | partenaire airtel congo,"Airtel Congo est référencé dans le périmètre GIMACPAY, avec le rôle suivant : Interopérabilité.",Airtel Congo — Interopérabilité. | Partner type: Opérateur/banque | Role: Interopérabilité | Scope: GIMACPAY,,,,,,,,,,"GIMACPAY, Airtel Congo, consulter_partenaires, Interopérabilité",fr,https://moovmoney.ga/services/interoperabilite-gimacpay/,Airtel Congo,2026-07-21,0.95,Official public source
KB0411,partner,consulter_partenaires,GIMACPAY,,MTN MoMo,Quelle est la relation entre MTN MoMo et ce service Moov Money ?,MTN MoMo est-il couvert par ce service ? | Quel est le rôle de MTN MoMo ? | partenaire mtn momo,"MTN MoMo est référencé dans le périmètre GIMACPAY, avec le rôle suivant : Interopérabilité.",MTN MoMo — Interopérabilité. | Partner type: Opérateur/banque | Role: Interopérabilité | Scope: GIMACPAY,,,,,,,,,,"GIMACPAY, MTN MoMo, consulter_partenaires, Interopérabilité",fr,https://moovmoney.ga/services/interoperabilite-gimacpay/,MTN MoMo,2026-07-21,0.95,Official public source
KB0412,partner,consulter_partenaires,GIMACPAY,,BCI Congo,Quelle est la relation entre BCI Congo et ce service Moov Money ?,BCI Congo est-il couvert par ce service ? | Quel est le rôle de BCI Congo ? | partenaire bci congo,"BCI Congo est référencé dans le périmètre GIMACPAY, avec le rôle suivant : Interopérabilité.",BCI Congo — Interopérabilité. | Partner type: Opérateur/banque | Role: Interopérabilité | Scope: GIMACPAY,,,,,,,,,,"GIMACPAY, BCI Congo, consulter_partenaires, Interopérabilité",fr,https://moovmoney.ga/services/interoperabilite-gimacpay/,BCI Congo,2026-07-21,0.95,Official public source
KB0413,partner,consulter_partenaires,GIMACPAY,,BGFI Congo,Quelle est la relation entre BGFI Congo et ce service Moov Money ?,BGFI Congo est-il couvert par ce service ? | Quel est le rôle de BGFI Congo ? | partenaire bgfi congo,"BGFI Congo est référencé dans le périmètre GIMACPAY, avec le rôle suivant : Interopérabilité.",BGFI Congo — Interopérabilité. | Partner type: Opérateur/banque | Role: Interopérabilité | Scope: GIMACPAY,,,,,,,,,,"GIMACPAY, BGFI Congo, consulter_partenaires, Interopérabilité",fr,https://moovmoney.ga/services/interoperabilite-gimacpay/,BGFI Congo,2026-07-21,0.95,Official public source
KB0414,partner,consulter_partenaires,Rémittence,,TERRAPAY,Quelle est la relation entre TERRAPAY et ce service Moov Money ?,TERRAPAY est-il couvert par ce service ? | Quel est le rôle de TERRAPAY ? | partenaire terrapay,"TERRAPAY est référencé dans le périmètre Rémittence, avec le rôle suivant : Réception de fonds.",TERRAPAY — Réception de fonds. | Partner type: Partenaire | Role: Réception de fonds | Scope: Rémittence,,,,,,,,,,"Rémittence, TERRAPAY, consulter_partenaires, Réception de fonds",fr,https://moovmoney.ga/services/remittence-entrante/,TERRAPAY,2026-07-21,0.95,Official public source
KB0415,partner,consulter_partenaires,Rémittence,,WorldRemit via MFSA,Quelle est la relation entre WorldRemit via MFSA et ce service Moov Money ?,WorldRemit via MFSA est-il couvert par ce service ? | Quel est le rôle de WorldRemit via MFSA ? | partenaire worldremit via mfsa,"WorldRemit via MFSA est référencé dans le périmètre Rémittence, avec le rôle suivant : Réception de fonds.",WorldRemit via MFSA — Réception de fonds. | Partner type: Partenaire | Role: Réception de fonds | Scope: Rémittence,,,,,,,,,,"Rémittence, WorldRemit via MFSA, consulter_partenaires, Réception de fonds",fr,https://moovmoney.ga/services/remittence-entrante/,WorldRemit via MFSA,2026-07-21,0.95,Official public source
KB0416,partner,consulter_partenaires,Rémittence,,Mama Money via MFSA,Quelle est la relation entre Mama Money via MFSA et ce service Moov Money ?,Mama Money via MFSA est-il couvert par ce service ? | Quel est le rôle de Mama Money via MFSA ? | partenaire mama money via mfsa,"Mama Money via MFSA est référencé dans le périmètre Rémittence, avec le rôle suivant : Réception de fonds.",Mama Money via MFSA — Réception de fonds. | Partner type: Partenaire | Role: Réception de fonds | Scope: Rémittence,,,,,,,,,,"Rémittence, Mama Money via MFSA, consulter_partenaires, Réception de fonds",fr,https://moovmoney.ga/services/remittence-entrante/,Mama Money via MFSA,2026-07-21,0.95,Official public source
KB0417,partner,consulter_partenaires,Rémittence,,Paysend via MFSA,Quelle est la relation entre Paysend via MFSA et ce service Moov Money ?,Paysend via MFSA est-il couvert par ce service ? | Quel est le rôle de Paysend via MFSA ? | partenaire paysend via mfsa,"Paysend via MFSA est référencé dans le périmètre Rémittence, avec le rôle suivant : Réception de fonds.",Paysend via MFSA — Réception de fonds. | Partner type: Partenaire | Role: Réception de fonds | Scope: Rémittence,,,,,,,,,,"Rémittence, Paysend via MFSA, consulter_partenaires, Réception de fonds",fr,https://moovmoney.ga/services/remittence-entrante/,Paysend via MFSA,2026-07-21,0.95,Official public source
KB0418,partner,consulter_partenaires,Rémittence,,Transfer Galaxy via MFSA,Quelle est la relation entre Transfer Galaxy via MFSA et ce service Moov Money ?,Transfer Galaxy via MFSA est-il couvert par ce service ? | Quel est le rôle de Transfer Galaxy via MFSA ? | partenaire transfer galaxy via mfsa,"Transfer Galaxy via MFSA est référencé dans le périmètre Rémittence, avec le rôle suivant : Réception de fonds.",Transfer Galaxy via MFSA — Réception de fonds. | Partner type: Partenaire | Role: Réception de fonds | Scope: Rémittence,,,,,,,,,,"Rémittence, Transfer Galaxy via MFSA, consulter_partenaires, Réception de fonds",fr,https://moovmoney.ga/services/remittence-entrante/,Transfer Galaxy via MFSA,2026-07-21,0.95,Official public source
KB0419,partner,consulter_partenaires,Rémittence,,PayPal Xoom via MFSA,Quelle est la relation entre PayPal Xoom via MFSA et ce service Moov Money ?,PayPal Xoom via MFSA est-il couvert par ce service ? | Quel est le rôle de PayPal Xoom via MFSA ? | partenaire paypal xoom via mfsa,"PayPal Xoom via MFSA est référencé dans le périmètre Rémittence, avec le rôle suivant : Réception de fonds.",PayPal Xoom via MFSA — Réception de fonds. | Partner type: Partenaire | Role: Réception de fonds | Scope: Rémittence,,,,,,,,,,"Rémittence, PayPal Xoom via MFSA, consulter_partenaires, Réception de fonds",fr,https://moovmoney.ga/services/remittence-entrante/,PayPal Xoom via MFSA,2026-07-21,0.95,Official public source
KB0420,partner,consulter_partenaires,Rémittence,,MoneyGram via MFSA,Quelle est la relation entre MoneyGram via MFSA et ce service Moov Money ?,MoneyGram via MFSA est-il couvert par ce service ? | Quel est le rôle de MoneyGram via MFSA ? | partenaire moneygram via mfsa,"MoneyGram via MFSA est référencé dans le périmètre Rémittence, avec le rôle suivant : Réception de fonds.",MoneyGram via MFSA — Réception de fonds. | Partner type: Partenaire | Role: Réception de fonds | Scope: Rémittence,,,,,,,,,,"Rémittence, MoneyGram via MFSA, consulter_partenaires, Réception de fonds",fr,https://moovmoney.ga/services/remittence-entrante/,MoneyGram via MFSA,2026-07-21,0.95,Official public source
KB0421,partner,consulter_partenaires,Rémittence,,Transfast via MFSA,Quelle est la relation entre Transfast via MFSA et ce service Moov Money ?,Transfast via MFSA est-il couvert par ce service ? | Quel est le rôle de Transfast via MFSA ? | partenaire transfast via mfsa,"Transfast via MFSA est référencé dans le périmètre Rémittence, avec le rôle suivant : Réception de fonds.",Transfast via MFSA — Réception de fonds. | Partner type: Partenaire | Role: Réception de fonds | Scope: Rémittence,,,,,,,,,,"Rémittence, Transfast via MFSA, consulter_partenaires, Réception de fonds",fr,https://moovmoney.ga/services/remittence-entrante/,Transfast via MFSA,2026-07-21,0.95,Official public source
KB0422,partner,consulter_partenaires,Rémittence,,Zeepay via MFSA,Quelle est la relation entre Zeepay via MFSA et ce service Moov Money ?,Zeepay via MFSA est-il couvert par ce service ? | Quel est le rôle de Zeepay via MFSA ? | partenaire zeepay via mfsa,"Zeepay via MFSA est référencé dans le périmètre Rémittence, avec le rôle suivant : Réception de fonds.",Zeepay via MFSA — Réception de fonds. | Partner type: Partenaire | Role: Réception de fonds | Scope: Rémittence,,,,,,,,,,"Rémittence, Zeepay via MFSA, consulter_partenaires, Réception de fonds",fr,https://moovmoney.ga/services/remittence-entrante/,Zeepay via MFSA,2026-07-21,0.95,Official public source
KB0423,partner,consulter_partenaires,Rémittence,,BelMoney via MFSA,Quelle est la relation entre BelMoney via MFSA et ce service Moov Money ?,BelMoney via MFSA est-il couvert par ce service ? | Quel est le rôle de BelMoney via MFSA ? | partenaire belmoney via mfsa,"BelMoney via MFSA est référencé dans le périmètre Rémittence, avec le rôle suivant : Réception de fonds.",BelMoney via MFSA — Réception de fonds. | Partner type: Partenaire | Role: Réception de fonds | Scope: Rémittence,,,,,,,,,,"Rémittence, BelMoney via MFSA, consulter_partenaires, Réception de fonds",fr,https://moovmoney.ga/services/remittence-entrante/,BelMoney via MFSA,2026-07-21,0.95,Official public source
KB0424,partner,consulter_partenaires,Rémittence,,Kaymaks via MFSA,Quelle est la relation entre Kaymaks via MFSA et ce service Moov Money ?,Kaymaks via MFSA est-il couvert par ce service ? | Quel est le rôle de Kaymaks via MFSA ? | partenaire kaymaks via mfsa,"Kaymaks via MFSA est référencé dans le périmètre Rémittence, avec le rôle suivant : Réception de fonds.",Kaymaks via MFSA — Réception de fonds. | Partner type: Partenaire | Role: Réception de fonds | Scope: Rémittence,,,,,,,,,,"Rémittence, Kaymaks via MFSA, consulter_partenaires, Réception de fonds",fr,https://moovmoney.ga/services/remittence-entrante/,Kaymaks via MFSA,2026-07-21,0.95,Official public source
KB0425,partner,consulter_partenaires,Services intégrés,,SEEG,Quelle est la relation entre SEEG et ce service Moov Money ?,SEEG est-il couvert par ce service ? | Quel est le rôle de SEEG ? | partenaire seeg,"SEEG est référencé dans le périmètre Services intégrés, avec le rôle suivant : Paiement/service.",SEEG — Paiement/service. | Partner type: Partenaire | Role: Paiement/service | Scope: Services intégrés,,,,,,,,"Never request or disclose a PIN, password, OTP, or biometric data. The user must verify transaction details and confirm only through the secure Moov Money flow.",,"Services intégrés, SEEG, consulter_partenaires, Paiement/service",fr,https://moovmoney.ga/client/,SEEG,2026-07-21,0.95,Official public source
KB0426,partner,payer_gabon_telecom,Services intégrés,,Gabon Telecom,Quelle est la relation entre Gabon Telecom et ce service Moov Money ?,Gabon Telecom est-il couvert par ce service ? | Quel est le rôle de Gabon Telecom ? | partenaire gabon telecom,"Gabon Telecom est référencé dans le périmètre Services intégrés, avec le rôle suivant : Paiement/service.",Gabon Telecom — Paiement/service. | Partner type: Partenaire | Role: Paiement/service | Scope: Services intégrés,,,,,,,,"Never request or disclose a PIN, password, OTP, or biometric data. The user must verify transaction details and confirm only through the secure Moov Money flow.",,"Services intégrés, Gabon Telecom, payer_gabon_telecom, Paiement/service",fr,https://moovmoney.ga/client/,Gabon Telecom,2026-07-21,0.95,Official public source
KB0427,partner,payer_canal,Services intégrés,,Canal+,Quelle est la relation entre Canal+ et ce service Moov Money ?,Canal+ est-il couvert par ce service ? | Quel est le rôle de Canal+ ? | partenaire canal+,"Canal+ est référencé dans le périmètre Services intégrés, avec le rôle suivant : Paiement/service.",Canal+ — Paiement/service. | Partner type: Partenaire | Role: Paiement/service | Scope: Services intégrés,,,,,,,,"Never request or disclose a PIN, password, OTP, or biometric data. The user must verify transaction details and confirm only through the secure Moov Money flow.",,"Services intégrés, Canal+, payer_canal, Paiement/service",fr,https://moovmoney.ga/client/,Canal+,2026-07-21,0.95,Official public source
KB0428,partner,payer_satcon,Services intégrés,,SATCON,Quelle est la relation entre SATCON et ce service Moov Money ?,SATCON est-il couvert par ce service ? | Quel est le rôle de SATCON ? | partenaire satcon,"SATCON est référencé dans le périmètre Services intégrés, avec le rôle suivant : Paiement/service.",SATCON — Paiement/service. | Partner type: Partenaire | Role: Paiement/service | Scope: Services intégrés,,,,,,,,"Never request or disclose a PIN, password, OTP, or biometric data. The user must verify transaction details and confirm only through the secure Moov Money flow.",,"Services intégrés, SATCON, payer_satcon, Paiement/service",fr,https://moovmoney.ga/client/,SATCON,2026-07-21,0.95,Official public source
KB0429,partner,payer_campus_france,Services intégrés,,Campus France,Quelle est la relation entre Campus France et ce service Moov Money ?,Campus France est-il couvert par ce service ? | Quel est le rôle de Campus France ? | partenaire campus france,"Campus France est référencé dans le périmètre Services intégrés, avec le rôle suivant : Paiement/service.",Campus France — Paiement/service. | Partner type: Partenaire | Role: Paiement/service | Scope: Services intégrés,,,,,,,,"Never request or disclose a PIN, password, OTP, or biometric data. The user must verify transaction details and confirm only through the secure Moov Money flow.",,"Services intégrés, Campus France, payer_campus_france, Paiement/service",fr,https://moovmoney.ga/client/,Campus France,2026-07-21,0.95,Official public source
KB0430,partner,consulter_partenaires,Services intégrés,,Université Omar Bongo,Quelle est la relation entre Université Omar Bongo et ce service Moov Money ?,Université Omar Bongo est-il couvert par ce service ? | Quel est le rôle de Université Omar Bongo ? | partenaire universite omar bongo,"Université Omar Bongo est référencé dans le périmètre Services intégrés, avec le rôle suivant : Paiement/service.",Université Omar Bongo — Paiement/service. | Partner type: Partenaire | Role: Paiement/service | Scope: Services intégrés,,,,,,,,"Never request or disclose a PIN, password, OTP, or biometric data. The user must verify transaction details and confirm only through the secure Moov Money flow.",,"Services intégrés, Université Omar Bongo, consulter_partenaires, Paiement/service",fr,https://moovmoney.ga/client/,Université Omar Bongo,2026-07-21,0.95,Official public source
KB0431,partner,consulter_partenaires,Services intégrés,,Total Card,Quelle est la relation entre Total Card et ce service Moov Money ?,Total Card est-il couvert par ce service ? | Quel est le rôle de Total Card ? | partenaire total card,"Total Card est référencé dans le périmètre Services intégrés, avec le rôle suivant : Paiement/service.",Total Card — Paiement/service. | Partner type: Partenaire | Role: Paiement/service | Scope: Services intégrés,,,,,,,,"Never request or disclose a PIN, password, OTP, or biometric data. The user must verify transaction details and confirm only through the secure Moov Money flow.",,"Services intégrés, Total Card, consulter_partenaires, Paiement/service",fr,https://moovmoney.ga/client/,Total Card,2026-07-21,0.95,Official public source
KB0432,partner,consulter_partenaires,Services intégrés,,Gozem,Quelle est la relation entre Gozem et ce service Moov Money ?,Gozem est-il couvert par ce service ? | Quel est le rôle de Gozem ? | partenaire gozem,"Gozem est référencé dans le périmètre Services intégrés, avec le rôle suivant : Paiement/service.",Gozem — Paiement/service. | Partner type: Partenaire | Role: Paiement/service | Scope: Services intégrés,,,,,,,,"Never request or disclose a PIN, password, OTP, or biometric data. The user must verify transaction details and confirm only through the secure Moov Money flow.",,"Services intégrés, Gozem, consulter_partenaires, Paiement/service",fr,https://moovmoney.ga/client/,Gozem,2026-07-21,0.95,Official public source
KB0433,partner,consulter_partenaires,Services intégrés,,ANPI,Quelle est la relation entre ANPI et ce service Moov Money ?,ANPI est-il couvert par ce service ? | Quel est le rôle de ANPI ? | partenaire anpi,"ANPI est référencé dans le périmètre Services intégrés, avec le rôle suivant : Paiement/service.",ANPI — Paiement/service. | Partner type: Partenaire | Role: Paiement/service | Scope: Services intégrés,,,,,,,,"Never request or disclose a PIN, password, OTP, or biometric data. The user must verify transaction details and confirm only through the secure Moov Money flow.",,"Services intégrés, ANPI, consulter_partenaires, Paiement/service",fr,https://moovmoney.ga/client/,ANPI,2026-07-21,0.95,Official public source
KB0434,intent_seed,ouvrir_compte,Compte,,ouvrir_compte,Je veux créer mon compte Moov Money,Je veux créer mon compte Moov Money | ouvrir compte | aide ouvrir compte,Expliquer les parcours en ligne/agence et les prérequis,Je veux créer mon compte Moov Money,,,,,,,,,,"Compte, ouvrir_compte",fr,https://moovmoney.ga/devenir-client/,ouvrir_compte,2026-07-21,0.72,Derived intent seed — validate
KB0435,intent_seed,activer_compte,Compte,,activer_compte,Comment activer mon compte ?,Comment activer mon compte ? | activer compte | aide activer compte,Donner le parcours d’activation et changement du PIN,Comment activer mon compte ?,,,,,,,,,,"Compte, activer_compte",fr,https://moovmoney.ga/devenir-client/,activer_compte,2026-07-21,0.72,Derived intent seed — validate
KB0436,intent_seed,changer_pin,Sécurité,,changer_pin,J’ai reçu un mot de passe temporaire,J’ai reçu un mot de passe temporaire | changer pin | aide changer pin,Guider vers le changement de code sans jamais collecter le PIN,J’ai reçu un mot de passe temporaire,,,,,,,,"Never request or disclose a PIN, password, OTP, or biometric data. The user must verify transaction details and confirm only through the secure Moov Money flow.",,"Sécurité, changer_pin",fr,https://moovmoney.ga/devenir-client/,changer_pin,2026-07-21,0.72,Derived intent seed — validate
KB0437,intent_seed,transfert_national,Transfert,,transfert_national,Envoie 5 000 FCFA à ce numéro,Envoie 5 000 FCFA à ce numéro | transfert national | aide transfert national,Expliquer ou initier le transfert avec confirmation forte,Envoie 5 000 FCFA à ce numéro,,,,,,,,"Never request or disclose a PIN, password, OTP, or biometric data. The user must verify transaction details and confirm only through the secure Moov Money flow.",,"Transfert, transfert_national",fr,https://moovmoney.ga/services/transfert-national/,transfert_national,2026-07-21,0.72,Derived intent seed — validate
KB0438,intent_seed,tarif_transfert,Tarifs,,tarif_transfert,Combien coûte un transfert de 20 000 F ?,Combien coûte un transfert de 20 000 F ? | tarif transfert | aide tarif transfert,Calculer le tarif depuis le barème officiel,Combien coûte un transfert de 20 000 F ?,,,,,,,,"Never request or disclose a PIN, password, OTP, or biometric data. The user must verify transaction details and confirm only through the secure Moov Money flow.",,"Tarifs, tarif_transfert",fr,https://moovmoney.ga/grille-tarifaire-client/,tarif_transfert,2026-07-21,0.72,Derived intent seed — validate
KB0439,intent_seed,annuler_transfert,Réclamation,,annuler_transfert,Je me suis trompé de numéro,Je me suis trompé de numéro | annuler transfert | aide annuler transfert,Expliquer la procédure d’annulation/escalade et les frais publiés,Je me suis trompé de numéro,,,,,,,,"Never request or disclose a PIN, password, OTP, or biometric data. The user must verify transaction details and confirm only through the secure Moov Money flow.",,"Réclamation, annuler_transfert",fr,https://moovmoney.ga/grille-tarifaire-client/,annuler_transfert,2026-07-21,0.72,Derived intent seed — validate
KB0440,intent_seed,depot_argent,Dépôt,,depot_argent,Où puis-je déposer de l’argent ?,Où puis-je déposer de l’argent ? | depot argent | aide depot argent,Expliquer le dépôt chez un agent et demander la localisation,Où puis-je déposer de l’argent ?,,,,,,,,,,"Dépôt, depot_argent",fr,https://moovmoney.ga/services/depot/,depot_argent,2026-07-21,0.72,Derived intent seed — validate
KB0441,intent_seed,retrait_argent,Retrait,,retrait_argent,Je veux retirer 50 000 F,Je veux retirer 50 000 F | retrait argent | aide retrait argent,Donner le parcours et calculer les frais,Je veux retirer 50 000 F,,,,,,,,"Never request or disclose a PIN, password, OTP, or biometric data. The user must verify transaction details and confirm only through the secure Moov Money flow.",,"Retrait, retrait_argent",fr,https://moovmoney.ga/services/retrait/,retrait_argent,2026-07-21,0.72,Derived intent seed — validate
KB0442,intent_seed,tarif_retrait,Tarifs,,tarif_retrait,Quels sont les frais de retrait ?,Quels sont les frais de retrait ? | tarif retrait | aide tarif retrait,Appliquer 3% ou le forfait selon la tranche,Quels sont les frais de retrait ?,,,,,,,,"Never request or disclose a PIN, password, OTP, or biometric data. The user must verify transaction details and confirm only through the secure Moov Money flow.",,"Tarifs, tarif_retrait",fr,https://moovmoney.ga/grille-tarifaire-client/,tarif_retrait,2026-07-21,0.72,Derived intent seed — validate
KB0443,intent_seed,acheter_credit_soi,Télécom,,acheter_credit_soi,Recharge mon numéro de 1 000 F,Recharge mon numéro de 1 000 F | acheter credit soi | aide acheter credit soi,Initier l’achat après confirmation,Recharge mon numéro de 1 000 F,,,,,,,,,,"Télécom, acheter_credit_soi",fr,https://moovmoney.ga/services/recharges/,acheter_credit_soi,2026-07-21,0.72,Derived intent seed — validate
KB0444,intent_seed,acheter_credit_tiers,Télécom,,acheter_credit_tiers,Recharge le numéro de ma mère,Recharge le numéro de ma mère | acheter credit tiers | aide acheter credit tiers,Collecter numéro et montant puis confirmer,Recharge le numéro de ma mère,,,,,,,,,,"Télécom, acheter_credit_tiers",fr,https://moovmoney.ga/services/recharges/,acheter_credit_tiers,2026-07-21,0.72,Derived intent seed — validate
KB0445,intent_seed,acheter_forfait_data,Télécom,,acheter_forfait_data,Je veux un forfait internet de 5 Go,Je veux un forfait internet de 5 Go | acheter forfait data | aide acheter forfait data,Proposer les pass data officiels,Je veux un forfait internet de 5 Go,,,,,,,,,,"Télécom, acheter_forfait_data",fr,https://moovmoney.ga/services/achat-de-forfait/,acheter_forfait_data,2026-07-21,0.72,Derived intent seed — validate
KB0446,intent_seed,acheter_forfait_voix,Télécom,,acheter_forfait_voix,Je veux un pass appels,Je veux un pass appels | acheter forfait voix | aide acheter forfait voix,Proposer les pass voix officiels,Je veux un pass appels,,,,,,,,,,"Télécom, acheter_forfait_voix",fr,https://moovmoney.ga/services/achat-de-forfait/,acheter_forfait_voix,2026-07-21,0.72,Derived intent seed — validate
KB0447,intent_seed,payer_seeg,Factures,,payer_seeg,Paie ma facture SEEG,Paie ma facture SEEG | payer seeg | aide payer seeg,Guider ou initier avec référence et confirmation,Paie ma facture SEEG,,,,,,,,,,"Factures, payer_seeg",fr,https://moovmoney.ga/services/paiement-seeg-et-edan/,payer_seeg,2026-07-21,0.72,Derived intent seed — validate
KB0448,intent_seed,acheter_mobiledan,Factures,,acheter_mobiledan,Je veux acheter des unités EDAN,Je veux acheter des unités EDAN | acheter mobiledan | aide acheter mobiledan,Guider vers MobileDan,Je veux acheter des unités EDAN,,,,,,,,,,"Factures, acheter_mobiledan",fr,https://moovmoney.ga/services/paiement-seeg-et-edan/,acheter_mobiledan,2026-07-21,0.72,Derived intent seed — validate
KB0449,intent_seed,payer_gabon_telecom,Factures,,payer_gabon_telecom,Je veux payer ma fibre,Je veux payer ma fibre | payer gabon telecom | aide payer gabon telecom,Choisir ADSL/DUO/Fibre et collecter la référence,Je veux payer ma fibre,,,,,,,,,,"Factures, payer_gabon_telecom",fr,https://moovmoney.ga/services/facture-gabon-telecom/,payer_gabon_telecom,2026-07-21,0.72,Derived intent seed — validate
KB0450,intent_seed,payer_canal_plus,TV,,payer_canal_plus,Renouvelle mon abonnement Canal+,Renouvelle mon abonnement Canal+ | payer canal plus | aide payer canal plus,Collecter la carte/abonné et confirmer,Renouvelle mon abonnement Canal+,,,,,,,,,,"TV, payer_canal_plus",fr,https://moovmoney.ga/services/canal-et-satcon/,payer_canal_plus,2026-07-21,0.72,Derived intent seed — validate
KB0451,intent_seed,payer_satcon,TV,,payer_satcon,Je veux payer SATCON,Je veux payer SATCON | payer satcon | aide payer satcon,Collecter les informations d’abonnement et confirmer,Je veux payer SATCON,,,,,,,,,,"TV, payer_satcon",fr,https://moovmoney.ga/services/canal-et-satcon/,payer_satcon,2026-07-21,0.72,Derived intent seed — validate
KB0452,intent_seed,payer_campus_france,Éducation,,payer_campus_france,Je dois payer Campus France,Je dois payer Campus France | payer campus france | aide payer campus france,"Expliquer montant, délai et divergence de frais",Je dois payer Campus France,,,,,,,,,,"Éducation, payer_campus_france",fr,https://moovmoney.ga/services/campus-france/,payer_campus_france,2026-07-21,0.72,Derived intent seed — validate
KB0453,intent_seed,paiement_online,E-commerce,,paiement_online,Comment payer sur un site avec Moov Money ?,Comment payer sur un site avec Moov Money ? | paiement online | aide paiement online,Décrire le checkout et la confirmation PIN,Comment payer sur un site avec Moov Money ?,,,,,,,,"Never request or disclose a PIN, password, OTP, or biometric data. The user must verify transaction details and confirm only through the secure Moov Money flow.",,"E-commerce, paiement_online",fr,https://moovmoney.ga/moov-money-online-client/,paiement_online,2026-07-21,0.72,Derived intent seed — validate
KB0454,intent_seed,paiement_refuse,Paiement,,paiement_refuse,Mon paiement a été refusé,Mon paiement a été refusé | paiement refuse | aide paiement refuse,Vérifier causes simples puis escalader avec contexte,Mon paiement a été refusé,,,,,,,,"Never request or disclose a PIN, password, OTP, or biometric data. The user must verify transaction details and confirm only through the secure Moov Money flow.","Escalate when the information is contradictory, the account must be verified, or the issue involves fraud, a blocked account, or an unrecognized transaction.","Paiement, paiement_refuse",fr,https://moovmoney.ga/moov-money-online-client/,paiement_refuse,2026-07-21,0.72,Derived intent seed — validate
KB0455,intent_seed,paiement_payxpress,Paiement,,paiement_payxpress,Le marchand m’envoie une demande PayXpress,Le marchand m’envoie une demande PayXpress | paiement payxpress | aide paiement payxpress,Expliquer la validation sans code USSD,Le marchand m’envoie une demande PayXpress,,,,,,,,"Never request or disclose a PIN, password, OTP, or biometric data. The user must verify transaction details and confirm only through the secure Moov Money flow.",,"Paiement, paiement_payxpress",fr,https://moovmoney.ga/payxpress-client/,paiement_payxpress,2026-07-21,0.72,Derived intent seed — validate
KB0456,intent_seed,payer_marchand,Paiement,,payer_marchand,Je veux payer ce marchand,Je veux payer ce marchand | payer marchand | aide payer marchand,Collecter le code marchand et le montant,Je veux payer ce marchand,,,,,,,,,,"Paiement, payer_marchand",fr,https://moovmoney.ga/marchand/standards-et-partenaires/,payer_marchand,2026-07-21,0.72,Derived intent seed — validate
KB0457,intent_seed,transfert_cemac,International,,transfert_cemac,Envoie 5 000 F au Cameroun,Envoie 5 000 F au Cameroun | transfert cemac | aide transfert cemac,"Choisir pays, opérateur, numéro et confirmation forte",Envoie 5 000 F au Cameroun,,,,,,,,"Never request or disclose a PIN, password, OTP, or biometric data. The user must verify transaction details and confirm only through the secure Moov Money flow.",,"International, transfert_cemac",fr,https://moovmoney.ga/services/transfert-international/,transfert_cemac,2026-07-21,0.72,Derived intent seed — validate
KB0458,intent_seed,pays_gimac,International,,pays_gimac,Dans quels pays GIMACPAY fonctionne ?,Dans quels pays GIMACPAY fonctionne ? | pays gimac | aide pays gimac,Lister les six pays publiés,Dans quels pays GIMACPAY fonctionne ?,,,,,,,,,,"International, pays_gimac",fr,https://moovmoney.ga/services/interoperabilite-gimacpay/,pays_gimac,2026-07-21,0.72,Derived intent seed — validate
KB0459,intent_seed,recevoir_remittance,International,,recevoir_remittance,Comment recevoir de l’argent de l’étranger ?,Comment recevoir de l’argent de l’étranger ? | recevoir remittance | aide recevoir remittance,Expliquer la réception automatique via partenaires,Comment recevoir de l’argent de l’étranger ?,,,,,,,,,,"International, recevoir_remittance",fr,https://moovmoney.ga/services/remittence-entrante/,recevoir_remittance,2026-07-21,0.72,Derived intent seed — validate
KB0460,intent_seed,partenaires_remittance,International,,partenaires_remittance,Quels partenaires peuvent m’envoyer de l’argent ?,Quels partenaires peuvent m’envoyer de l’argent ? | partenaires remittance | aide partenaires remittance,Lister les partenaires publiés,Quels partenaires peuvent m’envoyer de l’argent ?,,,,,,,,,,"International, partenaires_remittance",fr,https://moovmoney.ga/services/remittence-entrante/,partenaires_remittance,2026-07-21,0.72,Derived intent seed — validate
KB0461,intent_seed,lier_uba,Banking,,lier_uba,Je veux relier mon compte UBA,Je veux relier mon compte UBA | lier uba | aide lier uba,Expliquer les prérequis et l’enrôlement,Je veux relier mon compte UBA,,,,,,,,,,"Banking, lier_uba",fr,https://moovmoney.ga/moov-money-uba/,lier_uba,2026-07-21,0.72,Derived intent seed — validate
KB0462,intent_seed,transfert_uba_entrant,Banking,,transfert_uba_entrant,Transfère de mon compte UBA vers Moov Money,Transfère de mon compte UBA vers Moov Money | transfert uba entrant | aide transfert uba entrant,Initier après rattachement et confirmation,Transfère de mon compte UBA vers Moov Money,,,,,,,,"Never request or disclose a PIN, password, OTP, or biometric data. The user must verify transaction details and confirm only through the secure Moov Money flow.",,"Banking, transfert_uba_entrant",fr,https://moovmoney.ga/moov-money-uba/,transfert_uba_entrant,2026-07-21,0.72,Derived intent seed — validate
KB0463,intent_seed,transfert_uba_sortant,Banking,,transfert_uba_sortant,Mets mon argent Moov Money sur UBA,Mets mon argent Moov Money sur UBA | transfert uba sortant | aide transfert uba sortant,Initier après rattachement et confirmation,Mets mon argent Moov Money sur UBA,,,,,,,,"Never request or disclose a PIN, password, OTP, or biometric data. The user must verify transaction details and confirm only through the secure Moov Money flow.",,"Banking, transfert_uba_sortant",fr,https://moovmoney.ga/moov-money-uba/,transfert_uba_sortant,2026-07-21,0.72,Derived intent seed — validate
KB0464,intent_seed,consulter_solde_uba,Banking,,consulter_solde_uba,Quel est mon solde UBA ?,Quel est mon solde UBA ? | consulter solde uba | aide consulter solde uba,Authentifier puis interroger l’API bancaire,Quel est mon solde UBA ?,,,,,,,,,,"Banking, consulter_solde_uba",fr,https://moovmoney.ga/moov-money-uba/,consulter_solde_uba,2026-07-21,0.72,Derived intent seed — validate
KB0465,intent_seed,carte_visa_info,Carte Visa,,carte_visa_info,Comment fonctionne la carte Visa Moov Money ?,Comment fonctionne la carte Visa Moov Money ? | carte visa info | aide carte visa info,"Présenter usages, prérequis et tarifs",Comment fonctionne la carte Visa Moov Money ?,,,,,,,,"Never request or disclose a PIN, password, OTP, or biometric data. The user must verify transaction details and confirm only through the secure Moov Money flow.",,"Carte Visa, carte_visa_info",fr,https://moovmoney.ga/carte-visa-uba-moov-money/,carte_visa_info,2026-07-21,0.72,Derived intent seed — validate
KB0466,intent_seed,recharger_carte_visa,Carte Visa,,recharger_carte_visa,Recharge ma carte Visa,Recharge ma carte Visa | recharger carte visa | aide recharger carte visa,Initier wallet vers carte avec confirmation,Recharge ma carte Visa,,,,,,,,"Never request or disclose a PIN, password, OTP, or biometric data. The user must verify transaction details and confirm only through the secure Moov Money flow.",,"Carte Visa, recharger_carte_visa",fr,https://moovmoney.ga/carte-visa-uba-moov-money/,recharger_carte_visa,2026-07-21,0.72,Derived intent seed — validate
KB0467,intent_seed,retrait_bgfi,Banking,,retrait_bgfi,Je veux retirer sans carte chez BGFI,Je veux retirer sans carte chez BGFI | retrait bgfi | aide retrait bgfi,Guider le parcours et calculer les frais,Je veux retirer sans carte chez BGFI,,,,,,,,"Never request or disclose a PIN, password, OTP, or biometric data. The user must verify transaction details and confirm only through the secure Moov Money flow.",,"Banking, retrait_bgfi",fr,https://moovmoney.ga/moov-money-banking/,retrait_bgfi,2026-07-21,0.72,Derived intent seed — validate
KB0468,intent_seed,devenir_marchand,Marchand,,devenir_marchand,Je veux accepter Moov Money dans mon commerce,Je veux accepter Moov Money dans mon commerce | devenir marchand | aide devenir marchand,"Orienter vers le parcours standard, Online ou PayXpress",Je veux accepter Moov Money dans mon commerce,,,,,,,,,,"Marchand, devenir_marchand",fr,https://moovmoney.ga/devenir-marchand/,devenir_marchand,2026-07-21,0.72,Derived intent seed — validate
KB0469,intent_seed,integrer_api_online,Marchand,,integrer_api_online,Je veux intégrer Moov Money à mon site,Je veux intégrer Moov Money à mon site | integrer api online | aide integrer api online,"Présenter dossier, contrat et intégration technique",Je veux intégrer Moov Money à mon site,,,,,,,,,,"Marchand, integrer_api_online",fr,https://moovmoney.ga/marchand/moov-money-online-marchand/,integrer_api_online,2026-07-21,0.72,Derived intent seed — validate
KB0470,intent_seed,devenir_revendeur,Revendeur,,devenir_revendeur,Comment devenir revendeur ?,Comment devenir revendeur ? | devenir revendeur | aide devenir revendeur,Lister documents et parcours,Comment devenir revendeur ?,,,,,,,,,,"Revendeur, devenir_revendeur",fr,https://moovmoney.ga/devenir-revendeur/,devenir_revendeur,2026-07-21,0.72,Derived intent seed — validate
KB0471,intent_seed,devenir_revendeur_plus,Revendeur,,devenir_revendeur_plus,Je veux devenir Revendeur Plus,Je veux devenir Revendeur Plus | devenir revendeur plus | aide devenir revendeur plus,Vérifier éligibilité et fournir le contact spécialisé,Je veux devenir Revendeur Plus,,,,,,,,,,"Revendeur, devenir_revendeur_plus",fr,https://moovmoney.ga/services/devenir-revendeur-plus/,devenir_revendeur_plus,2026-07-21,0.72,Derived intent seed — validate
KB0472,intent_seed,approvisionner_revendeur,Revendeur,,approvisionner_revendeur,Comment recharger mes UV chez BGFI ?,Comment recharger mes UV chez BGFI ? | approvisionner revendeur | aide approvisionner revendeur,Donner le parcours réservé aux revendeurs sans exposer d’informations sensibles inutilement,Comment recharger mes UV chez BGFI ?,,,,,,,,,,"Revendeur, approvisionner_revendeur",fr,https://moovmoney.ga/services/approvisionnement-via-les-agences-bgfi/,approvisionner_revendeur,2026-07-21,0.72,Derived intent seed — validate
KB0473,intent_seed,plafond_compte,Plafonds,,plafond_compte,Quel est le plafond de mon compte ?,Quel est le plafond de mon compte ? | plafond compte | aide plafond compte,Répondre avec le plafond concerné et sa période,Quel est le plafond de mon compte ?,,,,,,,,,,"Plafonds, plafond_compte",fr,https://moovmoney.ga/grille-tarifaire-client/,plafond_compte,2026-07-21,0.72,Derived intent seed — validate
KB0474,intent_seed,contacter_support,Support,,contacter_support,Je veux parler à un conseiller,Je veux parler à un conseiller | contacter support | aide contacter support,Fournir les contacts et proposer l’escalade humaine,Je veux parler à un conseiller,,,,,,,,,"Escalate when the information is contradictory, the account must be verified, or the issue involves fraud, a blocked account, or an unrecognized transaction.","Support, contacter_support",fr,https://moovmoney.ga/contact/,contacter_support,2026-07-21,0.72,Derived intent seed — validate
KB0475,intent_seed,trouver_point_vente,Localisation,,trouver_point_vente,Où est le revendeur le plus proche ?,Où est le revendeur le plus proche ? | trouver point vente | aide trouver point vente,Utiliser une API/CSV de points de vente non disponible dans le HTML,Où est le revendeur le plus proche ?,,,,,,,,,,"Localisation, trouver_point_vente",fr,https://moovmoney.ga/devenir-marchand/,trouver_point_vente,2026-07-21,0.72,Derived intent seed — validate
